entity_id,entity_type,transaction_date,order_amount,invoice_amount,payment_due_date,actual_payment_date,payment_delay_days,historical_average_delay,current_cash,outstanding_receivables,upcoming_payables,order_frequency_per_month,region,season_index,label_delay_days
30,BUYER,2026-05-27,53414.38,52929.38,2026-06-03,2026-06-04,1,8.54,163333.08,359589.03,219792.51,9.16,Telangana,0.982,1
23,SUPPLIER,2026-06-18,46589.18,45683.28,2026-06-25,2026-06-24,-1,0.0,85547.72,121737.79,156233.62,15.4,Karnataka,0.848,-1
2,SUPPLIER,2026-03-08,34479.27,35381.57,2026-03-23,2026-03-24,1,3.59,460010.38,273190.13,37579.13,3.75,Kerala,0.528,1
9,SUPPLIER,2026-01-06,31018.44,30184.07,2026-01-21,2026-01-22,1,4.74,94565.03,86911.28,150040.75,19.57,Delhi,0.516,1
38,SUPPLIER,2026-04-10,25457.95,25302.92,2026-04-25,,1,1.75,265801.11,131206.28,81821.54,2.82,Maharashtra,0.891,1
18,SUPPLIER,2026-04-15,54191.67,54178.79,2026-04-30,2026-05-04,4,0.67,204094.06,250787.31,191502.64,11.86,Gujarat,0.805,4
26,SUPPLIER,2026-02-22,45009.58,43905.6,2026-03-09,2026-03-09,0,6.33,362284.21,320764.5,101258.07,11.89,Delhi,0.323,0
11,SUPPLIER,2026-04-23,72516.92,70702.07,2026-05-08,2026-05-06,-2,0.05,537191.68,534020.37,117546.5,2.78,Andhra Pradesh,0.831,-2
38,SUPPLIER,2026-04-19,24529.2,24937.76,2026-05-04,2026-05-04,0,1.87,307772.71,83187.84,123740.77,8.78,Maharashtra,0.996,0
30,BUYER,2026-05-13,32220.61,31424.91,2026-05-28,2026-05-27,-1,3.71,171222.24,209461.8,175568.96,16.12,Telangana,0.877,-1
32,SUPPLIER,2026-04-06,114092.28,111849.13,2026-04-13,2026-04-12,-1,6.25,111696.11,169794.13,69834.62,5.04,Kerala,0.712,-1
18,SUPPLIER,2026-01-17,15306.69,15041.68,2026-01-24,2026-01-23,-1,0.33,234891.73,66051.58,17113.57,14.22,Gujarat,0.348,-1
18,SUPPLIER,2026-03-20,9642.62,9838.51,2026-03-27,2026-03-26,-1,3.93,185232.79,59432.34,35355.88,14.8,Gujarat,0.687,-1
18,SUPPLIER,2026-02-09,49300.3,49955.79,2026-02-16,2026-02-15,-1,0.8,237920.24,81654.52,77361.13,16.39,Gujarat,0.613,-1
13,BUYER,2026-04-07,56359.34,55152.56,2026-04-14,2026-04-18,4,13.92,146749.9,55373.08,186049.6,10.89,Maharashtra,0.914,4
7,BUYER,2026-05-17,7195.55,7162.79,2026-06-01,2026-06-29,28,2.48,335980.29,49901.68,14135.47,4.04,Maharashtra,0.98,28
16,BUYER,2026-03-04,30013.64,30185.41,2026-03-11,2026-03-10,-1,7.38,160195.5,57204.5,42432.52,5.78,Maharashtra,0.6,-1
16,BUYER,2026-05-22,21072.55,20811.02,2026-06-21,2026-06-21,0,4.64,155739.59,64205.53,40206.05,18.07,Maharashtra,0.704,0
12,BUYER,2026-04-10,18309.71,18205.62,2026-04-25,2026-04-23,-2,4.48,298006.17,45986.95,36612.07,3.92,Karnataka,0.916,-2
34,BUYER,2026-03-02,51939.78,52526.91,2026-03-09,2026-03-09,0,8.72,121747.47,249349.3,118883.69,14.5,Andhra Pradesh,0.399,0
4,BUYER,2026-03-23,72458.14,73086.55,2026-04-07,2026-04-08,1,0.0,283972.81,514152.69,235229.5,12.09,Karnataka,0.446,1
38,SUPPLIER,2026-06-07,13020.25,13295.88,2026-06-22,2026-07-06,14,4.31,236122.23,46876.68,18476.87,2.81,Maharashtra,0.877,14
26,SUPPLIER,2026-06-12,50326.74,49281.64,2026-07-12,,9,6.96,376446.57,242796.47,179362.22,6.03,Delhi,0.767,9
4,BUYER,2026-05-27,23317.2,23832.27,2026-06-03,,-2,2.23,335366.88,28683.7,100801.13,6.3,Karnataka,0.747,-2
1,SUPPLIER,2026-01-17,48907.66,48830.11,2026-01-24,2026-01-22,-2,2.63,143763.38,267752.55,136405.08,17.34,Andhra Pradesh,0.33,-2
10,BUYER,2026-05-04,92085.54,93325.5,2026-05-19,2026-05-17,-2,7.95,245243.86,404758.76,96392.92,12.13,Andhra Pradesh,0.76,-2
28,SUPPLIER,2026-02-10,29929.83,30142.01,2026-02-25,2026-02-24,-1,3.78,225567.6,128783.06,24900.31,2.18,Delhi,0.524,-1
19,BUYER,2026-05-02,28366.46,28075.45,2026-05-17,,1,0.83,355369.14,14525.44,114651.93,2.79,Andhra Pradesh,0.923,1
37,SUPPLIER,2026-01-12,19376.85,19767.49,2026-01-19,2026-01-17,-2,4.89,455146.48,101727.74,49619.31,9.3,Kerala,0.61,-2
35,BUYER,2026-01-28,38369.66,37302.99,2026-02-12,2026-02-12,0,10.44,468715.53,267839.48,55329.93,16.5,Maharashtra,0.566,0
31,SUPPLIER,2026-04-12,26502.89,26809.2,2026-05-12,,23,2.46,84545.31,134819.43,139481.91,14.3,Delhi,0.983,23
8,BUYER,2026-03-29,31345.52,30963.49,2026-04-13,2026-04-16,3,8.3,67511.26,142059.07,116218.03,12.14,Tamil Nadu,0.431,3
13,BUYER,2026-02-20,18377.38,18361.8,2026-02-27,2026-03-01,2,12.41,149327.85,83875.36,41213.04,7.53,Maharashtra,0.414,2
14,SUPPLIER,2026-03-01,49585.65,50095.66,2026-03-31,2026-03-30,-1,7.71,356573.52,346129.83,145963.01,4.75,Karnataka,0.607,-1
27,SUPPLIER,2026-05-16,11787.49,11870.35,2026-05-23,2026-05-22,-1,7.15,225380.79,63966.13,26465.41,14.05,Telangana,0.95,-1
11,SUPPLIER,2026-03-25,52829.61,53221.35,2026-04-01,2026-03-31,-1,3.1,497535.92,24921.11,103053.63,16.08,Andhra Pradesh,0.602,-1
19,BUYER,2026-03-07,22624.33,23245.13,2026-03-22,2026-04-06,15,0.29,407594.61,63645.75,86248.71,12.35,Andhra Pradesh,0.673,15
33,BUYER,2026-04-25,54973.53,53910.67,2026-05-10,2026-05-12,2,4.09,392777.61,84676.82,219727.43,6.19,Karnataka,0.885,2
40,SUPPLIER,2026-01-26,48289.86,49190.04,2026-02-10,2026-02-11,1,1.78,231107.19,60104.98,38575.22,9.06,Kerala,0.644,1
6,BUYER,2026-05-15,33432.27,34001.64,2026-05-22,2026-05-30,8,1.88,208356.52,31270.59,108090.45,3.24,Andhra Pradesh,0.824,8
33,BUYER,2026-06-07,34400.39,34392.23,2026-06-14,2026-06-13,-1,6.77,409777.64,243184.79,60756.57,14.09,Karnataka,0.998,-1
24,SUPPLIER,2026-05-24,46938.49,47816.48,2026-06-08,2026-06-10,2,6.52,208706.18,123646.99,211644.7,17.84,Maharashtra,0.964,2
1,SUPPLIER,2026-02-26,11731.0,11994.43,2026-03-13,2026-03-14,1,0.0,106996.9,68940.4,13188.62,3.87,Andhra Pradesh,0.589,1
33,BUYER,2026-04-17,24069.33,23382.19,2026-05-17,2026-05-22,5,3.16,399585.79,88435.84,127308.89,18.93,Karnataka,0.782,5
11,SUPPLIER,2026-01-21,6205.53,6148.69,2026-02-20,2026-02-18,-2,4.23,544309.39,32207.44,35512.65,13.95,Andhra Pradesh,0.309,-2
36,SUPPLIER,2026-04-22,20258.8,19913.7,2026-04-29,2026-05-27,28,7.48,110947.46,27022.14,49709.83,7.23,Maharashtra,0.959,28
18,SUPPLIER,2026-06-01,68518.76,67599.68,2026-06-08,,-2,0.0,243969.05,289940.57,189539.16,5.53,Gujarat,0.893,-2
24,SUPPLIER,2026-05-06,34449.05,34199.01,2026-06-05,2026-06-07,2,8.52,216718.28,272422.71,187279.79,3.99,Maharashtra,0.801,2
7,BUYER,2026-03-28,25930.8,26500.84,2026-04-04,2026-04-06,2,1.72,311026.84,90618.62,120535.07,3.23,Maharashtra,0.444,2
29,BUYER,2026-01-09,36463.02,35396.27,2026-01-24,2026-02-02,9,0.0,305983.24,23562.04,198504.72,7.4,Andhra Pradesh,0.421,9
10,BUYER,2026-02-07,87110.23,85737.9,2026-02-22,2026-02-22,0,8.46,246844.86,458001.0,497300.56,8.92,Andhra Pradesh,0.342,0
9,SUPPLIER,2026-01-09,44631.54,45479.58,2026-01-16,2026-01-16,0,4.26,76276.92,244406.15,21562.77,12.35,Delhi,0.627,0
11,SUPPLIER,2026-02-10,33475.8,33834.67,2026-02-17,2026-02-16,-1,3.56,484191.99,245451.22,126912.59,2.18,Andhra Pradesh,0.537,-1
14,SUPPLIER,2026-02-26,45376.08,44089.45,2026-03-05,2026-03-04,-1,6.18,326191.05,278959.69,258263.64,13.62,Karnataka,0.51,-1
38,SUPPLIER,2026-01-18,11027.74,10922.13,2026-02-02,2026-02-02,0,1.39,284504.49,69597.42,56823.15,11.97,Maharashtra,0.362,0
9,SUPPLIER,2026-01-05,21082.84,21455.01,2026-01-12,2026-01-10,-2,3.26,107614.92,103409.74,53724.82,10.7,Delhi,0.651,-2
32,SUPPLIER,2026-02-23,128641.61,129756.7,2026-03-25,2026-03-25,0,7.42,123950.47,818573.93,764647.16,15.19,Kerala,0.433,0
38,SUPPLIER,2026-02-03,23795.37,23482.71,2026-03-05,2026-04-04,30,4.87,277198.77,50767.26,95037.43,7.79,Maharashtra,0.672,30
3,BUYER,2026-01-18,55813.18,54348.72,2026-02-17,2026-02-21,4,1.21,145303.03,148053.64,43102.71,6.44,Gujarat,0.302,4
37,SUPPLIER,2026-04-11,17613.75,17612.24,2026-04-18,2026-04-16,-2,6.83,484696.82,10377.18,92187.12,13.42,Kerala,0.96,-2
15,BUYER,2026-02-23,9657.13,9851.52,2026-03-02,2026-03-01,-1,5.33,375468.45,18364.65,29831.18,8.07,Karnataka,0.452,-1
19,BUYER,2026-02-14,26496.94,26334.79,2026-02-21,2026-03-11,18,0.0,451667.38,105697.99,18617.76,10.71,Andhra Pradesh,0.326,18
2,SUPPLIER,2026-06-23,14780.3,15186.4,2026-07-08,2026-07-06,-2,5.22,471376.58,18252.32,31614.19,11.01,Kerala,0.773,-2
26,SUPPLIER,2026-05-21,73225.88,74782.17,2026-06-05,2026-06-03,-2,5.03,439241.72,449674.2,377187.63,16.06,Delhi,0.793,-2
34,BUYER,2026-04-03,8336.39,8414.73,2026-04-10,2026-04-11,1,9.31,112620.13,38683.32,18838.16,18.53,Andhra Pradesh,0.757,1
2,SUPPLIER,2026-06-13,26524.76,26832.9,2026-06-28,2026-06-26,-2,2.79,358432.61,35854.42,124180.2,9.65,Kerala,0.896,-2
17,SUPPLIER,2026-02-01,40992.76,41198.8,2026-03-03,2026-03-01,-2,0.62,179098.32,104288.88,178573.07,6.78,Maharashtra,0.317,-2
5,BUYER,2026-06-12,35298.04,34263.28,2026-06-27,2026-06-25,-2,4.67,127077.54,158839.05,205136.35,14.69,Tamil Nadu,0.991,-2
11,SUPPLIER,2026-05-25,27889.12,28521.62,2026-06-09,2026-06-16,7,3.95,382769.49,81065.2,116600.71,8.41,Andhra Pradesh,0.774,7
28,SUPPLIER,2026-01-22,29220.21,28595.96,2026-02-06,2026-02-14,8,8.16,202844.08,133825.02,116075.4,10.24,Delhi,0.369,8
38,SUPPLIER,2026-02-01,45663.11,45657.74,2026-02-16,2026-02-16,0,1.95,233305.26,296798.3,237370.0,18.02,Maharashtra,0.431,0
35,BUYER,2026-05-14,71990.21,73284.82,2026-05-21,2026-05-24,3,10.11,513729.4,292639.27,235749.34,13.48,Maharashtra,0.96,3
36,SUPPLIER,2026-01-23,52381.59,51051.0,2026-02-22,2026-02-20,-2,3.73,111837.37,331661.77,202376.9,5.89,Maharashtra,0.631,-2
33,BUYER,2026-06-19,18062.65,18476.28,2026-06-26,2026-06-25,-1,4.54,408730.62,32452.43,33977.11,5.81,Karnataka,0.89,-1
6,BUYER,2026-02-27,5238.76,5087.29,2026-03-14,,9,0.39,220077.83,30053.14,24759.14,10.54,Andhra Pradesh,0.328,9
27,SUPPLIER,2026-03-24,94094.6,91666.98,2026-04-08,2026-04-07,-1,7.66,222700.92,269923.98,525353.24,8.65,Telangana,0.543,-1
35,BUYER,2026-01-13,17777.08,17871.48,2026-01-20,2026-01-21,1,10.87,520074.14,105770.38,82086.37,17.51,Maharashtra,0.54,1
2,SUPPLIER,2026-01-05,75567.88,76157.49,2026-02-04,2026-02-05,1,3.42,481334.69,269470.23,305651.52,11.26,Kerala,0.614,1
28,SUPPLIER,2026-05-05,86770.24,89324.82,2026-05-20,,4,8.15,231653.53,166587.88,314765.36,14.73,Delhi,0.833,4
28,SUPPLIER,2026-06-10,7661.29,7711.72,2026-06-25,2026-07-15,20,4.04,208816.25,39369.21,19963.51,9.23,Delhi,0.951,20
6,BUYER,2026-06-06,26242.72,25567.29,2026-06-13,2026-06-21,8,0.0,194971.87,30189.74,34697.62,10.44,Andhra Pradesh,0.769,8
35,BUYER,2026-01-09,22206.1,21794.03,2026-01-16,2026-01-17,1,8.88,533087.52,12652.74,74423.18,15.77,Maharashtra,0.519,1
20,SUPPLIER,2026-04-09,67091.14,67385.9,2026-04-16,2026-04-15,-1,3.59,445212.17,283938.15,214891.0,2.45,Tamil Nadu,0.997,-1
4,BUYER,2026-03-23,42280.84,41445.48,2026-03-30,2026-03-31,1,3.14,333136.75,177357.91,132153.38,13.07,Karnataka,0.382,1
4,BUYER,2026-02-23,25554.4,25429.57,2026-03-02,,-1,2.22,233662.15,133873.64,95607.77,7.29,Karnataka,0.433,-1
21,BUYER,2026-03-14,42783.19,43427.96,2026-03-29,2026-03-29,0,4.82,436210.95,307564.66,234292.76,9.24,Tamil Nadu,0.531,0
8,BUYER,2026-03-02,25644.37,24991.46,2026-03-09,2026-03-16,7,6.55,63139.56,184799.9,122719.2,12.53,Tamil Nadu,0.337,7
7,BUYER,2026-01-14,80302.9,79729.5,2026-02-13,2026-02-11,-2,1.42,330094.83,85033.07,450559.23,7.46,Maharashtra,0.629,-2
30,BUYER,2026-05-22,16675.99,16463.88,2026-06-06,2026-06-06,0,6.57,139883.73,37160.69,56673.85,18.33,Telangana,0.709,0
19,BUYER,2026-04-06,36017.01,37023.5,2026-04-13,2026-04-13,0,3.07,484433.34,121313.47,171439.33,16.5,Andhra Pradesh,0.919,0
28,SUPPLIER,2026-06-22,14881.94,14685.4,2026-06-29,2026-07-20,21,4.17,214634.38,55803.76,10768.09,18.68,Delhi,0.711,21
37,SUPPLIER,2026-05-23,46428.97,46135.28,2026-06-07,2026-06-07,0,10.31,376784.95,63943.5,82024.61,15.68,Kerala,0.748,0
3,BUYER,2026-04-05,44460.13,44667.69,2026-05-05,,7,4.43,138861.23,152140.75,119761.76,10.42,Gujarat,0.787,7
32,SUPPLIER,2026-03-25,8821.13,8702.53,2026-04-09,2026-04-08,-1,5.16,134661.31,23247.29,12573.17,13.26,Kerala,0.391,-1
23,SUPPLIER,2026-05-08,53193.03,54771.0,2026-05-23,2026-06-22,30,1.05,82200.75,251512.41,88413.51,17.08,Karnataka,0.792,30
36,SUPPLIER,2026-02-01,32939.07,33633.06,2026-03-03,2026-03-03,0,3.73,94745.41,163916.42,82938.44,11.88,Maharashtra,0.526,0
19,BUYER,2026-06-20,22253.31,22409.67,2026-07-20,2026-07-20,0,0.0,487182.64,28154.35,69103.15,4.26,Andhra Pradesh,0.759,0
38,SUPPLIER,2026-03-30,135534.18,138243.81,2026-04-06,2026-04-08,2,4.56,258259.67,407507.52,452141.73,14.17,Maharashtra,0.687,2
38,SUPPLIER,2026-06-11,32192.59,32575.42,2026-06-18,,1,3.0,234905.13,38833.01,56569.35,8.55,Maharashtra,0.713,1
15,BUYER,2026-04-11,8956.15,8693.1,2026-05-11,2026-05-09,-2,5.95,534360.73,10795.72,19914.75,8.15,Karnataka,0.745,-2
29,BUYER,2026-06-06,17164.26,17265.2,2026-06-13,2026-06-14,1,1.46,321640.67,44453.74,28054.34,19.14,Andhra Pradesh,0.956,1
29,BUYER,2026-05-21,29766.68,29036.46,2026-05-28,,25,1.97,295919.83,142230.5,13746.04,9.45,Andhra Pradesh,0.902,25
27,SUPPLIER,2026-05-31,20250.25,20531.6,2026-06-07,,2,10.22,237498.84,155495.85,109251.73,3.22,Telangana,0.857,2
5,BUYER,2026-05-17,115779.5,117479.63,2026-05-24,2026-05-23,-1,5.3,104531.09,845570.2,51716.49,9.93,Tamil Nadu,0.759,-1
26,SUPPLIER,2026-06-11,41993.78,41703.35,2026-06-18,2026-06-20,2,4.54,306765.78,281040.92,52906.41,12.61,Delhi,0.878,2
7,BUYER,2026-05-21,48827.09,47975.9,2026-05-28,2026-05-27,-1,5.63,294954.75,315922.68,33691.02,18.77,Maharashtra,0.807,-1
21,BUYER,2026-02-18,29554.36,28861.04,2026-02-25,2026-02-26,1,5.15,434835.1,78488.92,153682.66,16.56,Tamil Nadu,0.427,1
2,SUPPLIER,2026-01-01,42914.76,42851.61,2026-01-31,2026-01-31,0,5.97,385105.17,250117.01,136494.78,11.88,Kerala,0.453,0
38,SUPPLIER,2026-03-19,36012.04,35883.83,2026-04-18,2026-04-16,-2,0.43,239357.59,283296.25,61512.47,11.14,Maharashtra,0.502,-2
15,BUYER,2026-04-20,20822.6,21292.6,2026-05-05,2026-05-05,0,3.6,385448.82,126500.59,91719.32,6.36,Karnataka,0.77,0
26,SUPPLIER,2026-01-09,46212.68,45761.64,2026-02-08,2026-02-08,0,4.56,332553.2,94014.52,28224.65,7.54,Delhi,0.3,0
33,BUYER,2026-02-23,12672.46,12302.34,2026-03-10,2026-03-10,0,5.05,420412.67,45941.52,45959.58,7.2,Karnataka,0.608,0
16,BUYER,2026-03-08,23428.02,24043.8,2026-04-07,2026-04-07,0,6.65,155232.4,22248.82,53712.78,13.26,Maharashtra,0.655,0
24,SUPPLIER,2026-05-10,11896.73,11823.4,2026-05-17,2026-05-15,-2,6.63,202737.98,70873.38,24744.76,12.27,Maharashtra,0.944,-2
6,BUYER,2026-01-17,20276.46,20047.97,2026-02-01,2026-01-31,-1,0.0,256612.25,130442.71,77149.8,16.99,Andhra Pradesh,0.619,-1
34,BUYER,2026-03-28,8075.5,7950.66,2026-04-12,2026-05-07,25,6.21,139328.26,49929.21,39599.07,15.11,Andhra Pradesh,0.636,25
28,SUPPLIER,2026-05-05,43983.81,44562.4,2026-06-04,2026-06-05,1,5.39,199036.7,258226.98,40799.18,6.66,Delhi,0.858,1
1,SUPPLIER,2026-03-28,8783.94,8785.19,2026-04-04,2026-04-12,8,1.12,140416.48,10723.44,33607.21,8.05,Andhra Pradesh,0.595,8
30,BUYER,2026-03-29,53579.13,52715.51,2026-04-05,2026-04-06,1,8.04,166374.86,226277.38,98645.84,17.63,Telangana,0.697,1
40,SUPPLIER,2026-05-21,31178.81,31456.96,2026-06-20,2026-06-21,1,3.04,227401.96,192062.95,129771.79,5.63,Kerala,0.887,1
14,SUPPLIER,2026-03-18,19946.76,20321.44,2026-03-25,2026-03-24,-1,3.74,353370.28,103852.93,111308.08,13.31,Karnataka,0.471,-1
6,BUYER,2026-03-29,15013.48,15088.52,2026-04-28,2026-04-29,1,2.53,232146.19,55224.76,50411.8,9.55,Andhra Pradesh,0.361,1
8,BUYER,2026-02-13,20346.53,20142.33,2026-03-15,2026-04-12,28,5.56,70483.81,37371.27,109878.25,19.79,Tamil Nadu,0.437,28
29,BUYER,2026-04-26,24006.54,23938.59,2026-05-03,2026-05-01,-2,0.61,254206.79,83725.47,143877.45,7.09,Andhra Pradesh,0.988,-2
8,BUYER,2026-02-05,21429.46,21166.42,2026-02-12,2026-02-16,4,5.85,80881.41,141923.79,11619.96,4.4,Tamil Nadu,0.567,4
21,BUYER,2026-05-30,7662.05,7554.83,2026-06-06,2026-06-13,7,6.87,445879.05,46479.95,10244.49,2.86,Tamil Nadu,0.769,7
21,BUYER,2026-05-17,20507.16,20372.94,2026-06-16,2026-06-20,4,4.39,338986.55,20481.64,45823.78,16.4,Tamil Nadu,0.986,4
4,BUYER,2026-01-11,9645.46,9774.06,2026-01-18,2026-01-19,1,2.25,280333.82,29910.33,54504.89,2.49,Karnataka,0.519,1
10,BUYER,2026-01-16,31576.18,31514.15,2026-01-23,,3,8.92,280633.67,161886.78,23509.3,17.62,Andhra Pradesh,0.56,3
17,SUPPLIER,2026-03-25,23066.06,22429.36,2026-04-01,2026-04-02,1,0.91,167074.29,91858.21,129223.15,2.99,Maharashtra,0.631,1
4,BUYER,2026-01-21,47901.57,46536.33,2026-02-05,2026-02-09,4,0.9,301234.89,206701.74,171600.36,12.9,Karnataka,0.506,4
33,BUYER,2026-05-05,50617.54,51567.68,2026-05-20,2026-05-18,-2,7.07,363667.97,305226.04,259899.91,17.02,Karnataka,0.885,-2
12,BUYER,2026-06-27,10717.36,10984.41,2026-07-04,2026-07-26,22,5.1,369937.01,78694.07,19163.8,3.86,Karnataka,0.969,22
17,SUPPLIER,2026-03-14,41227.35,41041.29,2026-03-21,2026-03-19,-2,1.45,153263.22,52154.3,220552.1,14.34,Maharashtra,0.373,-2
39,SUPPLIER,2026-06-26,21151.86,21345.12,2026-07-03,2026-07-04,1,4.3,162907.52,154816.19,41522.76,3.93,Maharashtra,0.879,1
15,BUYER,2026-04-20,17339.49,17321.94,2026-04-27,2026-04-28,1,5.16,480134.42,48598.59,13235.17,4.3,Karnataka,0.883,1
6,BUYER,2026-04-07,46423.29,46669.61,2026-04-14,2026-04-14,0,0.0,243219.53,160202.19,79363.93,13.3,Andhra Pradesh,0.771,0
38,SUPPLIER,2026-01-09,51714.81,50674.0,2026-01-16,2026-01-14,-2,2.66,233295.37,407491.48,210114.69,11.31,Maharashtra,0.671,-2
19,BUYER,2026-06-15,25114.02,25837.7,2026-06-30,,0,2.7,348782.27,130863.65,136478.4,2.57,Andhra Pradesh,0.923,0
30,BUYER,2026-02-27,37064.81,35982.4,2026-03-14,2026-03-12,-2,6.44,162390.42,229229.29,113070.32,14.32,Telangana,0.484,-2
24,SUPPLIER,2026-05-08,39853.97,40817.32,2026-05-23,2026-05-23,0,7.96,182201.01,245684.98,193814.4,6.93,Maharashtra,0.729,0
16,BUYER,2026-03-15,9133.84,8990.72,2026-04-14,2026-04-15,1,6.92,112497.33,30381.0,34377.72,7.53,Maharashtra,0.422,1
4,BUYER,2026-01-17,10720.16,10478.03,2026-01-24,2026-01-25,1,3.1,265713.75,12625.18,16910.98,15.23,Karnataka,0.533,1
1,SUPPLIER,2026-05-22,52626.07,52586.21,2026-06-06,2026-06-09,3,2.94,99182.56,87001.13,19928.15,2.91,Andhra Pradesh,0.984,3
15,BUYER,2026-06-09,19265.2,18844.02,2026-06-16,,9,6.61,517416.39,145111.29,83061.44,13.57,Karnataka,0.909,9
35,BUYER,2026-05-12,19967.54,19452.86,2026-05-19,2026-05-22,3,8.35,432169.45,155559.47,27476.5,11.02,Maharashtra,0.851,3
29,BUYER,2026-01-02,125812.36,126965.27,2026-01-09,2026-01-10,1,2.04,244829.9,833972.88,429107.49,17.19,Andhra Pradesh,0.446,1
40,SUPPLIER,2026-02-21,56340.7,57112.87,2026-02-28,2026-03-01,1,4.04,162948.88,311899.72,242174.33,7.66,Kerala,0.437,1
28,SUPPLIER,2026-04-13,20908.55,20995.4,2026-05-13,2026-05-11,-2,5.55,238341.11,158621.33,87769.13,11.73,Delhi,0.991,-2
2,SUPPLIER,2026-03-27,18603.9,18144.17,2026-04-03,,2,5.43,429330.66,128971.41,79531.65,7.93,Kerala,0.6,2
20,SUPPLIER,2026-05-18,30816.01,31323.83,2026-06-02,2026-06-02,0,6.46,420209.1,135249.57,57022.82,4.07,Tamil Nadu,0.866,0
14,SUPPLIER,2026-03-23,22771.96,22580.39,2026-03-30,2026-03-30,0,7.59,452526.21,38180.97,45071.25,10.86,Karnataka,0.688,0
33,BUYER,2026-01-16,45232.42,45856.0,2026-01-31,2026-02-28,28,6.41,505539.52,91843.85,40192.6,8.47,Karnataka,0.332,28
17,SUPPLIER,2026-03-27,19246.93,18848.34,2026-04-03,,5,0.0,176382.95,10844.38,18281.34,9.56,Maharashtra,0.579,5
30,BUYER,2026-05-01,10001.05,10192.23,2026-05-31,2026-05-29,-2,7.36,135372.81,52386.2,12855.1,5.52,Telangana,0.935,-2
23,SUPPLIER,2026-05-23,111195.74,113630.89,2026-05-30,2026-05-28,-2,0.0,72959.81,128722.48,204639.8,6.52,Karnataka,0.753,-2
7,BUYER,2026-05-18,19776.5,19986.57,2026-06-17,2026-06-21,4,3.6,299624.85,62693.78,97889.76,15.34,Maharashtra,0.869,4
29,BUYER,2026-01-30,9776.69,9761.5,2026-02-06,2026-02-07,1,0.0,302146.85,22133.81,53236.15,13.96,Andhra Pradesh,0.304,1
4,BUYER,2026-01-08,18487.69,18898.14,2026-01-23,2026-01-24,1,2.43,261790.73,111605.09,55761.55,9.74,Karnataka,0.366,1
4,BUYER,2026-05-25,7173.47,7245.14,2026-06-24,,19,3.0,297312.83,48356.96,36437.7,18.84,Karnataka,0.853,19
3,BUYER,2026-04-20,23816.33,23743.24,2026-05-05,2026-05-21,16,0.81,155406.55,173995.86,113831.95,6.08,Gujarat,0.722,16
11,SUPPLIER,2026-03-16,50564.41,51889.18,2026-03-23,2026-03-23,0,6.08,454978.45,339380.58,231766.83,11.19,Andhra Pradesh,0.637,0
2,SUPPLIER,2026-05-05,90847.5,91927.15,2026-05-20,2026-05-30,10,3.79,426957.49,102288.61,517059.21,3.68,Kerala,0.796,10
23,SUPPLIER,2026-04-02,25188.86,24624.32,2026-05-02,2026-05-02,0,0.0,81798.34,21621.47,68336.33,5.58,Karnataka,0.809,0
39,SUPPLIER,2026-04-23,76792.89,76273.08,2026-04-30,2026-05-05,5,1.81,216133.8,160315.48,16985.95,3.82,Maharashtra,0.951,5
7,BUYER,2026-02-19,14316.82,14688.47,2026-02-26,2026-02-24,-2,4.19,329792.66,60573.5,47225.54,11.49,Maharashtra,0.592,-2
11,SUPPLIER,2026-03-29,9254.73,8998.18,2026-04-28,,0,3.2,450435.33,12764.53,24095.62,15.61,Andhra Pradesh,0.493,0
22,SUPPLIER,2026-01-22,21898.54,21607.04,2026-01-29,,9,6.68,72061.33,90354.6,99652.17,14.08,Kerala,0.678,9
8,BUYER,2026-03-14,82870.43,81040.83,2026-03-29,2026-04-22,24,8.39,79917.27,236099.07,403548.82,18.29,Tamil Nadu,0.41,24
27,SUPPLIER,2026-01-05,25093.05,24720.82,2026-01-12,2026-01-16,4,8.67,246861.09,107110.53,30725.87,5.07,Telangana,0.453,4
34,BUYER,2026-06-16,27506.28,28021.88,2026-07-16,2026-07-15,-1,8.19,155601.39,77355.29,95633.2,6.78,Andhra Pradesh,0.974,-1
33,BUYER,2026-06-09,91890.55,92373.99,2026-07-09,,1,6.41,465223.3,222407.21,212213.54,16.43,Karnataka,0.896,1
18,SUPPLIER,2026-02-05,22094.0,21994.35,2026-02-12,2026-02-11,-1,1.55,225321.56,139621.75,78229.18,13.15,Gujarat,0.349,-1
39,SUPPLIER,2026-01-31,21242.91,20726.37,2026-03-02,2026-03-02,0,6.11,226986.68,95822.08,42678.68,2.44,Maharashtra,0.415,0
25,SUPPLIER,2026-01-04,91906.03,89452.74,2026-02-03,2026-02-12,9,7.3,229254.69,323060.81,452659.45,5.89,Andhra Pradesh,0.581,9
2,SUPPLIER,2026-05-20,66428.86,67029.86,2026-06-04,2026-06-07,3,5.51,439280.96,358011.07,14960.3,9.17,Kerala,0.8,3
29,BUYER,2026-01-04,41809.32,41963.54,2026-01-11,2026-01-20,9,0.0,330345.16,259729.3,127612.27,10.89,Andhra Pradesh,0.39,9
17,SUPPLIER,2026-03-30,8229.68,8107.51,2026-04-29,2026-04-27,-2,1.29,169687.57,45210.46,27704.34,13.92,Maharashtra,0.582,-2
36,SUPPLIER,2026-01-17,6319.36,6213.98,2026-02-16,2026-02-15,-1,4.7,117198.55,11940.1,33733.54,10.0,Maharashtra,0.543,-1
10,BUYER,2026-05-17,64327.0,64097.1,2026-06-16,2026-06-18,2,11.08,296054.75,346756.07,26484.75,7.86,Andhra Pradesh,0.925,2
3,BUYER,2026-01-06,52534.73,53142.46,2026-02-05,2026-02-10,5,0.74,135784.67,372208.25,171092.68,15.86,Gujarat,0.437,5
26,SUPPLIER,2026-01-14,44254.71,44772.03,2026-01-29,2026-01-28,-1,5.38,310417.16,122393.33,121709.81,2.29,Delhi,0.436,-1
15,BUYER,2026-04-30,20365.37,19771.19,2026-05-30,,27,5.05,523479.61,145997.26,68272.38,10.02,Karnataka,0.739,27
35,BUYER,2026-05-31,47906.43,47452.09,2026-06-30,2026-06-29,-1,10.61,440348.63,253458.48,211734.25,5.95,Maharashtra,0.707,-1
15,BUYER,2026-02-04,25333.58,25170.0,2026-02-11,2026-02-11,0,3.2,378525.01,111772.7,103987.71,16.65,Karnataka,0.35,0
27,SUPPLIER,2026-02-10,67105.1,66415.69,2026-02-25,2026-03-01,4,8.93,260081.94,229160.3,303165.87,6.04,Telangana,0.649,4
4,BUYER,2026-04-03,94610.01,95813.86,2026-04-10,2026-04-15,5,1.33,258747.19,647347.5,491534.69,18.93,Karnataka,0.724,5
1,SUPPLIER,2026-06-20,41461.27,40313.44,2026-07-20,2026-07-19,-1,1.03,97647.06,98431.23,17831.55,12.77,Andhra Pradesh,0.794,-1
23,SUPPLIER,2026-01-17,32561.74,32295.5,2026-02-01,2026-02-01,0,1.17,64129.55,220266.61,93077.63,14.48,Karnataka,0.403,0
26,SUPPLIER,2026-01-26,44535.81,45083.77,2026-02-10,2026-02-11,1,5.17,399623.41,287504.13,112277.63,19.28,Delhi,0.34,1
31,SUPPLIER,2026-03-11,26832.38,26970.61,2026-04-10,2026-05-03,23,3.78,70524.16,49100.49,76551.48,18.3,Delhi,0.513,23
39,SUPPLIER,2026-03-02,37345.21,36297.28,2026-03-17,2026-03-17,0,1.71,172327.83,99682.74,141809.25,16.23,Maharashtra,0.527,0
28,SUPPLIER,2026-03-26,19398.01,19969.46,2026-04-10,2026-04-09,-1,3.77,225940.54,12863.86,24381.86,8.03,Delhi,0.382,-1
9,SUPPLIER,2026-02-03,37990.42,37073.22,2026-03-05,2026-03-03,-2,0.0,97309.62,164351.16,54240.93,4.26,Delhi,0.44,-2
31,SUPPLIER,2026-03-15,13546.18,13636.8,2026-03-30,2026-03-28,-2,4.27,70070.72,67933.31,47110.79,3.94,Delhi,0.437,-2
39,SUPPLIER,2026-01-19,90602.01,92006.17,2026-02-03,2026-02-04,1,3.04,175423.83,52333.77,66241.08,3.42,Maharashtra,0.547,1
38,SUPPLIER,2026-03-22,20199.87,19935.57,2026-04-06,,6,2.11,314837.43,30102.63,35953.48,4.85,Maharashtra,0.321,6
27,SUPPLIER,2026-04-22,4696.34,4753.85,2026-05-07,2026-05-06,-1,10.14,276387.41,22530.42,13804.44,12.5,Telangana,0.835,-1
2,SUPPLIER,2026-03-03,10140.12,10193.47,2026-03-10,2026-04-03,24,5.9,394387.12,29804.72,55577.33,7.58,Kerala,0.694,24
3,BUYER,2026-01-15,50569.5,50012.74,2026-01-22,2026-01-20,-2,2.89,152013.02,123454.59,107733.43,18.94,Gujarat,0.355,-2
1,SUPPLIER,2026-01-08,77607.41,78445.78,2026-01-23,2026-01-27,4,0.73,122940.33,490959.35,256656.47,2.32,Andhra Pradesh,0.664,4
2,SUPPLIER,2026-05-15,23100.27,22517.02,2026-05-30,2026-05-31,1,3.55,401203.54,184682.64,44466.71,5.58,Kerala,0.794,1
37,SUPPLIER,2026-01-23,31704.91,31681.55,2026-02-07,2026-03-05,26,8.43,376945.16,100059.58,69350.52,10.78,Kerala,0.332,26
2,SUPPLIER,2026-04-08,9163.68,9057.02,2026-05-08,2026-05-12,4,8.07,520826.73,41626.18,15042.42,15.82,Kerala,0.877,4
11,SUPPLIER,2026-05-23,85054.96,84629.31,2026-06-07,2026-06-06,-1,1.54,463558.09,26412.54,405612.19,12.91,Andhra Pradesh,0.793,-1
6,BUYER,2026-06-26,6580.31,6467.69,2026-07-03,2026-07-01,-2,0.83,210923.75,26454.0,38953.47,6.54,Andhra Pradesh,0.785,-2
40,SUPPLIER,2026-05-29,23629.95,23486.13,2026-06-05,2026-06-04,-1,4.06,199837.69,83658.85,134891.94,6.74,Kerala,0.776,-1
14,SUPPLIER,2026-02-14,18739.94,18858.39,2026-02-21,,1,5.85,440194.85,53940.89,57081.21,3.56,Karnataka,0.315,1
39,SUPPLIER,2026-05-29,30826.83,30820.62,2026-06-05,,-1,2.24,241872.73,109395.25,116368.88,9.93,Maharashtra,0.976,-1
33,BUYER,2026-04-05,16182.9,16521.57,2026-04-12,2026-04-13,1,5.01,446972.53,48832.43,23772.41,18.96,Karnataka,0.88,1
3,BUYER,2026-04-14,70501.17,72465.54,2026-04-21,2026-04-20,-1,1.73,120135.43,129178.82,350886.9,16.58,Gujarat,0.794,-1
2,SUPPLIER,2026-04-30,35911.42,36207.57,2026-05-15,2026-05-13,-2,4.06,495716.51,172962.6,61815.46,18.97,Kerala,0.703,-2
4,BUYER,2026-05-27,29155.57,28815.46,2026-06-11,2026-06-09,-2,4.56,242021.31,232572.71,80188.39,12.16,Karnataka,0.815,-2
39,SUPPLIER,2026-03-21,16191.89,16196.15,2026-04-05,2026-04-06,1,2.56,233151.95,99852.13,46853.55,4.37,Maharashtra,0.401,1
21,BUYER,2026-02-11,21329.01,21879.98,2026-02-26,,0,4.6,342608.39,123141.68,104705.53,10.88,Tamil Nadu,0.473,0
18,SUPPLIER,2026-04-15,111633.27,108706.05,2026-05-15,2026-05-13,-2,0.73,222401.11,284102.05,442901.89,16.73,Gujarat,0.935,-2
39,SUPPLIER,2026-06-03,65034.38,65896.32,2026-06-18,2026-07-04,16,4.87,227305.7,471279.3,15947.68,19.17,Maharashtra,0.7,16
2,SUPPLIER,2026-04-16,97910.03,95551.6,2026-05-01,2026-05-07,6,6.02,374072.77,330509.95,18551.53,8.1,Kerala,0.767,6
13,BUYER,2026-02-17,22802.05,22227.15,2026-02-24,2026-02-26,2,12.89,111242.44,155919.11,102864.75,14.99,Maharashtra,0.677,2
22,SUPPLIER,2026-01-27,39114.21,38527.21,2026-02-11,2026-03-07,24,7.13,99229.87,265534.03,50050.18,3.34,Kerala,0.5,24
13,BUYER,2026-06-16,24764.96,24310.27,2026-06-23,2026-06-24,1,14.64,149463.96,158869.02,90571.45,11.56,Maharashtra,0.852,1
31,SUPPLIER,2026-03-30,43568.07,44095.37,2026-04-06,2026-04-07,1,3.08,93786.63,57921.7,219706.16,13.55,Delhi,0.324,1
8,BUYER,2026-01-16,37420.54,36873.28,2026-01-23,2026-02-01,9,5.85,66413.46,207838.25,14222.51,13.94,Tamil Nadu,0.649,9
29,BUYER,2026-06-26,92379.64,92353.69,2026-07-03,2026-07-03,0,0.37,285197.39,687290.71,215719.8,15.25,Andhra Pradesh,0.987,0
8,BUYER,2026-03-16,11425.26,11517.29,2026-03-31,2026-03-31,0,3.22,62018.1,38161.01,30374.11,12.68,Tamil Nadu,0.314,0
16,BUYER,2026-01-02,23399.94,22987.79,2026-01-17,2026-01-17,0,5.96,119212.81,178855.25,62864.53,6.54,Maharashtra,0.441,0
36,SUPPLIER,2026-01-08,15267.16,15636.69,2026-01-15,,1,6.25,107003.49,115268.86,68942.73,17.48,Maharashtra,0.693,1
9,SUPPLIER,2026-05-29,12582.25,12519.1,2026-06-28,,24,3.22,111029.31,53387.44,55786.91,11.2,Delhi,0.996,24
20,SUPPLIER,2026-06-24,61474.07,63197.36,2026-07-01,2026-07-02,1,4.33,479652.71,275958.25,92872.13,17.24,Tamil Nadu,0.818,1
3,BUYER,2026-01-06,88941.01,86971.2,2026-01-21,2026-01-21,0,2.04,128745.04,519720.32,277091.03,17.1,Gujarat,0.407,0
23,SUPPLIER,2026-03-07,60603.04,58947.51,2026-03-22,,-1,0.0,88745.1,138847.87,75492.75,10.58,Karnataka,0.407,-1
21,BUYER,2026-02-26,107578.71,105081.41,2026-03-28,2026-04-03,6,7.44,357549.11,310276.32,414397.2,10.29,Tamil Nadu,0.401,6
27,SUPPLIER,2026-03-27,91400.34,93256.69,2026-04-26,2026-04-25,-1,9.29,254347.94,121420.94,225533.9,10.7,Telangana,0.648,-1
14,SUPPLIER,2026-05-17,8042.55,7907.55,2026-06-16,2026-07-15,29,6.92,467395.82,28667.65,46858.38,9.4,Karnataka,0.923,29
6,BUYER,2026-03-21,37914.9,38912.64,2026-03-28,,0,0.81,196758.69,84356.72,81964.43,13.9,Andhra Pradesh,0.305,0
25,SUPPLIER,2026-01-31,9569.67,9636.3,2026-02-07,2026-02-08,1,5.94,273858.97,24642.58,32723.49,19.16,Andhra Pradesh,0.532,1
22,SUPPLIER,2026-04-30,25095.26,24608.98,2026-05-07,2026-05-05,-2,6.48,91188.25,39024.05,138233.54,2.15,Kerala,0.973,-2
21,BUYER,2026-02-23,49408.92,49488.28,2026-03-02,,2,6.38,324843.58,261901.96,205134.79,6.14,Tamil Nadu,0.403,2
31,SUPPLIER,2026-04-26,25352.0,25212.05,2026-05-03,2026-05-03,0,5.83,86049.23,140187.32,100001.26,8.14,Delhi,0.845,0
10,BUYER,2026-06-21,10782.06,10698.06,2026-06-28,2026-06-29,1,7.24,245834.82,47716.29,36795.52,5.19,Andhra Pradesh,0.968,1
36,SUPPLIER,2026-04-28,28409.92,29005.05,2026-05-28,2026-07-01,34,8.41,104714.54,75450.14,12979.85,4.45,Maharashtra,0.751,34
4,BUYER,2026-03-06,38171.39,37625.74,2026-03-21,2026-03-28,7,2.8,295367.82,238348.5,82864.81,16.39,Karnataka,0.432,7
35,BUYER,2026-05-28,29289.22,29109.89,2026-06-04,2026-06-03,-1,7.74,440973.46,229661.91,24689.61,8.92,Maharashtra,0.835,-1
10,BUYER,2026-02-10,51080.11,52330.66,2026-02-17,2026-02-16,-1,7.49,245873.42,99093.97,219195.51,11.58,Andhra Pradesh,0.663,-1
3,BUYER,2026-03-07,11921.19,11767.17,2026-03-22,,0,2.98,139032.78,65725.79,57338.72,7.71,Gujarat,0.488,0
38,SUPPLIER,2026-04-27,19229.41,19398.32,2026-05-12,2026-05-13,1,3.68,280131.77,80739.82,28102.53,13.66,Maharashtra,0.715,1
8,BUYER,2026-03-21,22645.99,23200.22,2026-03-28,2026-04-16,19,9.57,69653.27,68955.03,97325.34,11.01,Tamil Nadu,0.415,19
17,SUPPLIER,2026-06-24,39688.69,40499.66,2026-07-09,2026-07-16,7,2.79,172019.66,304767.97,177610.51,7.88,Maharashtra,0.763,7
11,SUPPLIER,2026-03-06,44707.11,45676.23,2026-03-13,,0,0.07,549586.83,41154.83,42683.74,12.78,Andhra Pradesh,0.677,0
8,BUYER,2026-06-16,34012.29,33141.0,2026-06-23,2026-06-21,-2,6.37,56972.63,59899.14,192612.95,8.02,Tamil Nadu,0.913,-2
37,SUPPLIER,2026-01-06,111760.53,112696.75,2026-01-21,2026-02-04,14,10.37,382028.23,611303.57,47457.0,8.03,Kerala,0.307,14
21,BUYER,2026-05-08,36732.52,37498.55,2026-05-23,2026-05-22,-1,7.67,365885.91,147687.88,63922.83,5.02,Tamil Nadu,0.98,-1
23,SUPPLIER,2026-01-07,94073.03,94453.95,2026-02-06,2026-02-04,-2,0.0,73975.65,116234.61,522652.21,2.27,Karnataka,0.539,-2
10,BUYER,2026-01-25,17279.91,16964.13,2026-02-01,2026-02-02,1,5.69,286550.82,98967.02,46968.64,11.16,Andhra Pradesh,0.397,1
15,BUYER,2026-05-25,14806.15,15028.71,2026-06-01,,-2,5.91,447711.14,86460.43,27885.77,2.86,Karnataka,0.913,-2
7,BUYER,2026-03-03,65828.57,64850.74,2026-03-10,2026-03-10,0,0.98,331739.84,317497.41,263266.51,11.46,Maharashtra,0.58,0
27,SUPPLIER,2026-06-23,8252.95,8387.62,2026-06-30,2026-07-01,1,10.95,274679.37,40815.15,13839.72,16.38,Telangana,0.821,1
25,SUPPLIER,2026-05-22,17693.22,18152.0,2026-05-29,2026-06-12,14,9.19,282923.37,17298.68,37361.23,11.25,Andhra Pradesh,0.724,14
1,SUPPLIER,2026-02-19,21340.54,21943.59,2026-03-06,2026-03-07,1,4.39,116084.28,27151.51,118978.56,10.66,Andhra Pradesh,0.304,1
39,SUPPLIER,2026-02-11,46622.13,46781.76,2026-03-13,2026-03-13,0,0.63,233544.94,70209.88,50327.38,8.37,Maharashtra,0.426,0
16,BUYER,2026-03-22,10018.83,9749.73,2026-04-21,,3,8.39,147924.12,35042.63,35692.33,17.78,Maharashtra,0.557,3
8,BUYER,2026-04-30,31739.83,32582.34,2026-05-15,2026-05-26,11,8.63,78489.15,192804.04,107319.44,5.03,Tamil Nadu,0.793,11
40,SUPPLIER,2026-06-12,14966.9,15072.9,2026-06-27,,0,1.32,200132.22,59423.65,61605.39,18.29,Kerala,0.818,0
30,BUYER,2026-06-28,25131.45,24404.89,2026-07-13,2026-07-12,-1,5.95,180063.94,65051.42,55612.17,17.32,Telangana,0.951,-1
8,BUYER,2026-04-12,18845.55,18516.22,2026-04-27,2026-04-26,-1,6.38,77085.58,142830.03,81477.92,17.18,Tamil Nadu,0.726,-1
18,SUPPLIER,2026-03-10,46845.27,48013.05,2026-03-25,2026-03-26,1,0.0,228256.92,251155.42,21919.46,4.55,Gujarat,0.391,1
29,BUYER,2026-02-07,7385.42,7323.87,2026-03-09,2026-03-09,0,0.0,323143.57,54260.51,21271.97,14.92,Andhra Pradesh,0.522,0
1,SUPPLIER,2026-02-22,25379.59,25102.35,2026-03-09,2026-03-08,-1,0.0,106449.46,93556.16,38124.13,13.96,Andhra Pradesh,0.592,-1
4,BUYER,2026-02-15,21062.06,21300.72,2026-03-17,2026-03-23,6,4.04,281919.03,34980.84,78696.0,11.05,Karnataka,0.436,6
18,SUPPLIER,2026-02-07,33942.36,33056.74,2026-02-14,2026-02-13,-1,0.0,228056.8,237136.73,84259.17,17.89,Gujarat,0.354,-1
38,SUPPLIER,2026-06-03,18655.38,18206.27,2026-06-10,2026-07-09,29,3.41,265923.48,115526.47,64049.34,18.66,Maharashtra,0.792,29
37,SUPPLIER,2026-03-28,53190.81,51674.78,2026-04-04,2026-04-02,-2,8.07,508191.44,371233.83,83483.35,7.53,Kerala,0.694,-2
24,SUPPLIER,2026-01-29,55565.23,57126.03,2026-02-13,2026-03-17,32,9.47,232861.39,222787.69,46102.59,8.26,Maharashtra,0.355,32
12,BUYER,2026-01-04,23247.5,23450.21,2026-01-19,,-2,3.59,288681.73,91347.68,49052.24,3.84,Karnataka,0.597,-2
13,BUYER,2026-06-27,9555.0,9552.43,2026-07-12,,5,13.81,145963.07,43889.0,21559.41,8.4,Maharashtra,0.707,5
40,SUPPLIER,2026-02-09,23230.65,23675.47,2026-02-16,,1,5.69,178011.52,91604.53,68226.44,10.25,Kerala,0.616,1
30,BUYER,2026-03-01,66007.2,67123.04,2026-03-08,2026-04-05,28,8.43,174384.94,20964.07,139982.93,17.0,Telangana,0.53,28
10,BUYER,2026-04-04,21012.42,21183.93,2026-05-04,2026-05-02,-2,9.34,210110.36,119019.69,57456.33,17.41,Andhra Pradesh,0.999,-2
16,BUYER,2026-03-27,37404.22,36364.42,2026-04-03,2026-04-06,3,8.06,162285.91,260951.95,81328.08,12.5,Maharashtra,0.602,3
30,BUYER,2026-04-10,30640.4,31544.9,2026-04-17,2026-04-17,0,7.13,138346.15,102891.61,40793.65,10.58,Telangana,0.841,0
1,SUPPLIER,2026-04-16,44096.92,44451.54,2026-05-16,2026-05-16,0,1.74,125771.43,159001.16,118563.95,3.76,Andhra Pradesh,0.778,0
35,BUYER,2026-06-21,39574.36,38401.57,2026-07-06,2026-07-04,-2,8.51,471317.09,117320.13,111000.76,13.6,Maharashtra,0.736,-2
1,SUPPLIER,2026-02-03,53539.71,52955.41,2026-02-10,2026-02-18,8,2.85,117814.79,145338.28,276623.19,15.27,Andhra Pradesh,0.341,8
25,SUPPLIER,2026-04-01,155189.13,152003.04,2026-04-08,2026-04-07,-1,7.19,254323.11,771908.43,418811.35,11.84,Andhra Pradesh,0.877,-1
13,BUYER,2026-06-16,63902.53,62311.24,2026-06-23,,0,14.26,134561.61,406753.46,53051.51,18.28,Maharashtra,0.738,0
23,SUPPLIER,2026-03-22,24341.4,25047.17,2026-04-21,2026-04-22,1,0.0,86681.3,148460.95,79367.55,13.71,Karnataka,0.364,1
20,SUPPLIER,2026-04-29,14454.8,14721.54,2026-05-06,2026-05-11,5,4.04,445194.09,88748.4,58660.64,9.93,Tamil Nadu,0.721,5
37,SUPPLIER,2026-05-03,61633.16,63029.66,2026-05-10,2026-05-09,-1,7.65,389475.16,289824.18,218213.89,11.32,Kerala,0.947,-1
26,SUPPLIER,2026-02-16,14848.31,14738.57,2026-03-03,2026-03-02,-1,4.88,347785.9,76798.29,78084.9,6.16,Delhi,0.519,-1
16,BUYER,2026-04-03,84226.57,85028.18,2026-05-03,2026-05-13,10,7.48,125189.34,422453.31,268324.3,14.93,Maharashtra,0.962,10
22,SUPPLIER,2026-02-25,62266.6,63298.26,2026-03-12,2026-03-17,5,8.18,77139.28,283896.25,203983.51,12.72,Kerala,0.619,5
39,SUPPLIER,2026-05-02,21812.94,21976.19,2026-06-01,,-1,0.0,178158.01,61272.99,47205.26,19.18,Maharashtra,0.763,-1
13,BUYER,2026-06-21,42821.62,43671.64,2026-06-28,2026-06-26,-2,11.43,158397.94,126399.71,218869.68,5.6,Maharashtra,0.908,-2
32,SUPPLIER,2026-04-07,20878.24,21034.72,2026-04-14,2026-04-22,8,6.38,120183.52,12476.99,104980.3,11.93,Kerala,0.924,8
31,SUPPLIER,2026-02-26,38125.62,38504.6,2026-03-05,2026-03-03,-2,2.39,86551.11,162697.66,197860.29,9.96,Delhi,0.528,-2
8,BUYER,2026-05-13,42376.36,43132.57,2026-05-28,,2,9.24,65987.97,258959.83,120876.79,8.28,Tamil Nadu,0.934,2
38,SUPPLIER,2026-04-22,66924.49,68679.29,2026-04-29,2026-04-29,0,5.13,232834.11,221855.67,156470.17,6.51,Maharashtra,0.84,0
22,SUPPLIER,2026-01-25,15177.5,15150.2,2026-02-01,2026-02-01,0,8.33,99707.96,43700.97,61475.44,4.06,Kerala,0.593,0
25,SUPPLIER,2026-04-06,76028.01,76182.06,2026-04-21,2026-04-25,4,8.57,251038.82,63665.46,289103.3,10.81,Andhra Pradesh,0.77,4
28,SUPPLIER,2026-03-14,29267.32,29230.48,2026-03-29,2026-03-27,-2,4.04,220915.7,31438.54,37300.92,12.13,Delhi,0.332,-2
34,BUYER,2026-02-12,18123.97,17692.28,2026-02-19,2026-03-05,14,9.66,109933.42,55482.35,84373.82,12.49,Andhra Pradesh,0.338,14
16,BUYER,2026-02-19,18049.37,18023.73,2026-02-26,2026-02-27,1,4.63,134688.54,22420.93,100034.47,13.53,Maharashtra,0.544,1
36,SUPPLIER,2026-04-20,23966.99,24326.52,2026-04-27,2026-04-26,-1,4.71,85075.28,41477.32,17280.18,2.51,Maharashtra,0.812,-1
26,SUPPLIER,2026-05-23,40434.37,40898.6,2026-06-07,2026-06-06,-1,5.71,320874.63,198294.15,124265.19,19.58,Delhi,0.829,-1
2,SUPPLIER,2026-06-21,17150.07,17451.74,2026-07-06,2026-07-06,0,4.79,365553.24,89545.68,49383.95,19.04,Kerala,0.73,0
40,SUPPLIER,2026-02-12,36078.07,36145.76,2026-03-14,2026-04-09,26,3.77,231833.87,156824.85,124292.41,5.08,Kerala,0.47,26
35,BUYER,2026-03-31,36263.93,36378.7,2026-04-30,2026-05-04,4,8.94,516612.12,150005.93,90452.41,4.1,Maharashtra,0.698,4
35,BUYER,2026-03-11,32982.57,33674.06,2026-03-26,2026-03-31,5,11.14,524515.73,96930.18,197556.81,19.52,Maharashtra,0.417,5
32,SUPPLIER,2026-01-19,49283.12,48888.23,2026-01-26,2026-01-27,1,7.33,144493.39,151669.82,12882.82,2.31,Kerala,0.69,1
39,SUPPLIER,2026-01-09,13022.68,13377.08,2026-02-08,2026-02-08,0,1.7,240804.06,58815.66,73205.64,12.09,Maharashtra,0.47,0
14,SUPPLIER,2026-02-19,13231.58,13117.33,2026-02-26,2026-02-25,-1,7.47,478196.9,25730.8,13783.29,18.32,Karnataka,0.343,-1
28,SUPPLIER,2026-01-23,8166.89,8375.09,2026-02-22,,8,4.89,262780.96,47512.28,23781.88,6.74,Delhi,0.451,8
11,SUPPLIER,2026-04-16,36900.55,36754.95,2026-04-23,2026-04-22,-1,5.77,502214.86,226037.29,98620.26,5.95,Andhra Pradesh,0.953,-1
10,BUYER,2026-02-24,8898.4,9114.29,2026-03-03,2026-03-27,24,7.93,246714.18,22834.54,18638.87,3.42,Andhra Pradesh,0.387,24
7,BUYER,2026-02-15,15223.02,15076.12,2026-02-22,2026-02-28,6,0.12,255812.29,66747.01,35668.14,4.18,Maharashtra,0.553,6
20,SUPPLIER,2026-05-16,33742.25,34509.67,2026-05-23,2026-05-21,-2,5.19,503837.82,10346.66,72325.99,4.06,Tamil Nadu,0.787,-2
8,BUYER,2026-02-19,27143.04,27435.38,2026-03-06,2026-03-04,-2,8.18,82063.62,204486.18,129296.63,5.3,Tamil Nadu,0.315,-2
39,SUPPLIER,2026-04-15,41486.14,41782.87,2026-04-30,,0,5.25,174522.58,246010.65,113060.47,3.51,Maharashtra,0.87,0
25,SUPPLIER,2026-06-13,28457.79,27736.67,2026-07-13,2026-07-16,3,8.26,308010.79,57913.88,144443.64,15.58,Andhra Pradesh,0.964,3
24,SUPPLIER,2026-03-11,38724.5,37607.45,2026-03-18,2026-03-27,9,7.07,208723.31,184218.17,127821.49,15.55,Maharashtra,0.696,9
33,BUYER,2026-01-04,45871.85,44755.67,2026-01-11,2026-01-12,1,5.72,469820.95,68621.32,24847.71,6.07,Karnataka,0.584,1
40,SUPPLIER,2026-05-13,35184.33,35954.45,2026-05-20,2026-05-22,2,3.96,212428.35,45641.06,199156.57,17.96,Kerala,0.814,2
1,SUPPLIER,2026-05-03,17115.05,17623.54,2026-05-10,2026-06-04,25,1.46,116509.32,108226.88,100078.7,17.94,Andhra Pradesh,0.891,25
24,SUPPLIER,2026-02-02,9776.71,9547.85,2026-02-09,2026-02-08,-1,7.77,223434.81,51075.16,32088.5,7.37,Maharashtra,0.307,-1
18,SUPPLIER,2026-03-14,120520.9,122136.06,2026-03-21,2026-03-20,-1,2.63,186966.63,181984.86,21130.06,17.35,Gujarat,0.428,-1
34,BUYER,2026-02-16,11515.92,11286.92,2026-03-03,2026-03-09,6,7.82,114084.69,87692.66,52070.32,6.08,Andhra Pradesh,0.334,6
24,SUPPLIER,2026-06-07,39354.8,40028.34,2026-06-22,2026-06-21,-1,6.4,207199.23,121009.4,111640.41,18.89,Maharashtra,0.904,-1
35,BUYER,2026-06-01,9339.32,9258.14,2026-06-08,2026-06-09,1,9.7,497043.9,54874.75,21546.0,3.53,Maharashtra,0.779,1
17,SUPPLIER,2026-04-02,14270.02,14002.3,2026-05-02,2026-05-03,1,1.65,173274.0,68256.19,60799.17,16.7,Maharashtra,0.702,1
13,BUYER,2026-02-28,26780.93,26970.61,2026-03-15,2026-03-18,3,14.38,127971.69,23607.39,87761.42,17.88,Maharashtra,0.613,3
30,BUYER,2026-03-06,55419.81,55331.82,2026-03-21,2026-03-22,1,7.92,189773.75,203639.4,65836.22,15.26,Telangana,0.622,1
10,BUYER,2026-05-07,14444.81,14846.26,2026-05-22,2026-05-23,1,9.89,225582.09,70949.39,81570.52,8.31,Andhra Pradesh,0.724,1
20,SUPPLIER,2026-04-02,19680.27,19175.54,2026-04-09,2026-04-10,1,3.65,437080.27,52316.36,108405.25,11.96,Tamil Nadu,0.708,1
25,SUPPLIER,2026-05-11,30420.82,30400.17,2026-05-18,2026-05-17,-1,5.81,300647.48,47143.73,12603.06,12.69,Andhra Pradesh,0.757,-1
10,BUYER,2026-05-29,13573.8,13478.56,2026-06-13,2026-06-11,-2,5.61,213019.57,105648.9,62125.12,13.32,Andhra Pradesh,0.833,-2
30,BUYER,2026-01-17,16286.88,15841.56,2026-02-01,2026-02-02,1,5.68,137912.53,64467.99,55219.0,4.54,Telangana,0.329,1
30,BUYER,2026-06-28,13879.57,14093.26,2026-07-28,2026-07-26,-2,7.14,185582.9,11557.47,17857.96,12.92,Telangana,0.964,-2
19,BUYER,2026-02-12,21466.45,20912.09,2026-02-19,2026-02-21,2,1.84,474827.64,133999.27,106457.68,10.43,Andhra Pradesh,0.606,2
10,BUYER,2026-02-09,28291.87,27797.74,2026-03-11,2026-03-12,1,8.87,207940.42,105328.78,118055.24,6.4,Andhra Pradesh,0.653,1
36,SUPPLIER,2026-06-22,12785.3,12839.25,2026-07-07,2026-07-05,-2,5.12,112715.82,13714.08,25738.66,14.67,Maharashtra,0.861,-2
23,SUPPLIER,2026-06-06,34609.28,35412.77,2026-06-13,2026-06-12,-1,0.06,67672.76,46850.97,36146.63,7.34,Karnataka,0.811,-1
13,BUYER,2026-02-27,22435.89,21817.04,2026-03-29,2026-04-03,5,13.86,120290.69,138257.53,106606.2,5.12,Maharashtra,0.543,5
35,BUYER,2026-04-18,28510.78,27763.36,2026-05-03,2026-05-07,4,7.84,369935.5,143614.58,139836.14,2.52,Maharashtra,0.859,4
4,BUYER,2026-06-28,8090.41,8053.73,2026-07-05,2026-07-10,5,1.26,285753.97,39783.36,46865.79,18.09,Karnataka,0.949,5
10,BUYER,2026-01-15,25635.97,26222.45,2026-01-30,,-2,5.73,265162.88,202463.2,141130.75,2.87,Andhra Pradesh,0.452,-2
13,BUYER,2026-03-16,36725.84,36662.75,2026-04-15,2026-04-23,8,12.43,125073.02,123482.58,85897.53,10.93,Maharashtra,0.473,8
20,SUPPLIER,2026-02-13,254230.71,256663.55,2026-02-20,2026-02-19,-1,4.69,487831.69,1685078.65,693764.58,3.12,Tamil Nadu,0.589,-1
5,BUYER,2026-03-06,38290.08,38052.39,2026-04-05,2026-04-05,0,6.42,124858.6,262739.09,181154.24,6.89,Tamil Nadu,0.362,0
18,SUPPLIER,2026-02-03,53430.17,54874.2,2026-02-18,2026-02-23,5,0.0,203296.54,134742.26,305265.67,13.53,Gujarat,0.497,5
11,SUPPLIER,2026-03-29,17764.53,17827.84,2026-04-28,2026-05-03,5,3.09,543294.41,30848.06,47875.69,16.16,Andhra Pradesh,0.422,5
4,BUYER,2026-03-13,35331.34,35374.47,2026-04-12,2026-04-12,0,4.59,243262.7,53776.2,146692.72,19.45,Karnataka,0.673,0
27,SUPPLIER,2026-04-20,30622.35,30116.29,2026-05-05,,23,11.55,308131.02,164859.05,137867.69,19.6,Telangana,0.983,23
40,SUPPLIER,2026-02-06,23622.62,23871.77,2026-02-13,2026-02-14,1,2.34,234223.06,79279.37,129325.58,3.11,Kerala,0.351,1
10,BUYER,2026-02-16,17554.32,17098.47,2026-03-03,2026-03-06,3,8.53,262532.51,37336.28,49783.35,11.04,Andhra Pradesh,0.581,3
31,SUPPLIER,2026-05-07,41536.03,40474.51,2026-05-22,2026-05-21,-1,0.0,78925.62,137665.45,150233.48,5.39,Delhi,0.969,-1
28,SUPPLIER,2026-06-07,48522.06,49723.45,2026-07-07,2026-07-08,1,3.62,286235.05,372510.08,213773.55,6.0,Delhi,0.906,1
34,BUYER,2026-01-28,88876.72,87304.85,2026-02-12,2026-02-17,5,11.28,125602.98,704334.27,205837.75,6.66,Andhra Pradesh,0.596,5
30,BUYER,2026-06-10,83118.05,84057.6,2026-06-17,,0,7.73,186910.24,209237.05,329807.47,3.8,Telangana,0.95,0
20,SUPPLIER,2026-04-10,61056.94,59777.78,2026-04-17,,-2,4.68,509944.26,102347.72,295773.17,8.55,Tamil Nadu,0.733,-2
11,SUPPLIER,2026-02-01,59606.44,61236.09,2026-03-03,2026-03-01,-2,1.19,408817.05,255645.75,54503.33,16.62,Andhra Pradesh,0.638,-2
35,BUYER,2026-03-16,50190.8,50825.21,2026-04-15,2026-04-16,1,7.76,489305.96,401314.61,216754.12,9.53,Maharashtra,0.585,1
35,BUYER,2026-03-07,19700.24,19212.96,2026-03-14,2026-03-15,1,9.04,511845.09,125865.93,106470.3,7.81,Maharashtra,0.608,1
2,SUPPLIER,2026-04-06,7499.57,7723.75,2026-05-06,2026-05-30,24,7.0,491323.58,59426.12,41230.31,19.62,Kerala,0.989,24
19,BUYER,2026-06-01,23000.06,22980.74,2026-06-08,2026-06-06,-2,1.6,468202.85,170132.69,67490.04,18.85,Andhra Pradesh,0.895,-2
13,BUYER,2026-04-16,37583.61,36504.9,2026-04-23,2026-04-23,0,12.33,148246.91,226882.73,20904.68,12.55,Maharashtra,0.927,0
31,SUPPLIER,2026-02-07,37603.01,37823.41,2026-03-09,2026-03-08,-1,3.21,72330.28,33965.19,191789.73,2.89,Delhi,0.459,-1
24,SUPPLIER,2026-06-24,16065.87,15968.47,2026-07-09,2026-07-09,0,6.64,166246.75,69143.44,78629.46,5.9,Maharashtra,0.846,0
9,SUPPLIER,2026-03-18,46948.29,47581.27,2026-03-25,,-2,2.59,97603.47,177272.34,102581.94,11.26,Delhi,0.324,-2
24,SUPPLIER,2026-04-23,34183.5,34278.88,2026-05-23,2026-05-31,8,7.27,173682.18,171786.47,150989.68,12.91,Maharashtra,0.755,8
2,SUPPLIER,2026-06-15,43956.44,44030.38,2026-06-22,2026-06-22,0,6.33,510902.19,279923.6,68112.51,3.1,Kerala,0.944,0
30,BUYER,2026-01-17,31190.2,30665.11,2026-02-01,2026-02-13,12,8.97,144877.02,133349.41,67008.91,6.81,Telangana,0.385,12
25,SUPPLIER,2026-03-30,13856.4,14141.54,2026-04-14,2026-04-23,9,7.34,294117.66,36684.32,25362.93,12.69,Andhra Pradesh,0.381,9
17,SUPPLIER,2026-06-21,25448.49,25340.4,2026-07-21,2026-07-19,-2,3.9,202342.66,166660.22,127095.84,6.48,Maharashtra,0.787,-2
15,BUYER,2026-03-07,24245.61,24775.76,2026-03-14,,1,3.42,458186.03,119894.01,31726.38,19.74,Karnataka,0.381,1
14,SUPPLIER,2026-02-03,62946.73,61936.74,2026-03-05,2026-03-06,1,9.62,362270.42,382876.14,221256.98,17.43,Karnataka,0.515,1
5,BUYER,2026-05-25,20916.28,20369.11,2026-06-01,2026-06-01,0,8.97,101517.63,68388.35,21167.44,11.91,Tamil Nadu,0.754,0
33,BUYER,2026-04-29,35482.13,36303.65,2026-05-06,2026-05-25,19,5.57,461311.1,205904.51,85640.46,2.96,Karnataka,0.734,19
40,SUPPLIER,2026-05-18,56953.15,56196.91,2026-06-02,2026-05-31,-2,0.0,187677.95,71834.94,48233.66,6.54,Kerala,0.867,-2
23,SUPPLIER,2026-01-29,49348.45,49622.82,2026-02-13,2026-03-12,27,0.0,76325.83,57883.28,161678.07,15.27,Karnataka,0.596,27
10,BUYER,2026-06-22,24296.19,23624.35,2026-06-29,2026-07-02,3,7.24,235260.68,41829.67,44245.49,2.57,Andhra Pradesh,0.967,3
27,SUPPLIER,2026-02-06,15520.89,15116.67,2026-02-21,2026-02-19,-2,7.21,243925.12,119213.62,71934.41,8.35,Telangana,0.64,-2
37,SUPPLIER,2026-04-06,44750.73,44041.04,2026-05-06,2026-05-06,0,8.0,351201.45,237215.83,180536.1,12.28,Kerala,0.887,0
21,BUYER,2026-01-25,22512.98,22972.28,2026-02-24,,1,7.96,397506.26,169018.99,42113.01,12.07,Tamil Nadu,0.474,1
35,BUYER,2026-04-20,57645.86,58678.91,2026-04-27,2026-05-27,30,6.54,543558.39,382399.66,306880.66,8.08,Maharashtra,0.748,30
16,BUYER,2026-06-11,30982.8,31104.99,2026-06-18,2026-06-19,1,7.76,127258.02,25980.83,54450.5,9.91,Maharashtra,0.875,1
25,SUPPLIER,2026-06-18,12135.16,12241.23,2026-07-03,2026-07-03,0,7.28,266419.09,71837.37,13530.58,19.89,Andhra Pradesh,0.714,0
32,SUPPLIER,2026-03-11,17543.76,17760.9,2026-03-26,2026-04-05,10,5.96,140059.34,17823.85,73303.25,19.31,Kerala,0.652,10
34,BUYER,2026-01-11,22852.38,22408.89,2026-01-26,2026-01-29,3,8.86,116853.53,121775.03,136197.41,10.35,Andhra Pradesh,0.417,3
40,SUPPLIER,2026-02-05,20718.49,20454.42,2026-03-07,,0,4.46,191283.54,144581.14,90446.73,16.11,Kerala,0.449,0
5,BUYER,2026-06-26,32111.6,31870.09,2026-07-03,2026-07-02,-1,5.08,92776.15,155195.88,148152.09,9.78,Tamil Nadu,0.817,-1
3,BUYER,2026-04-10,9608.52,9724.36,2026-04-17,2026-04-17,0,0.7,152045.94,45381.52,27372.18,7.45,Gujarat,0.801,0
40,SUPPLIER,2026-03-31,10959.31,11085.94,2026-04-07,2026-04-08,1,4.03,188296.37,75767.04,18812.84,18.32,Kerala,0.675,1
22,SUPPLIER,2026-05-14,67031.6,65178.79,2026-05-21,,-2,6.35,98860.17,278586.49,397042.84,13.66,Kerala,0.815,-2
29,BUYER,2026-03-26,14318.96,14164.82,2026-04-02,2026-03-31,-2,0.28,328114.19,106307.48,77116.26,11.96,Andhra Pradesh,0.463,-2
13,BUYER,2026-05-23,142620.81,146869.67,2026-05-30,2026-06-02,3,13.63,154273.84,851991.41,99344.78,5.29,Maharashtra,0.797,3
23,SUPPLIER,2026-05-02,30950.41,30645.59,2026-05-09,,-2,1.91,91281.67,124837.99,110843.61,9.62,Karnataka,0.797,-2
6,BUYER,2026-03-04,20316.33,20766.19,2026-03-19,2026-03-18,-1,0.65,225831.55,147405.24,90383.06,4.84,Andhra Pradesh,0.392,-1
13,BUYER,2026-04-10,9459.41,9260.05,2026-04-25,,12,12.95,146044.53,31564.96,33063.3,10.66,Maharashtra,0.922,12
1,SUPPLIER,2026-03-30,66434.46,64884.47,2026-04-14,2026-04-15,1,1.29,125582.43,110767.87,193948.63,16.55,Andhra Pradesh,0.373,1
16,BUYER,2026-03-11,76298.67,75670.67,2026-03-26,2026-03-25,-1,7.3,164130.21,433792.07,160441.84,2.77,Maharashtra,0.651,-1
13,BUYER,2026-05-23,125156.11,121619.1,2026-06-07,2026-06-11,4,14.64,113536.33,597289.83,508096.52,15.0,Maharashtra,0.952,4
13,BUYER,2026-06-28,48078.3,48428.22,2026-07-05,,1,11.72,149830.22,288639.97,174575.64,11.07,Maharashtra,0.83,1
35,BUYER,2026-04-06,29710.36,29622.34,2026-04-13,2026-04-25,12,7.74,482535.33,47080.04,133558.84,16.81,Maharashtra,0.987,12
18,SUPPLIER,2026-05-20,86628.91,89114.59,2026-06-04,2026-06-04,0,0.33,219624.15,533322.45,387197.31,18.41,Gujarat,0.749,0
25,SUPPLIER,2026-02-04,37978.6,37605.57,2026-02-11,,-1,7.18,272054.12,112115.46,11284.78,11.68,Andhra Pradesh,0.525,-1
9,SUPPLIER,2026-06-24,25931.47,25187.35,2026-07-01,2026-07-02,1,3.64,89455.67,46454.97,120652.72,13.54,Delhi,0.863,1
5,BUYER,2026-03-17,23863.86,24206.48,2026-04-16,2026-04-17,1,5.46,94865.68,173627.33,85728.51,13.57,Tamil Nadu,0.483,1
12,BUYER,2026-04-04,45102.48,44536.1,2026-04-19,2026-04-19,0,4.71,389968.33,179925.96,159557.18,5.06,Karnataka,0.783,0
10,BUYER,2026-05-20,14833.08,14876.37,2026-06-04,2026-06-08,4,8.9,287588.2,115511.63,62725.8,18.47,Andhra Pradesh,0.877,4
29,BUYER,2026-06-12,10387.15,10672.3,2026-06-19,2026-06-26,7,0.04,265186.95,19982.66,10870.63,4.2,Andhra Pradesh,0.885,7
20,SUPPLIER,2026-01-30,15111.17,15116.44,2026-02-14,2026-02-13,-1,3.82,557320.51,117064.88,24571.99,16.04,Tamil Nadu,0.304,-1
22,SUPPLIER,2026-03-25,102436.91,101356.13,2026-04-09,2026-04-17,8,8.32,81546.41,665516.35,157222.46,11.85,Kerala,0.55,8
19,BUYER,2026-02-28,16891.54,17165.6,2026-03-30,2026-04-07,8,1.54,408031.97,54081.75,54845.63,13.96,Andhra Pradesh,0.678,8
17,SUPPLIER,2026-03-22,14720.96,14981.48,2026-04-21,2026-04-26,5,0.5,138176.5,83465.06,31043.61,7.84,Maharashtra,0.591,5
10,BUYER,2026-02-20,47236.02,46646.26,2026-03-07,,1,9.02,222648.92,138428.65,54457.57,10.49,Andhra Pradesh,0.344,1
13,BUYER,2026-03-25,51361.74,51487.51,2026-04-01,2026-04-02,1,13.83,110005.43,165611.56,53455.71,9.04,Maharashtra,0.427,1
33,BUYER,2026-02-21,65253.5,65594.14,2026-03-08,2026-03-08,0,5.31,509432.15,445091.05,319845.45,16.76,Karnataka,0.508,0
9,SUPPLIER,2026-04-23,13466.88,13575.08,2026-05-08,,-1,5.62,86259.86,34078.31,52608.7,19.14,Delhi,0.822,-1
29,BUYER,2026-04-10,16414.8,16374.55,2026-04-25,2026-04-30,5,0.53,230576.41,98688.09,54347.63,3.02,Andhra Pradesh,0.708,5
14,SUPPLIER,2026-04-14,25150.33,25504.23,2026-04-29,,0,9.8,354312.77,126420.65,125254.9,6.26,Karnataka,0.705,0
26,SUPPLIER,2026-06-04,15285.97,15348.24,2026-07-04,,0,4.21,305879.88,113185.12,16625.1,14.77,Delhi,0.758,0
9,SUPPLIER,2026-06-17,52700.82,53567.23,2026-06-24,2026-06-24,0,2.32,97732.97,61375.77,253921.69,3.13,Delhi,0.786,0
28,SUPPLIER,2026-02-02,128281.26,128128.66,2026-02-17,2026-02-16,-1,6.73,257721.7,449737.96,526167.69,10.63,Delhi,0.372,-1
15,BUYER,2026-05-17,20587.14,20511.92,2026-06-01,2026-05-30,-2,7.18,479778.31,62490.68,70140.82,6.63,Karnataka,0.769,-2
24,SUPPLIER,2026-03-03,9817.69,9539.76,2026-03-10,2026-03-13,3,6.4,178070.07,45202.33,42376.33,16.68,Maharashtra,0.561,3
19,BUYER,2026-01-10,38665.42,39646.34,2026-01-17,2026-02-07,21,1.09,483606.73,200985.2,199629.73,3.62,Andhra Pradesh,0.516,21
31,SUPPLIER,2026-04-24,39992.04,39044.0,2026-05-24,2026-06-23,30,0.83,69642.8,128018.71,217694.4,8.93,Delhi,0.855,30
25,SUPPLIER,2026-05-09,23030.56,23272.46,2026-05-24,2026-05-25,1,6.27,229080.63,27078.65,107055.42,14.48,Andhra Pradesh,0.913,1
14,SUPPLIER,2026-04-13,18305.38,17928.63,2026-04-28,2026-04-26,-2,4.91,326225.35,21043.85,75594.38,5.26,Karnataka,0.925,-2
21,BUYER,2026-01-11,14447.94,14068.29,2026-01-26,2026-01-27,1,7.28,419131.09,99011.49,64515.37,10.15,Tamil Nadu,0.408,1
21,BUYER,2026-06-27,18251.4,18434.86,2026-07-12,2026-07-10,-2,7.22,444358.69,128171.08,96442.34,16.95,Tamil Nadu,0.97,-2
14,SUPPLIER,2026-01-29,75715.4,77315.89,2026-02-05,,1,7.96,376985.5,521288.1,376399.89,16.52,Karnataka,0.656,1
11,SUPPLIER,2026-02-10,16341.4,16468.43,2026-02-25,2026-02-24,-1,4.69,446807.79,30093.54,38080.9,18.15,Andhra Pradesh,0.593,-1
35,BUYER,2026-01-21,21103.3,20553.38,2026-02-05,2026-02-07,2,8.27,403457.47,48169.6,77022.47,14.07,Maharashtra,0.366,2
2,SUPPLIER,2026-03-18,52837.9,53740.4,2026-03-25,2026-03-23,-2,6.57,482189.08,141709.9,42147.35,12.62,Kerala,0.377,-2
38,SUPPLIER,2026-05-16,60004.73,58764.67,2026-05-23,,10,2.56,284933.14,335076.81,95534.86,3.1,Maharashtra,0.854,10
40,SUPPLIER,2026-03-12,8593.93,8392.45,2026-03-19,2026-03-17,-2,2.78,207181.81,54569.75,23414.07,9.11,Kerala,0.606,-2
28,SUPPLIER,2026-01-06,61294.86,61831.7,2026-02-05,,-2,5.16,241952.47,448451.52,227764.19,14.07,Delhi,0.34,-2
21,BUYER,2026-03-22,20148.73,19605.49,2026-04-21,2026-04-27,6,6.43,395902.25,84021.24,117251.12,8.23,Tamil Nadu,0.636,6
3,BUYER,2026-03-16,21909.77,22436.15,2026-03-31,2026-04-05,5,2.87,145867.21,23134.57,125416.2,16.34,Gujarat,0.427,5
35,BUYER,2026-06-05,7497.93,7356.17,2026-06-12,2026-06-17,5,11.77,522545.19,17393.11,27785.83,10.17,Maharashtra,0.932,5
2,SUPPLIER,2026-01-19,124774.82,122744.92,2026-01-26,2026-01-27,1,5.01,431983.5,337098.01,536376.79,5.98,Kerala,0.508,1
23,SUPPLIER,2026-04-06,54143.01,54223.34,2026-05-06,2026-05-08,2,0.0,63855.06,127589.37,168076.9,12.68,Karnataka,0.888,2
26,SUPPLIER,2026-03-22,65340.52,65460.83,2026-04-21,2026-04-22,1,3.11,386675.35,263550.02,358799.79,15.94,Delhi,0.383,1
26,SUPPLIER,2026-01-07,38406.72,37730.17,2026-01-22,,0,5.91,361121.69,194397.75,15746.13,5.19,Delhi,0.593,0
26,SUPPLIER,2026-05-31,24555.48,24344.77,2026-06-15,2026-06-14,-1,5.64,355797.62,170697.8,55436.83,10.36,Delhi,0.912,-1
40,SUPPLIER,2026-03-03,65703.57,67130.52,2026-03-18,,0,3.65,225854.81,244129.01,116515.79,11.0,Kerala,0.671,0
37,SUPPLIER,2026-03-27,48622.41,49461.76,2026-04-11,2026-04-11,0,9.56,487090.03,293895.26,171078.1,12.71,Kerala,0.435,0
32,SUPPLIER,2026-06-14,29729.92,29862.42,2026-07-14,2026-07-15,1,5.89,118803.38,46710.14,53349.14,9.64,Kerala,0.965,1
35,BUYER,2026-01-24,41745.13,40636.52,2026-01-31,2026-02-02,2,10.57,539555.44,112069.07,113143.62,4.89,Maharashtra,0.481,2
25,SUPPLIER,2026-03-27,25055.62,25000.49,2026-04-11,2026-04-09,-2,6.13,280058.76,132853.09,91087.84,7.41,Andhra Pradesh,0.517,-2
32,SUPPLIER,2026-01-16,15550.99,15745.98,2026-01-23,2026-01-24,1,7.49,119976.07,87700.76,17927.72,2.61,Kerala,0.604,1
31,SUPPLIER,2026-04-21,13314.66,13109.92,2026-04-28,2026-04-29,1,3.44,90378.63,37116.32,46548.22,11.0,Delhi,0.975,1
9,SUPPLIER,2026-05-12,14473.02,14106.06,2026-05-19,2026-05-20,1,1.21,108850.96,71933.46,81801.82,3.88,Delhi,0.786,1
14,SUPPLIER,2026-02-21,86415.48,85136.66,2026-02-28,2026-03-04,4,8.78,423815.13,354212.04,25291.51,3.69,Karnataka,0.324,4
26,SUPPLIER,2026-06-29,33988.86,33590.35,2026-07-14,2026-07-13,-1,4.0,360920.18,252540.68,107590.67,15.88,Delhi,0.986,-1
29,BUYER,2026-01-19,147947.15,145890.66,2026-01-26,2026-02-15,20,1.07,294773.13,400938.0,19188.09,18.96,Andhra Pradesh,0.521,20
25,SUPPLIER,2026-03-27,38554.79,38331.99,2026-04-11,,-2,6.26,268971.29,228373.17,193997.88,11.43,Andhra Pradesh,0.601,-2
16,BUYER,2026-03-15,57463.44,58363.27,2026-03-22,,16,6.56,163299.99,278978.11,262543.38,5.54,Maharashtra,0.465,16
11,SUPPLIER,2026-03-31,38508.99,37583.22,2026-04-07,2026-04-08,1,3.81,444769.14,142221.86,102076.59,9.54,Andhra Pradesh,0.377,1
31,SUPPLIER,2026-05-26,29300.94,29703.33,2026-06-25,2026-06-23,-2,1.7,68604.98,195257.54,39371.65,12.45,Delhi,0.935,-2
12,BUYER,2026-03-09,33862.72,34543.82,2026-03-16,2026-03-16,0,3.35,405375.41,53996.06,22400.35,18.56,Karnataka,0.606,0
10,BUYER,2026-02-17,41399.98,41580.74,2026-02-24,,0,8.06,238261.49,192219.76,65088.88,13.69,Andhra Pradesh,0.335,0
15,BUYER,2026-06-10,48032.92,47535.71,2026-06-17,2026-06-16,-1,4.7,503909.61,341159.33,152967.02,2.49,Karnataka,0.837,-1
34,BUYER,2026-04-10,94760.14,96471.44,2026-04-25,2026-04-26,1,4.71,123166.51,489804.5,385487.61,16.09,Andhra Pradesh,0.989,1
22,SUPPLIER,2026-05-05,23550.09,24176.97,2026-05-12,2026-05-19,7,8.22,68452.87,120199.23,78060.26,5.63,Kerala,0.708,7
1,SUPPLIER,2026-01-15,52688.56,53735.1,2026-01-30,2026-02-01,2,1.55,119619.63,307457.21,306876.92,4.47,Andhra Pradesh,0.404,2
13,BUYER,2026-04-20,38974.18,38168.62,2026-04-27,2026-04-29,2,12.95,142393.84,306433.51,116600.06,6.51,Maharashtra,0.84,2
34,BUYER,2026-05-02,25308.22,24894.01,2026-05-09,2026-05-09,0,6.45,133070.76,142701.21,144976.45,11.55,Andhra Pradesh,0.968,0
3,BUYER,2026-05-04,35539.91,34802.45,2026-06-03,2026-06-16,13,4.1,124311.59,235870.03,137693.12,2.53,Gujarat,0.905,13
13,BUYER,2026-06-11,34022.73,33569.46,2026-06-26,2026-06-24,-2,10.67,143860.23,43163.63,20303.36,6.84,Maharashtra,0.831,-2
6,BUYER,2026-05-31,63587.93,63097.82,2026-06-07,2026-06-09,2,0.0,251556.3,22183.98,377256.15,17.84,Andhra Pradesh,0.73,2
24,SUPPLIER,2026-01-30,50513.51,50898.11,2026-02-06,,0,6.68,172460.76,402432.42,272941.25,10.85,Maharashtra,0.543,0
16,BUYER,2026-04-02,9192.31,9040.82,2026-04-09,2026-04-11,2,8.07,152539.72,47048.83,12464.32,8.43,Maharashtra,0.877,2
34,BUYER,2026-05-07,49777.67,48800.62,2026-05-22,2026-05-23,1,9.32,147227.43,233523.06,255600.71,19.68,Andhra Pradesh,0.859,1
32,SUPPLIER,2026-04-29,36311.45,37298.0,2026-05-06,2026-05-12,6,5.52,137129.06,79339.12,158806.87,15.28,Kerala,0.973,6
14,SUPPLIER,2026-02-06,12024.65,12282.91,2026-02-21,2026-02-20,-1,6.58,467122.86,87681.22,14357.18,9.59,Karnataka,0.367,-1
40,SUPPLIER,2026-05-18,21988.44,22201.53,2026-05-25,2026-06-21,27,4.52,178463.08,41582.31,13258.54,18.13,Kerala,0.721,27
18,SUPPLIER,2026-05-12,43398.21,44427.95,2026-06-11,2026-07-06,25,1.65,184847.12,249336.45,28811.35,15.98,Gujarat,0.992,25
39,SUPPLIER,2026-02-04,23975.15,23862.32,2026-02-19,2026-02-28,9,3.11,212133.43,33856.85,128103.02,7.19,Maharashtra,0.679,9
19,BUYER,2026-04-11,23066.01,22477.53,2026-04-18,2026-04-19,1,0.85,381674.31,150442.01,32321.14,15.94,Andhra Pradesh,0.753,1
4,BUYER,2026-01-18,28575.95,28728.82,2026-02-02,2026-02-03,1,3.27,278859.37,100830.68,153398.63,11.8,Karnataka,0.315,1
20,SUPPLIER,2026-01-07,74742.54,73766.35,2026-01-14,2026-01-13,-1,4.25,419308.98,11451.33,412348.05,13.07,Tamil Nadu,0.533,-1
3,BUYER,2026-03-17,14657.08,14721.81,2026-04-01,2026-03-31,-1,2.86,109457.55,22144.22,56515.15,18.69,Gujarat,0.636,-1
38,SUPPLIER,2026-03-04,34060.56,34741.48,2026-03-11,2026-03-11,0,1.41,330109.68,104304.61,10700.53,7.02,Maharashtra,0.401,0
35,BUYER,2026-01-17,57257.81,57607.57,2026-02-16,2026-02-19,3,10.54,408335.25,450631.42,111360.74,9.62,Maharashtra,0.643,3
8,BUYER,2026-04-25,15714.34,15635.93,2026-05-25,2026-06-19,25,6.04,66623.12,119280.71,69780.89,15.26,Tamil Nadu,0.887,25
17,SUPPLIER,2026-04-12,9267.16,9204.17,2026-04-27,2026-04-29,2,0.0,172491.18,30736.17,19346.83,13.13,Maharashtra,0.844,2
34,BUYER,2026-02-06,24465.53,23901.65,2026-02-13,2026-02-15,2,6.49,150386.89,118828.68,92943.9,9.89,Andhra Pradesh,0.321,2
15,BUYER,2026-01-09,14570.03,14707.47,2026-02-08,,0,2.97,541277.38,113257.07,48460.5,7.63,Karnataka,0.561,0
10,BUYER,2026-04-17,54517.65,54209.69,2026-05-02,2026-05-04,2,9.05,222857.57,89361.22,239580.47,6.46,Andhra Pradesh,0.986,2
26,SUPPLIER,2026-06-11,74873.69,76090.76,2026-06-18,2026-06-17,-1,8.32,357371.37,147209.54,390895.01,18.51,Delhi,0.94,-1
40,SUPPLIER,2026-05-20,41901.84,42847.16,2026-06-19,2026-06-20,1,0.9,163788.38,145077.31,194777.08,17.82,Kerala,0.717,1
13,BUYER,2026-04-15,16834.82,16812.77,2026-04-30,,18,14.73,150775.53,78029.75,40239.51,7.69,Maharashtra,0.782,18
21,BUYER,2026-01-30,17762.37,18278.98,2026-02-14,2026-02-14,0,7.38,373800.06,69330.73,42340.32,11.09,Tamil Nadu,0.68,0
18,SUPPLIER,2026-05-10,90491.59,89055.2,2026-06-09,2026-06-17,8,0.0,177123.9,449994.36,71589.14,4.61,Gujarat,0.946,8
37,SUPPLIER,2026-05-23,36756.41,36046.92,2026-06-22,2026-06-23,1,5.65,492380.01,138074.8,127617.94,10.6,Kerala,0.894,1
13,BUYER,2026-03-25,17852.78,18385.23,2026-04-24,,-1,11.99,118497.06,44490.68,69333.61,11.59,Maharashtra,0.676,-1
16,BUYER,2026-01-21,13978.3,13571.51,2026-01-28,2026-01-28,0,6.43,129118.58,14571.3,61133.86,2.46,Maharashtra,0.369,0
22,SUPPLIER,2026-06-17,31429.07,31672.56,2026-07-02,2026-07-07,5,6.74,69166.34,164749.67,155598.24,4.79,Kerala,0.89,5
39,SUPPLIER,2026-04-09,37713.0,37246.93,2026-04-16,2026-04-22,6,2.99,184650.94,85527.3,209032.55,18.2,Maharashtra,0.731,6
9,SUPPLIER,2026-05-25,36814.4,36769.04,2026-06-09,2026-06-25,16,2.27,79992.65,86087.35,153612.8,17.04,Delhi,0.791,16
29,BUYER,2026-03-25,39482.28,38954.93,2026-04-09,2026-04-07,-2,0.11,321824.96,52701.68,160564.1,2.22,Andhra Pradesh,0.551,-2
1,SUPPLIER,2026-06-06,68479.14,68279.41,2026-06-21,2026-06-19,-2,2.37,106425.62,17173.64,410450.54,15.08,Andhra Pradesh,0.875,-2
24,SUPPLIER,2026-05-25,30752.08,30659.71,2026-06-09,2026-06-12,3,5.72,183175.96,158857.19,17626.15,10.96,Maharashtra,0.715,3
7,BUYER,2026-06-04,21882.58,22329.38,2026-06-11,2026-07-01,20,1.27,322154.6,137430.28,43223.13,19.68,Maharashtra,0.972,20
30,BUYER,2026-03-15,51182.55,50090.15,2026-03-22,2026-03-22,0,10.12,146984.32,33630.52,237718.52,7.62,Telangana,0.564,0
31,SUPPLIER,2026-03-18,31543.53,30821.84,2026-04-02,2026-04-02,0,0.82,69436.87,125744.55,172490.78,8.35,Delhi,0.581,0
36,SUPPLIER,2026-01-11,32419.62,31533.54,2026-01-26,2026-01-25,-1,4.53,111646.98,186148.38,156808.81,10.76,Maharashtra,0.665,-1
38,SUPPLIER,2026-01-10,45568.14,45084.89,2026-01-17,2026-02-16,30,5.54,243565.17,109906.48,64483.2,4.69,Maharashtra,0.599,30
8,BUYER,2026-05-29,30604.26,31363.03,2026-06-05,2026-06-04,-1,7.2,68969.28,215030.68,180156.71,7.53,Tamil Nadu,0.891,-1
31,SUPPLIER,2026-06-05,32298.73,32926.93,2026-06-12,,-1,2.34,75543.81,101273.24,103218.0,19.33,Delhi,0.873,-1
35,BUYER,2026-06-05,23394.99,22971.0,2026-06-12,2026-06-11,-1,6.06,532426.3,119484.61,16880.22,18.1,Maharashtra,0.915,-1
12,BUYER,2026-03-22,36701.28,35924.17,2026-04-06,2026-04-16,10,5.7,368068.7,185002.55,177819.66,5.74,Karnataka,0.314,10
30,BUYER,2026-02-11,24870.6,24295.87,2026-02-18,2026-03-06,16,5.77,143587.19,99649.28,130192.59,12.93,Telangana,0.547,16
7,BUYER,2026-03-31,33194.57,32348.87,2026-04-07,2026-04-05,-2,4.65,269884.74,188937.31,183150.0,7.63,Maharashtra,0.635,-2
7,BUYER,2026-02-22,30617.96,29850.76,2026-03-09,2026-03-07,-2,2.71,310496.83,30455.3,95020.43,5.94,Maharashtra,0.559,-2
2,SUPPLIER,2026-06-16,41049.11,42209.34,2026-07-01,2026-07-05,4,6.82,524584.6,300385.25,95822.92,2.97,Kerala,0.969,4
31,SUPPLIER,2026-02-02,30954.24,30879.24,2026-02-09,2026-02-10,1,2.85,71265.46,16472.46,61378.62,6.14,Delhi,0.563,1
26,SUPPLIER,2026-04-27,7371.88,7349.29,2026-05-04,2026-05-16,12,5.42,300046.48,27371.63,41432.12,5.28,Delhi,0.856,12
7,BUYER,2026-06-21,19052.97,18517.47,2026-07-06,2026-07-06,0,0.9,292100.01,152232.05,108524.94,3.75,Maharashtra,0.871,0
32,SUPPLIER,2026-02-21,26633.99,26279.5,2026-02-28,2026-03-01,1,7.5,104579.92,196422.37,61740.07,18.28,Kerala,0.309,1
22,SUPPLIER,2026-06-16,38991.42,39541.19,2026-06-23,2026-06-25,2,8.51,69567.61,175271.56,58248.36,3.83,Kerala,0.712,2
34,BUYER,2026-05-08,61846.03,59991.79,2026-05-23,2026-05-27,4,7.9,147178.03,420819.76,49063.62,3.61,Andhra Pradesh,0.93,4
33,BUYER,2026-06-26,35191.01,34647.8,2026-07-11,2026-07-11,0,6.84,467335.44,250842.08,50299.49,19.78,Karnataka,0.991,0
34,BUYER,2026-05-29,24304.8,24400.23,2026-06-13,2026-06-12,-1,7.21,150165.38,64633.47,23149.87,10.75,Andhra Pradesh,0.831,-1
27,SUPPLIER,2026-06-06,39468.65,39296.12,2026-06-21,2026-06-24,3,8.66,242077.76,219802.5,172905.84,8.81,Telangana,0.838,3
33,BUYER,2026-03-21,19214.48,19342.24,2026-04-05,2026-04-03,-2,6.59,420103.85,19057.84,64982.25,3.48,Karnataka,0.425,-2
36,SUPPLIER,2026-03-08,49218.18,48952.59,2026-03-15,2026-03-17,2,4.42,108062.51,170322.58,46036.82,15.0,Maharashtra,0.304,2
37,SUPPLIER,2026-04-16,9527.17,9607.82,2026-04-23,,12,8.08,433584.42,32539.51,44983.62,18.75,Kerala,0.714,12
36,SUPPLIER,2026-04-26,11747.05,11936.58,2026-05-26,2026-05-27,1,6.93,84292.47,45010.35,31822.04,11.46,Maharashtra,0.809,1
39,SUPPLIER,2026-05-21,15756.36,16156.38,2026-06-20,2026-06-29,9,5.12,181972.65,69767.76,94295.98,7.69,Maharashtra,0.915,9
9,SUPPLIER,2026-05-13,11347.46,11557.95,2026-05-20,2026-05-26,6,0.0,85817.9,67915.94,46869.7,3.27,Delhi,0.799,6
12,BUYER,2026-03-15,19020.06,19117.44,2026-03-30,2026-03-28,-2,5.66,362812.42,23386.37,102034.33,10.39,Karnataka,0.668,-2
4,BUYER,2026-03-11,19606.08,19976.62,2026-04-10,,21,1.56,254528.74,118110.85,82915.7,4.31,Karnataka,0.463,21
5,BUYER,2026-04-15,88292.3,90433.25,2026-04-22,2026-04-22,0,5.69,107553.93,603346.48,410922.89,9.56,Tamil Nadu,0.753,0
31,SUPPLIER,2026-01-28,54199.63,55515.35,2026-02-12,2026-02-12,0,3.12,93023.06,189790.51,233957.22,17.66,Delhi,0.416,0
36,SUPPLIER,2026-06-09,37096.9,38078.81,2026-06-24,,0,3.75,116093.36,13124.55,194969.85,14.61,Maharashtra,0.883,0
10,BUYER,2026-01-11,30575.06,30873.01,2026-01-18,2026-01-16,-2,7.84,267788.66,121131.7,99792.42,8.04,Andhra Pradesh,0.429,-2
32,SUPPLIER,2026-04-16,41168.73,41629.4,2026-05-01,2026-04-30,-1,6.56,128889.56,231026.81,104442.38,7.39,Kerala,0.819,-1
15,BUYER,2026-03-03,18090.63,17798.71,2026-04-02,2026-04-03,1,3.25,408884.52,40104.82,34348.97,8.6,Karnataka,0.361,1
24,SUPPLIER,2026-02-27,34405.7,35432.1,2026-03-14,2026-03-15,1,8.47,230096.31,115144.99,191036.55,3.37,Maharashtra,0.651,1
8,BUYER,2026-05-03,99667.57,99767.55,2026-05-10,2026-05-08,-2,7.74,84211.69,622180.56,255849.61,19.95,Tamil Nadu,0.939,-2
24,SUPPLIER,2026-03-15,26329.14,26741.49,2026-03-30,2026-04-25,26,7.37,180212.21,62530.08,104365.25,4.36,Maharashtra,0.431,26
2,SUPPLIER,2026-06-06,54125.57,53019.59,2026-06-21,2026-06-25,4,5.48,378315.76,408303.35,205451.31,15.47,Kerala,0.878,4
25,SUPPLIER,2026-03-15,45141.75,45552.5,2026-03-22,2026-03-22,0,5.79,244266.24,116410.02,38206.28,5.04,Andhra Pradesh,0.358,0
30,BUYER,2026-02-28,14212.89,13794.17,2026-03-15,2026-04-09,25,9.17,189791.9,110513.83,27759.66,13.87,Telangana,0.345,25
19,BUYER,2026-02-03,61854.45,63193.44,2026-02-18,2026-02-18,0,2.5,416873.85,324630.15,135603.35,8.96,Andhra Pradesh,0.386,0
37,SUPPLIER,2026-02-20,41193.11,40135.32,2026-02-27,2026-03-01,2,8.13,410206.08,310557.0,17265.52,3.41,Kerala,0.559,2
33,BUYER,2026-05-23,41022.94,39807.72,2026-05-30,2026-05-30,0,4.96,367022.47,248644.7,196010.53,9.39,Karnataka,0.767,0
33,BUYER,2026-02-13,11349.79,11530.18,2026-02-28,2026-03-21,21,3.57,458588.77,71464.46,45283.87,11.09,Karnataka,0.59,21
32,SUPPLIER,2026-05-29,41811.58,40747.86,2026-06-13,2026-06-16,3,8.12,115660.9,68224.61,59277.89,15.86,Kerala,0.895,3
3,BUYER,2026-02-11,30488.78,30453.78,2026-02-18,2026-02-19,1,4.54,122781.9,197289.93,133706.88,18.91,Gujarat,0.371,1
26,SUPPLIER,2026-01-02,35360.67,34411.95,2026-01-09,2026-01-17,8,7.28,308768.33,209073.74,11650.21,5.48,Delhi,0.319,8
7,BUYER,2026-02-02,42085.45,42493.54,2026-03-04,2026-03-09,5,2.62,327405.35,115392.07,244670.86,10.7,Maharashtra,0.372,5
21,BUYER,2026-04-04,28126.64,28071.48,2026-05-04,2026-05-03,-1,5.64,430050.98,207960.09,87129.24,12.28,Tamil Nadu,0.826,-1
23,SUPPLIER,2026-04-18,25644.74,26133.58,2026-05-03,2026-05-25,22,0.0,75340.26,144710.22,116463.44,9.53,Karnataka,0.889,22
22,SUPPLIER,2026-03-22,30214.09,29803.58,2026-03-29,2026-03-29,0,7.09,83729.6,215640.99,179415.54,8.89,Kerala,0.484,0
15,BUYER,2026-06-23,47310.1,47187.81,2026-07-08,2026-07-06,-2,5.45,384403.92,71732.9,234963.09,15.39,Karnataka,0.992,-2
29,BUYER,2026-06-02,15659.28,15781.66,2026-06-09,2026-06-11,2,0.0,248289.37,50299.93,64764.03,9.81,Andhra Pradesh,0.779,2
21,BUYER,2026-02-13,22610.4,22040.26,2026-02-28,2026-03-02,2,8.73,361973.9,180699.07,47673.84,8.88,Tamil Nadu,0.321,2
20,SUPPLIER,2026-05-23,105548.64,104250.63,2026-06-22,,18,6.63,502481.49,673246.17,131357.22,11.48,Tamil Nadu,0.721,18
13,BUYER,2026-01-12,47597.58,48780.94,2026-01-19,,-2,12.72,134145.88,45579.57,283848.75,13.58,Maharashtra,0.461,-2
2,SUPPLIER,2026-04-04,83196.41,84747.66,2026-05-04,2026-05-05,1,4.51,471406.64,470700.47,482057.32,8.29,Kerala,0.928,1
31,SUPPLIER,2026-01-25,67424.32,67537.88,2026-02-01,,0,1.35,100627.34,338376.57,347944.84,15.56,Delhi,0.312,0
7,BUYER,2026-02-01,31991.62,31217.39,2026-02-16,2026-02-16,0,0.88,299798.65,246800.38,90333.77,14.81,Maharashtra,0.524,0
18,SUPPLIER,2026-01-09,22936.19,23378.64,2026-01-24,2026-01-31,7,1.98,187282.22,35154.76,33544.14,7.45,Gujarat,0.411,7
11,SUPPLIER,2026-06-24,47382.31,48364.32,2026-07-24,2026-07-22,-2,4.27,450318.91,68724.93,94957.2,15.21,Andhra Pradesh,0.895,-2
33,BUYER,2026-01-29,47139.97,47875.42,2026-02-28,2026-02-28,0,7.7,435240.15,27046.71,90283.23,3.21,Karnataka,0.472,0
14,SUPPLIER,2026-03-17,49645.37,49414.71,2026-03-24,2026-03-24,0,9.59,389677.71,290528.62,173698.43,16.27,Karnataka,0.405,0
26,SUPPLIER,2026-02-23,444668.55,432749.03,2026-03-02,2026-03-01,-1,4.16,361257.33,2488805.29,1910164.28,10.33,Delhi,0.633,-1
33,BUYER,2026-01-23,41864.11,42452.25,2026-02-07,2026-02-08,1,6.92,429185.79,155100.17,207284.43,14.8,Karnataka,0.56,1
17,SUPPLIER,2026-06-27,43068.4,42083.5,2026-07-12,2026-07-12,0,2.01,204731.98,200810.61,235277.92,6.18,Maharashtra,0.897,0
15,BUYER,2026-06-09,53015.35,53668.33,2026-06-16,2026-06-17,1,4.7,424365.42,44924.1,222873.74,19.95,Karnataka,0.762,1
16,BUYER,2026-05-15,20137.6,20312.76,2026-06-14,2026-06-13,-1,7.41,159970.1,27568.21,60391.75,12.64,Maharashtra,0.964,-1
35,BUYER,2026-05-01,17702.32,17493.42,2026-05-16,2026-06-04,19,6.92,440580.15,12447.06,61932.86,13.42,Maharashtra,0.887,19
15,BUYER,2026-02-14,32526.77,31920.48,2026-03-01,2026-03-13,12,4.88,522215.39,250121.16,56482.32,17.05,Karnataka,0.477,12
40,SUPPLIER,2026-02-25,6646.65,6664.54,2026-03-12,2026-03-18,6,2.23,201167.18,36179.34,15049.15,17.99,Kerala,0.65,6
1,SUPPLIER,2026-02-09,11014.16,10814.92,2026-02-24,2026-03-06,10,0.21,127527.02,47780.46,11877.5,18.17,Andhra Pradesh,0.568,10
12,BUYER,2026-05-29,28423.66,29229.76,2026-06-13,2026-06-14,1,4.49,291624.7,125644.8,129896.99,5.86,Karnataka,0.962,1
8,BUYER,2026-05-02,45655.76,45926.62,2026-05-09,2026-05-19,10,7.46,68810.97,92319.38,81941.08,17.68,Tamil Nadu,0.975,10
40,SUPPLIER,2026-03-23,11359.36,11119.19,2026-03-30,2026-03-29,-1,4.55,158375.65,27600.42,35499.68,12.23,Kerala,0.308,-1
5,BUYER,2026-02-09,18796.18,19209.33,2026-02-24,2026-02-22,-2,6.06,110406.12,32270.34,64662.72,13.07,Tamil Nadu,0.385,-2
17,SUPPLIER,2026-01-24,25038.39,25163.95,2026-01-31,2026-01-30,-1,0.0,195721.14,43335.44,136805.57,17.76,Maharashtra,0.557,-1
34,BUYER,2026-06-13,36353.52,36581.01,2026-07-13,2026-07-14,1,7.47,160134.09,278705.8,143162.54,8.38,Andhra Pradesh,0.994,1
36,SUPPLIER,2026-04-28,18103.51,17997.25,2026-05-13,2026-05-13,0,6.02,99300.3,15654.11,28979.19,7.27,Maharashtra,0.98,0
1,SUPPLIER,2026-05-08,53384.24,54273.46,2026-05-23,2026-05-22,-1,0.43,99315.26,51860.38,112754.62,13.73,Andhra Pradesh,0.735,-1
37,SUPPLIER,2026-06-07,7183.33,6983.4,2026-06-22,2026-07-04,12,8.99,479623.16,51886.99,16163.57,8.21,Kerala,0.812,12
24,SUPPLIER,2026-03-13,37952.75,37657.66,2026-04-12,2026-04-10,-2,7.74,199620.75,188357.48,154948.26,9.96,Maharashtra,0.619,-2
14,SUPPLIER,2026-06-19,33163.82,33685.75,2026-06-26,2026-06-27,1,7.1,399989.36,198268.86,194601.62,2.58,Karnataka,0.833,1
29,BUYER,2026-03-18,53248.03,54735.13,2026-03-25,2026-03-29,4,0.0,309100.09,182541.49,75914.46,14.79,Andhra Pradesh,0.399,4
8,BUYER,2026-04-20,61821.84,60928.34,2026-04-27,2026-04-25,-2,6.48,67689.16,438640.84,318171.0,8.7,Tamil Nadu,0.968,-2
37,SUPPLIER,2026-04-06,183467.97,181618.7,2026-04-13,2026-04-23,10,9.79,435116.64,934788.65,123095.27,3.91,Kerala,0.945,10
13,BUYER,2026-03-11,46190.5,46353.68,2026-03-18,2026-04-04,17,13.81,113335.51,330905.29,215467.4,3.47,Maharashtra,0.314,17
21,BUYER,2026-06-15,40939.39,40588.71,2026-07-15,2026-07-15,0,6.3,329836.71,299724.6,23249.23,18.68,Tamil Nadu,0.711,0
15,BUYER,2026-04-30,8581.27,8651.96,2026-05-30,2026-05-29,-1,5.38,465349.4,13021.38,19177.84,19.39,Karnataka,0.728,-1
17,SUPPLIER,2026-06-16,10328.35,10341.53,2026-07-01,2026-06-29,-2,0.98,155051.4,18158.69,38568.39,15.05,Maharashtra,0.796,-2
1,SUPPLIER,2026-03-13,21992.67,22076.33,2026-03-28,2026-03-27,-1,4.72,123201.06,157695.76,53369.61,11.67,Andhra Pradesh,0.644,-1
14,SUPPLIER,2026-02-19,104236.26,102229.71,2026-03-06,2026-03-05,-1,5.43,331999.68,720252.79,178518.62,15.92,Karnataka,0.649,-1
39,SUPPLIER,2026-01-28,39465.71,38719.09,2026-02-04,2026-02-05,1,3.74,236470.54,185815.69,39422.19,13.4,Maharashtra,0.314,1
28,SUPPLIER,2026-01-09,7769.14,7850.66,2026-01-24,2026-01-31,7,5.05,218374.56,43031.07,12649.94,2.13,Delhi,0.452,7
29,BUYER,2026-06-02,17983.28,17873.98,2026-06-09,2026-07-02,23,1.75,292622.82,32041.33,44652.95,7.09,Andhra Pradesh,0.808,23
19,BUYER,2026-03-24,41777.96,41040.42,2026-03-31,2026-04-01,1,3.12,383724.92,225400.82,145041.66,5.76,Andhra Pradesh,0.627,1
39,SUPPLIER,2026-02-18,28273.53,29023.62,2026-02-25,2026-02-26,1,4.45,210555.65,157581.16,37690.61,11.69,Maharashtra,0.568,1
19,BUYER,2026-06-23,37621.79,38060.37,2026-06-30,,0,1.53,393945.87,86777.9,131170.12,17.56,Andhra Pradesh,0.709,0
21,BUYER,2026-04-02,16096.23,15889.65,2026-04-17,2026-04-19,2,8.56,450486.03,111892.14,74564.33,6.83,Tamil Nadu,0.9,2
17,SUPPLIER,2026-04-28,9742.57,9894.53,2026-05-28,2026-05-28,0,0.0,190126.57,63414.23,17171.09,12.13,Maharashtra,0.728,0
7,BUYER,2026-03-04,31644.2,31215.46,2026-03-19,2026-04-16,28,0.0,304131.73,58922.83,43352.63,12.94,Maharashtra,0.424,28
31,SUPPLIER,2026-01-28,36930.77,37505.55,2026-02-12,2026-02-12,0,1.86,98141.5,264808.09,33421.49,4.0,Delhi,0.401,0
10,BUYER,2026-06-25,74428.93,73014.14,2026-07-02,2026-06-30,-2,7.11,204077.85,26500.68,76539.06,13.96,Andhra Pradesh,0.885,-2
16,BUYER,2026-06-20,33735.95,33390.93,2026-07-20,2026-07-21,1,5.85,127645.98,98046.41,108662.07,10.5,Maharashtra,0.851,1
9,SUPPLIER,2026-05-03,24311.42,24262.81,2026-05-18,,5,3.96,103827.63,55898.6,50479.47,5.23,Delhi,0.95,5
2,SUPPLIER,2026-06-07,50680.44,51577.44,2026-06-14,,-1,5.3,486402.89,322690.97,229050.02,17.63,Kerala,0.721,-1
35,BUYER,2026-05-29,22641.05,23047.11,2026-06-28,2026-07-08,10,8.82,394516.62,145537.35,17523.29,18.85,Maharashtra,0.754,10
38,SUPPLIER,2026-05-13,23541.72,23997.24,2026-05-20,2026-05-18,-2,1.91,264854.24,128135.01,54807.51,10.96,Maharashtra,0.96,-2
27,SUPPLIER,2026-04-21,17423.13,17700.78,2026-05-21,2026-05-20,-1,8.77,285903.4,80392.41,10901.39,5.5,Telangana,0.993,-1
38,SUPPLIER,2026-01-22,124004.82,120335.74,2026-02-21,2026-02-22,1,6.09,243606.46,816284.33,73761.82,2.66,Maharashtra,0.623,1
25,SUPPLIER,2026-06-13,42243.94,43417.44,2026-06-20,2026-06-27,7,4.49,217626.44,174496.89,40397.81,10.44,Andhra Pradesh,0.703,7
35,BUYER,2026-03-09,83447.75,82165.93,2026-03-16,,-1,6.6,493776.17,450811.87,191222.8,2.86,Maharashtra,0.534,-1
2,SUPPLIER,2026-02-05,26949.99,27075.27,2026-02-20,2026-02-19,-1,1.39,436219.37,26674.66,126128.83,19.05,Kerala,0.514,-1
9,SUPPLIER,2026-01-03,16894.0,16856.79,2026-02-02,2026-02-01,-1,2.79,87542.44,58671.34,37980.93,3.64,Delhi,0.378,-1
12,BUYER,2026-05-10,20560.02,21148.97,2026-05-17,,-2,4.39,282741.75,117338.55,115949.4,15.31,Karnataka,0.832,-2
33,BUYER,2026-06-25,55894.15,55499.87,2026-07-02,2026-07-03,1,6.23,382351.9,291471.56,274660.13,18.98,Karnataka,0.918,1
40,SUPPLIER,2026-01-17,41201.77,40378.07,2026-01-24,2026-01-23,-1,3.64,184306.16,230615.39,121834.45,11.8,Kerala,0.377,-1
29,BUYER,2026-03-19,54860.11,55358.01,2026-03-26,2026-03-26,0,0.1,315601.49,322028.6,57912.52,18.84,Andhra Pradesh,0.624,0
21,BUYER,2026-01-24,8525.9,8661.17,2026-02-23,2026-02-22,-1,4.61,350651.33,21337.87,29689.92,18.74,Tamil Nadu,0.429,-1
9,SUPPLIER,2026-01-29,44098.31,43670.78,2026-02-05,2026-02-06,1,5.03,82920.94,151000.75,72029.38,2.02,Delhi,0.341,1
2,SUPPLIER,2026-04-24,10804.61,10629.51,2026-05-09,2026-05-07,-2,5.09,495474.53,75076.62,22908.62,11.37,Kerala,0.823,-2
33,BUYER,2026-06-09,9594.47,9815.06,2026-06-16,2026-06-15,-1,8.22,449260.04,57769.17,17872.83,4.41,Karnataka,0.892,-1
22,SUPPLIER,2026-06-08,39645.99,39961.96,2026-06-23,2026-06-22,-1,8.69,99970.73,20323.68,100044.72,2.48,Kerala,0.879,-1
20,SUPPLIER,2026-01-29,28218.05,27701.35,2026-02-28,2026-03-01,1,5.86,518856.06,28928.26,63965.49,15.13,Tamil Nadu,0.342,1
28,SUPPLIER,2026-06-17,14930.32,14524.19,2026-06-24,2026-06-25,1,5.21,281114.95,74718.35,80093.13,10.68,Delhi,0.984,1
38,SUPPLIER,2026-06-26,22064.27,22023.59,2026-07-11,2026-07-13,2,3.44,234600.15,73502.5,124075.88,10.98,Maharashtra,0.937,2
4,BUYER,2026-01-07,14748.41,15094.24,2026-01-22,2026-01-20,-2,2.54,281147.43,89529.11,22227.48,15.74,Karnataka,0.4,-2
7,BUYER,2026-02-01,22015.21,22455.44,2026-02-08,2026-02-08,0,3.46,323731.23,127102.46,13096.45,5.59,Maharashtra,0.462,0
2,SUPPLIER,2026-02-08,15812.66,15887.86,2026-02-23,2026-02-21,-2,7.86,357858.16,14968.6,46333.91,19.74,Kerala,0.42,-2
3,BUYER,2026-01-28,28397.85,27976.74,2026-02-04,,0,1.78,107030.17,100873.58,59789.45,6.07,Gujarat,0.563,0
5,BUYER,2026-05-28,8803.88,9028.4,2026-06-04,2026-06-03,-1,9.64,115750.65,29746.21,41183.91,13.4,Tamil Nadu,0.896,-1
13,BUYER,2026-01-13,37736.05,37224.4,2026-02-12,2026-02-15,3,12.35,148610.6,21803.75,187713.71,12.74,Maharashtra,0.471,3
1,SUPPLIER,2026-03-07,16312.87,16069.38,2026-03-22,,-2,2.46,135153.94,17865.47,21142.38,2.89,Andhra Pradesh,0.412,-2
40,SUPPLIER,2026-06-08,92848.46,91930.48,2026-06-15,2026-06-25,10,4.2,204532.08,599375.81,86105.8,5.96,Kerala,0.931,10
11,SUPPLIER,2026-04-10,52175.73,52949.99,2026-04-17,2026-04-20,3,0.11,429409.12,170090.79,271501.57,12.54,Andhra Pradesh,0.774,3
26,SUPPLIER,2026-01-29,102599.01,103597.86,2026-02-05,2026-03-02,25,4.57,412594.75,373044.99,128128.22,14.27,Delhi,0.636,25
13,BUYER,2026-05-22,24839.47,24860.32,2026-06-21,2026-07-06,15,13.83,107317.99,24612.1,90847.73,13.89,Maharashtra,0.869,15
7,BUYER,2026-01-21,22930.93,22907.85,2026-02-20,,0,4.6,238194.45,43631.7,53903.28,16.77,Maharashtra,0.568,0
25,SUPPLIER,2026-02-14,11672.37,11592.48,2026-03-01,2026-03-03,2,10.05,302082.96,33407.97,40449.96,19.41,Andhra Pradesh,0.312,2
15,BUYER,2026-04-06,14344.17,14201.26,2026-04-21,2026-04-20,-1,4.69,477003.62,73256.21,81175.98,10.61,Karnataka,0.77,-1
8,BUYER,2026-04-18,45369.68,46677.36,2026-05-03,,7,8.68,70984.59,81810.27,246977.48,10.33,Tamil Nadu,0.857,7
33,BUYER,2026-03-18,13503.68,13726.07,2026-03-25,2026-04-04,10,6.1,457092.08,16767.18,69431.6,12.23,Karnataka,0.465,10
24,SUPPLIER,2026-06-09,29764.5,30265.3,2026-06-16,2026-06-16,0,7.65,228321.85,51165.06,16816.66,4.88,Maharashtra,0.907,0
30,BUYER,2026-02-15,23955.67,23331.01,2026-03-02,,-2,4.78,183064.14,189270.09,72034.4,6.94,Telangana,0.399,-2
8,BUYER,2026-06-22,26340.82,26555.43,2026-07-07,2026-07-08,1,8.67,81085.75,204722.71,152169.19,2.81,Tamil Nadu,0.999,1
13,BUYER,2026-03-01,24924.33,24226.31,2026-03-08,2026-03-07,-1,11.24,151459.29,81578.69,126051.97,8.98,Maharashtra,0.33,-1
30,BUYER,2026-01-01,121337.81,123401.3,2026-01-08,2026-01-07,-1,4.2,140132.57,530052.38,240473.32,19.38,Telangana,0.612,-1
3,BUYER,2026-04-21,81331.83,79351.79,2026-05-06,2026-05-09,3,4.14,156999.13,146060.71,47298.17,17.13,Gujarat,0.761,3
35,BUYER,2026-05-30,28462.73,28011.05,2026-06-06,,5,8.1,540507.89,211766.8,166272.66,8.26,Maharashtra,0.738,5
40,SUPPLIER,2026-05-09,18505.28,18020.93,2026-05-24,2026-05-24,0,6.16,203246.0,32299.28,16202.57,14.96,Kerala,0.893,0
12,BUYER,2026-04-22,44216.92,45384.04,2026-04-29,,1,4.57,401712.09,182544.57,175854.58,18.74,Karnataka,0.86,1
32,SUPPLIER,2026-05-19,98808.48,97482.75,2026-06-03,2026-06-03,0,7.48,120221.13,593678.51,185894.47,17.08,Kerala,0.915,0
21,BUYER,2026-03-24,21016.54,20874.48,2026-03-31,2026-04-01,1,6.39,369002.58,122100.73,16744.98,3.29,Tamil Nadu,0.491,1
35,BUYER,2026-02-19,25063.36,24355.84,2026-02-26,,2,9.73,498218.06,66171.09,101599.43,3.98,Maharashtra,0.356,2
17,SUPPLIER,2026-03-08,16437.03,16292.43,2026-03-15,2026-03-14,-1,0.89,184158.04,49661.9,58437.0,16.04,Maharashtra,0.407,-1
24,SUPPLIER,2026-01-07,31221.88,31249.11,2026-02-06,,0,4.52,167921.59,232289.09,114693.18,14.16,Maharashtra,0.393,0
12,BUYER,2026-05-13,43958.74,43292.57,2026-06-12,2026-06-10,-2,5.11,396904.66,122993.7,52131.57,13.0,Karnataka,0.751,-2
12,BUYER,2026-03-05,93203.31,94779.1,2026-03-20,2026-03-18,-2,6.0,314996.76,368041.93,232063.41,9.73,Karnataka,0.328,-2
26,SUPPLIER,2026-04-03,47011.57,46078.52,2026-04-10,,29,4.51,412469.55,149490.87,232682.12,7.07,Delhi,0.894,29
35,BUYER,2026-05-16,70447.13,69276.12,2026-05-31,2026-06-14,14,11.75,373415.87,119145.08,285764.27,16.51,Maharashtra,0.939,14
17,SUPPLIER,2026-03-02,63027.22,62323.14,2026-04-01,2026-04-08,7,3.36,149830.05,278839.45,218458.51,7.48,Maharashtra,0.551,7
32,SUPPLIER,2026-02-21,19445.37,19911.45,2026-02-28,2026-03-21,21,3.8,137365.49,45434.53,44646.61,18.28,Kerala,0.492,21
23,SUPPLIER,2026-03-01,25601.74,25079.03,2026-03-08,2026-03-08,0,0.0,79159.47,126518.12,56905.77,14.21,Karnataka,0.502,0
15,BUYER,2026-04-05,15855.18,15888.34,2026-04-12,,1,4.63,487269.91,61000.51,44568.49,3.85,Karnataka,0.92,1
8,BUYER,2026-01-01,53790.15,55130.55,2026-01-16,2026-01-24,8,3.66,70496.56,65639.16,42588.84,15.11,Tamil Nadu,0.311,8
6,BUYER,2026-06-15,72171.52,73786.31,2026-07-15,2026-07-16,1,1.71,200805.64,470512.39,329026.56,13.36,Andhra Pradesh,0.733,1
30,BUYER,2026-01-02,49248.58,48249.94,2026-01-09,2026-01-08,-1,6.31,146901.98,22413.24,244295.82,17.1,Telangana,0.318,-1
2,SUPPLIER,2026-06-14,43798.73,43005.84,2026-06-21,,-2,6.26,467625.39,138933.09,98696.33,7.69,Kerala,0.887,-2
23,SUPPLIER,2026-02-25,68179.35,68249.37,2026-03-04,2026-03-02,-2,0.0,82493.8,516762.51,51434.91,19.78,Karnataka,0.543,-2
32,SUPPLIER,2026-01-04,30221.46,29826.28,2026-01-11,2026-01-10,-1,7.49,136076.52,17515.84,110387.44,14.46,Kerala,0.307,-1
21,BUYER,2026-01-26,68757.22,69018.49,2026-02-02,2026-02-06,4,3.59,308787.0,136681.44,335477.53,18.48,Tamil Nadu,0.421,4
9,SUPPLIER,2026-01-29,27437.06,27984.9,2026-02-28,2026-03-10,10,3.49,89330.74,43284.59,100686.61,15.12,Delhi,0.497,10
23,SUPPLIER,2026-03-14,12187.81,12481.0,2026-03-21,2026-03-19,-2,1.51,82108.98,45384.52,44811.75,9.59,Karnataka,0.432,-2
11,SUPPLIER,2026-06-10,24899.39,24962.81,2026-06-17,2026-06-17,0,2.57,427380.14,153059.7,53797.16,11.49,Andhra Pradesh,0.725,0
31,SUPPLIER,2026-01-29,19038.6,19525.18,2026-02-05,2026-02-06,1,1.28,95384.31,40757.94,42510.75,10.41,Delhi,0.309,1
10,BUYER,2026-04-12,39492.26,38382.86,2026-04-27,2026-04-29,2,9.59,287497.8,82281.06,27355.85,6.97,Andhra Pradesh,0.942,2
24,SUPPLIER,2026-04-10,24749.83,24124.01,2026-04-25,,2,10.14,218767.97,51291.64,124385.79,18.53,Maharashtra,0.865,2
26,SUPPLIER,2026-03-11,24620.28,24680.75,2026-03-18,2026-03-25,7,4.0,439828.9,165024.13,46680.95,19.87,Delhi,0.542,7
39,SUPPLIER,2026-01-11,33722.06,32873.11,2026-01-26,2026-01-25,-1,0.33,205284.81,77892.67,41225.28,13.58,Maharashtra,0.307,-1
25,SUPPLIER,2026-05-16,53516.55,54457.83,2026-05-23,,1,8.43,310359.28,181146.55,79023.36,8.88,Andhra Pradesh,0.811,1
21,BUYER,2026-05-19,104353.54,106943.43,2026-05-26,2026-06-05,10,8.35,442167.68,93812.58,145941.51,12.16,Tamil Nadu,0.873,10
19,BUYER,2026-03-20,43884.32,44746.25,2026-04-19,2026-04-20,1,0.9,427178.19,54178.07,192988.01,13.1,Andhra Pradesh,0.65,1
14,SUPPLIER,2026-05-31,155122.39,150771.48,2026-06-07,2026-06-06,-1,6.96,362778.55,86162.85,575150.35,6.89,Karnataka,0.955,-1
30,BUYER,2026-05-16,30887.71,30394.2,2026-05-23,2026-05-22,-1,7.44,153860.65,197328.54,87800.09,16.28,Telangana,0.916,-1
28,SUPPLIER,2026-06-17,29436.21,28767.84,2026-07-02,,0,6.62,283672.27,55330.63,23554.71,4.32,Delhi,0.9,0
30,BUYER,2026-06-28,41446.12,42225.3,2026-07-05,2026-07-04,-1,4.62,185583.92,143670.26,136964.19,14.33,Telangana,0.84,-1
27,SUPPLIER,2026-03-16,17944.56,17914.88,2026-04-15,2026-05-06,21,9.34,229506.35,49934.57,30658.82,3.53,Telangana,0.596,21
15,BUYER,2026-05-18,13899.72,13755.38,2026-06-02,2026-06-01,-1,3.39,463022.72,17706.55,70737.13,7.75,Karnataka,0.913,-1
10,BUYER,2026-01-12,24373.37,24368.49,2026-01-19,,1,7.21,287862.33,139740.32,90294.68,19.05,Andhra Pradesh,0.671,1
37,SUPPLIER,2026-05-21,19232.82,19471.22,2026-06-05,2026-06-04,-1,6.89,411487.86,28109.89,67023.86,5.31,Kerala,0.94,-1
20,SUPPLIER,2026-03-22,14449.7,14464.91,2026-03-29,2026-04-04,6,4.91,542331.71,72715.08,16022.93,4.7,Tamil Nadu,0.492,6
32,SUPPLIER,2026-05-03,67030.59,66093.31,2026-05-10,2026-05-14,4,9.06,106937.87,331099.22,330432.09,2.23,Kerala,0.959,4
34,BUYER,2026-04-25,13160.82,13256.26,2026-05-25,2026-05-23,-2,7.38,119237.56,58297.24,40494.38,9.72,Andhra Pradesh,0.898,-2
12,BUYER,2026-01-21,39906.46,39332.33,2026-02-05,2026-02-19,14,4.89,319301.39,80700.84,157924.56,8.96,Karnataka,0.317,14
7,BUYER,2026-05-01,56517.88,56724.78,2026-05-16,2026-05-26,10,4.44,251533.29,249243.62,187056.89,18.34,Maharashtra,0.786,10
19,BUYER,2026-01-31,82810.99,82106.25,2026-02-07,2026-02-06,-1,0.0,381530.54,89454.94,413876.8,15.02,Andhra Pradesh,0.507,-1
30,BUYER,2026-03-01,10100.79,10249.86,2026-03-16,,11,9.42,170689.11,66180.85,10733.2,19.83,Telangana,0.444,11
20,SUPPLIER,2026-03-27,14120.11,14389.05,2026-04-03,2026-04-11,8,5.12,588660.43,56803.49,71433.19,4.25,Tamil Nadu,0.539,8
8,BUYER,2026-06-24,55986.83,56393.08,2026-07-24,2026-07-24,0,8.37,61253.38,209861.86,12497.86,13.02,Tamil Nadu,0.873,0
39,SUPPLIER,2026-06-25,13176.22,13413.5,2026-07-02,2026-07-02,0,0.52,214092.46,83738.17,52328.51,18.13,Maharashtra,0.961,0
8,BUYER,2026-02-20,30552.68,30114.42,2026-03-22,2026-03-21,-1,4.64,80639.35,133786.74,31394.14,11.13,Tamil Nadu,0.407,-1
4,BUYER,2026-05-28,37031.18,38004.71,2026-06-27,2026-06-26,-1,4.63,297720.03,158367.28,45767.34,4.47,Karnataka,0.722,-1
30,BUYER,2026-03-10,15145.12,15276.55,2026-03-25,2026-04-05,11,11.22,180618.09,13848.99,12461.42,16.59,Telangana,0.564,11
11,SUPPLIER,2026-02-12,40682.74,41418.86,2026-02-27,2026-02-26,-1,0.24,536525.97,127573.47,138368.05,17.19,Andhra Pradesh,0.684,-1
11,SUPPLIER,2026-06-20,23340.54,23594.02,2026-07-05,2026-07-06,1,2.44,458383.02,20128.61,21474.14,7.96,Andhra Pradesh,0.852,1
10,BUYER,2026-02-01,30900.77,31516.3,2026-02-16,2026-02-15,-1,7.51,246721.78,239747.19,54703.8,17.96,Andhra Pradesh,0.364,-1
37,SUPPLIER,2026-01-01,9750.62,9618.91,2026-01-31,2026-02-01,1,8.1,511803.92,54919.1,10428.14,19.13,Kerala,0.475,1
1,SUPPLIER,2026-06-22,60923.08,60014.25,2026-07-22,2026-08-15,24,0.0,133868.49,205085.93,36526.78,9.76,Andhra Pradesh,0.947,24
10,BUYER,2026-05-09,85464.18,87771.24,2026-05-24,2026-05-25,1,7.78,292858.53,303779.9,225878.23,7.24,Andhra Pradesh,0.812,1
28,SUPPLIER,2026-04-30,32435.21,32360.37,2026-05-30,2026-06-02,3,8.98,254655.45,191625.37,173414.91,2.58,Delhi,0.851,3
11,SUPPLIER,2026-06-21,30569.63,30140.15,2026-07-06,2026-07-04,-2,3.23,527570.83,164286.6,63834.82,2.87,Andhra Pradesh,0.977,-2
39,SUPPLIER,2026-03-30,18974.31,18815.05,2026-04-06,2026-04-12,6,4.1,165423.53,127760.02,98703.73,9.41,Maharashtra,0.477,6
1,SUPPLIER,2026-05-30,39134.58,39281.14,2026-06-29,2026-06-28,-1,0.0,117569.46,215162.78,178958.73,3.5,Andhra Pradesh,0.772,-1
16,BUYER,2026-01-04,119908.66,117948.31,2026-01-19,2026-01-20,1,8.29,113796.42,131394.89,360755.41,17.96,Maharashtra,0.7,1
14,SUPPLIER,2026-01-10,27309.66,26961.23,2026-01-17,2026-01-17,0,8.1,380389.02,32063.24,149093.09,6.32,Karnataka,0.438,0
35,BUYER,2026-05-20,11603.35,11950.63,2026-05-27,,-1,6.65,507970.84,15765.39,46898.42,13.22,Maharashtra,0.774,-1
27,SUPPLIER,2026-04-12,21149.34,21187.4,2026-04-27,2026-04-30,3,10.72,270229.4,167870.32,57321.06,14.18,Telangana,0.767,3
36,SUPPLIER,2026-01-18,32576.44,32949.14,2026-02-02,2026-02-01,-1,6.42,103097.97,168513.7,180969.85,17.05,Maharashtra,0.632,-1
27,SUPPLIER,2026-04-09,42565.6,43575.14,2026-05-09,2026-05-13,4,8.53,285423.58,160385.03,236179.09,4.12,Telangana,0.946,4
13,BUYER,2026-06-15,14121.93,13810.19,2026-06-30,2026-07-11,11,11.06,133269.48,27219.03,61037.96,19.43,Maharashtra,0.937,11
26,SUPPLIER,2026-02-04,30713.32,31536.14,2026-02-11,2026-02-11,0,5.28,382944.19,126649.91,71688.67,14.72,Delhi,0.301,0
27,SUPPLIER,2026-06-15,85194.12,83395.02,2026-06-30,2026-07-02,2,8.44,224122.72,68619.05,433397.18,14.07,Telangana,0.711,2
6,BUYER,2026-05-24,25269.42,25427.54,2026-06-23,2026-06-23,0,0.0,212173.46,172078.31,141890.9,2.76,Andhra Pradesh,0.829,0
13,BUYER,2026-01-26,90682.71,89860.91,2026-02-02,2026-02-02,0,14.47,149855.62,566053.22,105863.53,12.52,Maharashtra,0.401,0
23,SUPPLIER,2026-02-22,18933.63,18934.09,2026-03-09,2026-03-19,10,0.71,75852.55,135798.24,84549.8,17.25,Karnataka,0.606,10
5,BUYER,2026-03-22,20904.81,21108.08,2026-03-29,,0,8.0,100339.32,22408.01,94243.25,11.88,Tamil Nadu,0.309,0
37,SUPPLIER,2026-02-14,29807.76,29824.1,2026-03-01,2026-02-27,-2,9.73,518776.64,10985.23,148227.58,11.46,Kerala,0.643,-2
12,BUYER,2026-01-12,14549.6,14445.26,2026-02-11,2026-02-12,1,5.14,350071.19,19713.53,84012.18,3.0,Karnataka,0.592,1
29,BUYER,2026-06-04,67048.62,67349.62,2026-06-19,2026-06-20,1,0.87,267793.37,274155.24,101711.77,8.85,Andhra Pradesh,0.979,1
12,BUYER,2026-03-11,25366.01,26125.04,2026-04-10,2026-04-18,8,3.95,336440.08,17020.57,120724.8,11.77,Karnataka,0.44,8
7,BUYER,2026-06-09,84899.21,84241.68,2026-06-24,2026-06-23,-1,2.13,243051.44,245360.16,227235.0,3.09,Maharashtra,0.864,-1
18,SUPPLIER,2026-04-18,33790.73,32952.5,2026-04-25,2026-05-04,9,0.0,199212.7,176276.45,98131.83,15.56,Gujarat,0.969,9
35,BUYER,2026-01-17,24788.68,24312.02,2026-01-24,2026-01-27,3,10.4,458959.92,145920.01,25665.39,19.74,Maharashtra,0.535,3
8,BUYER,2026-03-13,5510.28,5405.86,2026-03-28,2026-03-26,-2,4.29,78195.01,33863.08,14551.06,4.65,Tamil Nadu,0.59,-2
33,BUYER,2026-05-08,86656.46,87261.93,2026-05-15,2026-05-14,-1,5.84,455446.47,644448.51,511070.88,18.28,Karnataka,0.803,-1
10,BUYER,2026-02-13,59124.9,58462.05,2026-02-20,2026-02-20,0,6.97,247601.43,258670.08,296712.71,15.94,Andhra Pradesh,0.421,0
22,SUPPLIER,2026-05-12,36898.9,36582.95,2026-06-11,2026-06-11,0,6.61,78068.07,211766.94,185771.57,10.02,Kerala,0.981,0
35,BUYER,2026-05-05,12331.7,12198.33,2026-05-12,2026-05-12,0,6.0,435737.36,90196.35,24361.12,4.94,Maharashtra,0.802,0
15,BUYER,2026-06-29,39555.83,40631.79,2026-07-06,,1,6.98,509188.89,43915.62,211211.79,15.27,Karnataka,0.721,1
25,SUPPLIER,2026-02-08,67744.67,67222.56,2026-02-15,2026-02-14,-1,7.74,274086.18,272246.47,342207.3,9.89,Andhra Pradesh,0.427,-1
19,BUYER,2026-05-14,55098.22,54372.44,2026-05-29,2026-05-28,-1,2.75,377490.89,139275.41,247625.23,17.89,Andhra Pradesh,0.911,-1
32,SUPPLIER,2026-01-30,24085.54,23502.38,2026-02-06,2026-02-09,3,8.72,98628.91,184530.62,76957.99,10.88,Kerala,0.693,3
31,SUPPLIER,2026-04-25,66756.5,65304.93,2026-05-10,2026-05-11,1,0.04,99670.71,399375.57,132225.81,3.67,Delhi,0.967,1
3,BUYER,2026-03-02,61487.0,61498.81,2026-04-01,,-2,3.34,126540.36,372727.66,288740.07,6.89,Gujarat,0.685,-2
35,BUYER,2026-05-18,46713.03,46886.7,2026-06-02,2026-06-03,1,4.89,474042.56,371410.06,108729.18,5.54,Maharashtra,0.774,1
32,SUPPLIER,2026-05-09,44205.87,44096.3,2026-05-24,2026-05-24,0,6.61,128412.51,153293.92,212258.18,15.01,Kerala,0.941,0
27,SUPPLIER,2026-03-10,35265.27,35484.71,2026-04-09,,1,9.96,235900.74,86955.41,91200.08,8.73,Telangana,0.519,1
33,BUYER,2026-06-05,17744.92,17666.22,2026-06-12,2026-06-13,1,5.51,422640.0,77475.01,101983.32,17.69,Karnataka,0.934,1
16,BUYER,2026-01-21,30239.94,29939.58,2026-02-20,2026-03-05,13,6.6,121737.61,33807.23,99317.3,3.59,Maharashtra,0.329,13
10,BUYER,2026-04-13,20275.7,19898.99,2026-04-28,2026-04-30,2,9.36,282669.12,73653.13,25274.52,5.08,Andhra Pradesh,0.978,2
22,SUPPLIER,2026-02-03,14807.14,14520.14,2026-02-18,2026-02-18,0,6.42,71884.12,87879.71,51986.18,19.8,Kerala,0.683,0
3,BUYER,2026-06-29,56011.79,55513.27,2026-07-14,2026-07-12,-2,1.96,147545.97,148833.41,178304.56,11.02,Gujarat,0.933,-2
35,BUYER,2026-06-08,41831.71,41556.01,2026-06-15,2026-06-16,1,7.87,433399.09,34975.72,65505.54,18.03,Maharashtra,0.859,1
16,BUYER,2026-02-17,28846.28,28703.04,2026-02-24,,0,8.18,132829.9,16758.5,82838.88,17.22,Maharashtra,0.657,0
21,BUYER,2026-06-20,25078.92,24345.83,2026-07-20,2026-07-21,1,2.76,448519.19,58634.06,19469.77,17.72,Tamil Nadu,0.754,1
27,SUPPLIER,2026-06-17,45433.29,46323.54,2026-06-24,2026-06-24,0,10.89,238903.6,166647.2,258911.17,7.63,Telangana,0.812,0
1,SUPPLIER,2026-03-04,36940.38,36392.32,2026-04-03,2026-04-02,-1,1.8,116150.97,239218.28,72504.0,13.28,Andhra Pradesh,0.68,-1
18,SUPPLIER,2026-06-15,23716.32,23766.83,2026-07-15,2026-08-07,23,0.0,202111.61,171289.61,19510.88,10.78,Gujarat,0.786,23
19,BUYER,2026-06-29,34658.52,34225.93,2026-07-06,2026-07-06,0,0.0,460388.42,71557.02,106174.5,18.55,Andhra Pradesh,0.891,0
4,BUYER,2026-05-27,93989.7,91831.48,2026-06-03,2026-06-02,-1,2.03,231964.77,104024.98,261907.19,8.09,Karnataka,0.758,-1
18,SUPPLIER,2026-05-16,55753.9,55605.94,2026-06-15,2026-06-15,0,0.0,200469.97,379066.58,43131.49,8.84,Gujarat,0.828,0
3,BUYER,2026-01-16,33010.74,33246.13,2026-02-15,2026-02-14,-1,1.99,127423.59,243693.98,86852.4,9.54,Gujarat,0.419,-1
10,BUYER,2026-04-21,23580.51,23366.19,2026-04-28,2026-05-28,30,7.26,252429.84,19672.27,77283.42,3.26,Andhra Pradesh,0.761,30
24,SUPPLIER,2026-03-21,27434.92,27427.43,2026-03-28,2026-03-26,-2,6.16,224124.65,47215.97,66778.07,6.86,Maharashtra,0.589,-2
28,SUPPLIER,2026-01-20,85498.65,87698.25,2026-02-04,2026-02-07,3,6.48,270050.42,460339.2,12724.35,8.25,Delhi,0.44,3
39,SUPPLIER,2026-03-28,38342.14,38462.43,2026-04-27,2026-04-27,0,4.56,182030.62,252450.16,153100.96,14.05,Maharashtra,0.553,0
25,SUPPLIER,2026-06-19,56906.18,57324.17,2026-06-26,2026-06-25,-1,8.12,310173.21,111156.02,111037.02,19.51,Andhra Pradesh,0.783,-1
16,BUYER,2026-02-21,24567.18,24072.16,2026-03-23,,10,8.3,151547.62,41500.45,89692.37,10.58,Maharashtra,0.518,10
22,SUPPLIER,2026-01-06,105556.33,106387.0,2026-01-13,,-2,7.59,74864.72,729865.47,377148.1,15.7,Kerala,0.456,-2
4,BUYER,2026-05-19,17028.89,17232.37,2026-05-26,2026-05-24,-2,2.67,313071.55,132579.5,19736.63,19.11,Karnataka,0.996,-2
34,BUYER,2026-01-05,17196.87,17529.23,2026-01-20,2026-01-23,3,9.01,118383.08,61114.19,97578.62,4.63,Andhra Pradesh,0.373,3
11,SUPPLIER,2026-01-26,42312.58,41767.71,2026-02-25,2026-02-24,-1,3.47,484929.47,201552.27,66123.73,16.41,Andhra Pradesh,0.332,-1
18,SUPPLIER,2026-03-18,25630.12,26307.3,2026-03-25,2026-03-23,-2,1.66,242972.73,119173.24,31577.93,14.92,Gujarat,0.376,-2
28,SUPPLIER,2026-06-08,33361.1,33348.43,2026-06-15,2026-06-15,0,9.24,233774.54,163221.68,125288.13,9.76,Delhi,0.892,0
13,BUYER,2026-04-21,14532.64,14885.99,2026-05-06,2026-05-10,4,11.85,151905.57,11908.06,43062.08,11.08,Maharashtra,0.723,4
7,BUYER,2026-06-22,10126.74,10092.87,2026-06-29,,9,5.26,225606.29,16766.95,58162.01,14.58,Maharashtra,0.786,9
33,BUYER,2026-01-16,13083.58,13068.95,2026-02-15,2026-02-15,0,4.26,388077.04,19725.12,26617.67,13.78,Karnataka,0.596,0
25,SUPPLIER,2026-06-18,32334.58,31624.22,2026-07-03,2026-07-03,0,7.31,312689.13,89460.76,74791.45,19.6,Andhra Pradesh,0.795,0
17,SUPPLIER,2026-01-06,149621.51,149752.5,2026-02-05,2026-02-10,5,5.22,191481.84,986837.48,34172.26,12.97,Maharashtra,0.681,5
22,SUPPLIER,2026-03-04,33962.69,34079.4,2026-03-19,2026-03-19,0,6.99,96064.78,92957.87,134493.48,3.05,Kerala,0.474,0
24,SUPPLIER,2026-05-30,96059.06,97804.89,2026-06-29,2026-07-03,4,8.4,214566.48,439851.31,126015.41,10.64,Maharashtra,0.736,4
13,BUYER,2026-06-24,16743.95,16740.99,2026-07-09,2026-07-11,2,13.48,141413.95,115961.16,68519.34,19.92,Maharashtra,0.975,2
23,SUPPLIER,2026-04-28,58253.93,57038.86,2026-05-05,,20,0.08,63989.69,393111.56,25224.7,11.59,Karnataka,0.885,20
1,SUPPLIER,2026-06-29,356792.61,353789.13,2026-07-29,,3,2.88,108649.74,2423233.38,489591.52,9.9,Andhra Pradesh,0.725,3
21,BUYER,2026-05-18,72843.7,71830.93,2026-05-25,2026-05-25,0,8.65,364245.12,81008.35,335647.42,5.98,Tamil Nadu,0.844,0
12,BUYER,2026-05-11,17113.6,17369.17,2026-05-18,2026-05-17,-1,6.43,377460.14,58950.6,94597.33,3.63,Karnataka,0.752,-1
16,BUYER,2026-01-09,42970.99,44098.27,2026-01-24,2026-01-24,0,5.67,150199.62,69820.1,37524.77,4.01,Maharashtra,0.411,0
30,BUYER,2026-05-30,55436.9,56179.45,2026-06-06,2026-06-06,0,8.88,183861.95,33892.59,22169.52,8.09,Telangana,0.891,0
20,SUPPLIER,2026-05-01,27754.15,28279.05,2026-05-08,2026-05-11,3,7.3,515780.92,152905.65,20992.99,5.7,Tamil Nadu,0.905,3
31,SUPPLIER,2026-02-01,52981.44,54247.88,2026-02-08,2026-02-07,-1,1.43,80479.73,146348.99,116837.26,17.48,Delhi,0.309,-1
37,SUPPLIER,2026-06-10,13259.82,13625.4,2026-06-25,2026-06-23,-2,7.81,468904.14,50737.18,57114.9,19.87,Kerala,0.905,-2
21,BUYER,2026-01-26,31572.03,30811.61,2026-02-02,2026-01-31,-2,5.83,313723.84,87110.62,86016.68,4.47,Tamil Nadu,0.356,-2
12,BUYER,2026-04-12,11890.48,12118.61,2026-04-27,2026-04-26,-1,5.09,342925.96,72430.71,69832.04,19.62,Karnataka,0.998,-1
13,BUYER,2026-04-02,54649.7,54861.64,2026-05-02,2026-05-03,1,12.31,136132.12,75415.94,50709.11,8.43,Maharashtra,0.744,1
3,BUYER,2026-04-13,69885.59,71009.67,2026-05-13,,0,2.26,129204.81,207636.63,326755.11,7.2,Gujarat,0.967,0
18,SUPPLIER,2026-03-02,68488.59,68518.38,2026-04-01,2026-03-31,-1,0.0,182798.27,220656.3,86961.68,16.64,Gujarat,0.323,-1
29,BUYER,2026-03-13,64549.33,65414.88,2026-03-20,2026-03-21,1,0.19,280682.64,276279.12,294163.84,6.37,Andhra Pradesh,0.522,1
2,SUPPLIER,2026-06-23,20605.83,20601.94,2026-07-08,,9,4.07,374388.91,84730.56,27936.31,6.09,Kerala,0.935,9
16,BUYER,2026-03-28,93260.23,96052.27,2026-04-04,2026-04-02,-2,8.78,123476.81,321517.38,395045.13,7.61,Maharashtra,0.469,-2
21,BUYER,2026-04-25,12184.56,12083.13,2026-05-02,,-1,5.97,395708.81,34459.08,51460.41,5.58,Tamil Nadu,0.921,-1
20,SUPPLIER,2026-04-19,67048.62,67705.56,2026-05-04,2026-05-05,1,6.81,560147.2,345144.23,72363.8,13.83,Tamil Nadu,0.894,1
24,SUPPLIER,2026-01-12,34231.17,34514.51,2026-02-11,2026-02-14,3,8.13,184474.59,114793.34,56991.33,18.83,Maharashtra,0.681,3
38,SUPPLIER,2026-01-19,58382.66,59944.08,2026-02-03,,1,4.33,298522.57,49894.54,343978.5,7.81,Maharashtra,0.593,1
13,BUYER,2026-05-21,6782.62,6822.59,2026-06-05,2026-06-06,1,9.0,113015.25,51464.96,27720.34,5.11,Maharashtra,0.748,1
19,BUYER,2026-02-12,26651.53,26000.78,2026-02-27,2026-02-26,-1,2.82,472684.09,166244.6,136372.29,17.18,Andhra Pradesh,0.663,-1
37,SUPPLIER,2026-05-27,16807.3,17106.68,2026-06-11,2026-06-21,10,7.66,451668.49,23631.32,55583.93,15.77,Kerala,0.763,10
1,SUPPLIER,2026-05-27,49470.46,50344.4,2026-06-26,2026-07-22,26,4.99,136979.84,40107.05,269305.67,16.22,Andhra Pradesh,0.817,26
16,BUYER,2026-01-02,25810.25,25266.03,2026-01-09,2026-01-08,-1,6.9,145041.06,133565.14,10014.13,9.56,Maharashtra,0.379,-1
7,BUYER,2026-01-08,37385.7,36385.71,2026-01-23,2026-01-25,2,2.4,278153.45,298089.43,43647.85,18.72,Maharashtra,0.601,2
7,BUYER,2026-02-22,48596.54,49724.6,2026-03-01,2026-03-01,0,2.17,256851.14,317514.96,284579.35,2.46,Maharashtra,0.497,0
22,SUPPLIER,2026-04-10,28842.12,29382.16,2026-05-10,2026-05-08,-2,6.53,72491.61,182030.6,126788.67,16.98,Kerala,0.779,-2
14,SUPPLIER,2026-03-11,17660.98,17764.73,2026-03-18,2026-03-19,1,7.86,396759.01,32976.33,19730.36,14.12,Karnataka,0.552,1
21,BUYER,2026-06-28,8531.93,8542.87,2026-07-05,2026-07-11,6,9.09,391173.22,45284.05,40708.74,2.05,Tamil Nadu,0.845,6
17,SUPPLIER,2026-05-04,25982.63,25662.69,2026-06-03,2026-06-03,0,1.28,144904.44,100148.78,43447.32,17.75,Maharashtra,0.907,0
10,BUYER,2026-06-18,14817.95,14496.5,2026-07-03,2026-07-06,3,9.28,265615.64,105535.77,80012.7,17.14,Andhra Pradesh,0.843,3
13,BUYER,2026-03-31,59962.48,58700.93,2026-04-07,2026-04-12,5,11.03,133126.9,109056.59,129416.52,14.14,Maharashtra,0.652,5
27,SUPPLIER,2026-06-21,35274.01,34667.64,2026-07-06,2026-07-17,11,9.76,236320.8,247446.46,182311.77,12.74,Telangana,0.837,11
15,BUYER,2026-06-13,21287.12,21006.39,2026-06-20,2026-06-21,1,3.58,528593.55,36865.34,53105.71,18.23,Karnataka,0.766,1
34,BUYER,2026-01-27,22429.75,22174.07,2026-02-11,2026-02-10,-1,7.51,130344.4,147435.03,128810.42,10.43,Andhra Pradesh,0.475,-1
7,BUYER,2026-02-18,15000.87,15409.77,2026-03-20,2026-03-18,-2,1.27,246431.41,99031.82,24774.91,5.86,Maharashtra,0.627,-2
17,SUPPLIER,2026-03-10,30380.93,29506.0,2026-04-09,2026-04-09,0,1.71,199473.34,128265.05,91282.51,11.55,Maharashtra,0.551,0
35,BUYER,2026-05-10,47637.35,47841.24,2026-05-17,2026-05-20,3,8.62,467502.57,193257.88,110352.85,4.4,Maharashtra,0.702,3
1,SUPPLIER,2026-05-11,43453.81,44142.04,2026-05-18,2026-05-16,-2,0.0,115346.4,18678.53,110642.93,5.91,Andhra Pradesh,0.772,-2
5,BUYER,2026-03-13,32000.16,32136.38,2026-03-28,2026-03-30,2,9.36,112755.8,132217.74,146538.08,11.39,Tamil Nadu,0.5,2
31,SUPPLIER,2026-01-09,32579.58,32675.3,2026-01-24,2026-01-23,-1,1.86,86499.62,33962.44,66200.92,8.33,Delhi,0.678,-1
38,SUPPLIER,2026-04-21,29990.17,29866.31,2026-05-06,2026-05-06,0,3.3,298887.9,161729.32,166233.77,19.58,Maharashtra,0.815,0
34,BUYER,2026-01-23,38837.36,38677.7,2026-02-22,2026-02-23,1,6.24,130415.92,230611.07,147916.92,9.34,Andhra Pradesh,0.576,1
5,BUYER,2026-06-28,62480.24,61284.65,2026-07-05,2026-07-08,3,9.56,99048.3,272982.44,254827.89,19.79,Tamil Nadu,0.847,3
36,SUPPLIER,2026-04-14,3369.54,3294.22,2026-04-29,,-1,4.52,90096.7,13022.52,17151.96,11.57,Maharashtra,0.702,-1
25,SUPPLIER,2026-06-19,40983.19,40439.36,2026-06-26,2026-06-24,-2,7.48,246768.23,315515.18,40897.79,13.65,Andhra Pradesh,0.782,-2
30,BUYER,2026-03-23,24437.32,24404.61,2026-04-22,2026-04-21,-1,6.74,176342.38,41361.05,27784.14,10.35,Telangana,0.595,-1
32,SUPPLIER,2026-01-03,122834.4,124861.52,2026-01-10,2026-01-20,10,8.71,101385.22,890785.28,539826.23,18.24,Kerala,0.511,10
33,BUYER,2026-05-05,16701.32,16497.98,2026-05-20,2026-05-20,0,6.26,376382.56,111423.86,96442.91,16.29,Karnataka,0.752,0
40,SUPPLIER,2026-06-08,44330.38,43048.79,2026-06-15,2026-06-13,-2,0.82,161400.05,298131.62,168011.17,4.96,Kerala,0.927,-2
38,SUPPLIER,2026-03-06,21766.68,21210.94,2026-03-21,2026-03-22,1,3.92,330704.82,151250.32,91720.2,17.27,Maharashtra,0.668,1
10,BUYER,2026-03-13,36564.62,36945.65,2026-04-12,2026-04-25,13,8.4,284398.52,12234.91,195438.56,15.67,Andhra Pradesh,0.567,13
15,BUYER,2026-01-28,9987.18,10112.51,2026-02-27,2026-02-28,1,3.23,506672.19,23516.4,33790.52,10.9,Karnataka,0.58,1
18,SUPPLIER,2026-06-18,6681.83,6799.93,2026-07-18,2026-07-28,10,0.0,197494.9,12031.51,20341.7,3.5,Gujarat,0.914,10
5,BUYER,2026-04-28,123953.62,126600.78,2026-05-13,2026-05-11,-2,4.4,121370.46,214453.98,537684.85,12.32,Tamil Nadu,0.766,-2
1,SUPPLIER,2026-05-21,33953.39,34298.59,2026-06-20,2026-06-22,2,0.0,119247.8,75945.72,124882.98,18.81,Andhra Pradesh,0.838,2
4,BUYER,2026-02-26,120820.38,121405.44,2026-03-13,2026-03-13,0,2.17,239536.54,161228.35,591175.0,4.13,Karnataka,0.318,0
12,BUYER,2026-03-16,19842.54,19609.15,2026-03-23,2026-03-23,0,4.28,307719.03,74034.62,116514.63,19.67,Karnataka,0.662,0
19,BUYER,2026-06-19,14991.2,14696.53,2026-06-26,,6,0.35,373527.6,21094.86,84086.7,4.84,Andhra Pradesh,0.851,6
39,SUPPLIER,2026-02-09,6326.8,6317.47,2026-02-16,2026-02-15,-1,3.52,181384.15,42508.74,31206.79,15.48,Maharashtra,0.336,-1
34,BUYER,2026-02-12,21888.26,22415.05,2026-02-27,2026-03-16,17,5.12,134929.71,163530.42,117979.93,4.97,Andhra Pradesh,0.583,17
17,SUPPLIER,2026-03-04,36586.21,36937.93,2026-03-11,2026-03-12,1,0.0,147042.12,77354.39,201995.97,6.1,Maharashtra,0.508,1
34,BUYER,2026-05-24,36984.06,36156.41,2026-06-08,2026-06-07,-1,7.4,138988.0,162933.09,37856.5,17.83,Andhra Pradesh,0.86,-1
2,SUPPLIER,2026-04-11,16875.8,16605.76,2026-04-18,2026-04-19,1,3.61,494249.36,15126.61,94744.29,12.63,Kerala,0.908,1
27,SUPPLIER,2026-02-22,25412.77,25963.29,2026-03-01,2026-03-06,5,9.48,221411.75,144313.72,71958.35,15.77,Telangana,0.592,5
7,BUYER,2026-01-12,70943.91,69384.5,2026-01-19,2026-01-23,4,3.03,317572.89,554547.25,114495.3,13.66,Maharashtra,0.616,4
20,SUPPLIER,2026-01-24,14843.35,14895.91,2026-02-23,,1,3.39,466973.71,87624.57,12515.64,4.75,Tamil Nadu,0.564,1
40,SUPPLIER,2026-01-28,33273.73,33900.91,2026-02-12,2026-02-11,-1,2.17,195377.01,51762.24,70090.71,16.06,Kerala,0.431,-1
30,BUYER,2026-01-11,57596.21,56680.07,2026-01-26,2026-01-25,-1,5.84,188904.21,241305.63,96745.11,18.72,Telangana,0.506,-1
17,SUPPLIER,2026-04-17,94232.81,94925.43,2026-04-24,2026-04-22,-2,0.39,138725.37,64949.58,100350.18,10.54,Maharashtra,0.791,-2
4,BUYER,2026-06-29,43374.96,44537.6,2026-07-06,2026-07-31,25,3.94,238945.68,239985.77,54537.46,3.64,Karnataka,0.746,25
33,BUYER,2026-01-27,36776.64,35716.99,2026-02-03,2026-02-02,-1,6.21,373438.09,23126.3,115854.46,5.12,Karnataka,0.606,-1
1,SUPPLIER,2026-03-08,23746.86,23843.64,2026-03-23,2026-03-24,1,0.58,115721.86,52726.56,85736.65,3.0,Andhra Pradesh,0.668,1
19,BUYER,2026-06-06,19530.25,19593.94,2026-07-06,2026-07-04,-2,0.42,338160.0,137781.99,75703.87,3.92,Andhra Pradesh,0.963,-2
23,SUPPLIER,2026-03-26,9311.43,9197.51,2026-04-10,2026-04-08,-2,0.0,73512.35,39259.75,38821.71,16.08,Karnataka,0.33,-2
19,BUYER,2026-03-04,21826.92,22010.09,2026-03-11,2026-03-21,10,0.89,394919.39,60489.2,28217.36,19.63,Andhra Pradesh,0.529,10
12,BUYER,2026-03-30,14115.81,13722.73,2026-04-06,2026-04-04,-2,4.97,361248.49,47956.08,22963.02,17.5,Karnataka,0.696,-2
9,SUPPLIER,2026-04-03,19779.72,19721.44,2026-04-10,,4,2.85,85790.13,113757.82,10596.86,9.57,Delhi,0.744,4
17,SUPPLIER,2026-05-30,25345.34,25179.74,2026-06-06,2026-06-08,2,3.34,158822.11,27687.81,55988.27,11.25,Maharashtra,0.967,2
9,SUPPLIER,2026-03-12,25170.76,25442.11,2026-04-11,2026-04-10,-1,2.07,83744.89,88883.65,57495.63,12.09,Delhi,0.469,-1
2,SUPPLIER,2026-02-09,41888.38,42995.04,2026-02-24,2026-02-24,0,6.47,442917.13,252744.72,144829.41,7.48,Kerala,0.564,0
18,SUPPLIER,2026-01-29,48505.96,49554.35,2026-02-05,2026-02-26,21,0.0,185598.38,287556.43,149498.27,14.0,Gujarat,0.605,21
25,SUPPLIER,2026-04-03,5623.84,5636.98,2026-04-10,2026-04-11,1,6.77,303064.32,28853.85,26855.09,10.18,Andhra Pradesh,0.748,1
39,SUPPLIER,2026-03-19,49390.96,50199.77,2026-04-03,2026-04-23,20,1.81,169298.43,377095.85,258742.11,9.29,Maharashtra,0.408,20
12,BUYER,2026-03-27,39991.98,40191.59,2026-04-11,2026-04-10,-1,2.6,375267.66,167525.94,46229.12,3.53,Karnataka,0.338,-1
8,BUYER,2026-05-02,36933.13,38016.8,2026-05-09,2026-05-08,-1,7.79,81683.64,82878.23,84791.92,7.6,Tamil Nadu,0.807,-1
20,SUPPLIER,2026-05-09,21555.23,21012.59,2026-05-16,2026-05-15,-1,1.85,585113.44,63729.7,113630.25,18.76,Tamil Nadu,0.96,-1
1,SUPPLIER,2026-05-18,27274.41,27649.87,2026-06-02,2026-06-29,27,0.06,133863.85,209085.62,127936.48,4.94,Andhra Pradesh,0.768,27
15,BUYER,2026-03-21,39988.88,39098.7,2026-03-28,2026-03-29,1,6.39,509894.2,289666.04,99121.57,12.07,Karnataka,0.513,1
19,BUYER,2026-06-23,40160.6,40255.13,2026-07-08,2026-07-09,1,2.09,398408.31,243561.82,62601.82,16.04,Andhra Pradesh,0.746,1
22,SUPPLIER,2026-03-20,66271.66,66560.0,2026-04-19,2026-04-17,-2,6.88,93364.11,245471.32,77041.4,12.84,Kerala,0.494,-2
7,BUYER,2026-03-10,33215.01,32303.96,2026-03-17,2026-03-18,1,1.05,248323.0,182955.86,18324.64,5.11,Maharashtra,0.69,1
29,BUYER,2026-04-23,42128.47,42383.12,2026-05-08,,0,0.0,231903.58,271580.4,234042.4,11.82,Andhra Pradesh,0.901,0
35,BUYER,2026-01-21,192779.69,188280.98,2026-02-05,,-2,7.58,422162.9,346604.16,943212.17,7.54,Maharashtra,0.603,-2
33,BUYER,2026-04-08,76284.17,74957.35,2026-04-23,2026-04-24,1,6.9,475586.94,423634.52,221681.79,10.52,Karnataka,0.855,1
30,BUYER,2026-02-01,49756.04,51241.88,2026-02-08,2026-02-10,2,8.77,168050.88,312923.36,23535.11,13.35,Telangana,0.456,2
15,BUYER,2026-05-30,53541.51,53577.55,2026-06-14,2026-06-23,9,5.98,456701.44,31024.69,132640.5,19.57,Karnataka,0.9,9
9,SUPPLIER,2026-02-16,18019.83,17808.6,2026-03-03,2026-03-05,2,4.58,103958.13,82494.62,101011.81,18.54,Delhi,0.537,2
36,SUPPLIER,2026-05-21,36261.33,37111.57,2026-06-05,2026-06-06,1,4.7,86683.75,186595.07,193814.24,2.24,Maharashtra,0.957,1
34,BUYER,2026-02-03,42004.9,42205.51,2026-02-10,2026-02-10,0,9.22,123909.31,249906.09,143226.19,14.43,Andhra Pradesh,0.584,0
22,SUPPLIER,2026-03-20,54224.4,54957.32,2026-03-27,2026-03-27,0,8.05,67918.06,23414.01,230001.14,2.85,Kerala,0.33,0
36,SUPPLIER,2026-05-26,27956.14,27776.58,2026-06-25,2026-06-25,0,3.34,85541.69,204550.93,135170.85,9.39,Maharashtra,0.997,0
27,SUPPLIER,2026-01-29,33963.2,34665.2,2026-02-05,2026-02-03,-2,5.82,252980.46,50207.16,133920.38,17.59,Telangana,0.437,-2
28,SUPPLIER,2026-06-11,29530.66,30400.57,2026-06-18,2026-07-02,14,4.68,242169.94,46407.69,51296.72,7.17,Delhi,0.832,14
3,BUYER,2026-04-16,39529.64,40485.81,2026-04-23,2026-04-23,0,3.39,154485.04,289003.69,185040.34,17.15,Gujarat,0.807,0
16,BUYER,2026-01-15,36294.24,36453.73,2026-02-14,2026-02-19,5,7.1,111282.01,270797.89,196574.17,19.21,Maharashtra,0.405,5
9,SUPPLIER,2026-03-24,19503.5,19608.66,2026-04-23,2026-04-24,1,4.35,93241.16,63781.6,31923.45,2.94,Delhi,0.684,1
16,BUYER,2026-02-07,38035.65,39152.72,2026-02-14,2026-02-18,4,5.77,146078.17,17812.19,119035.14,10.42,Maharashtra,0.357,4
27,SUPPLIER,2026-06-03,25759.2,25025.05,2026-06-18,2026-06-17,-1,10.01,288645.5,147238.22,81488.22,11.53,Telangana,0.932,-1
27,SUPPLIER,2026-02-04,26084.15,26534.08,2026-02-19,2026-02-21,2,8.53,312089.77,189538.94,85988.87,5.34,Telangana,0.449,2
35,BUYER,2026-05-13,51005.72,50285.65,2026-05-20,,2,7.6,495363.42,250957.79,210822.96,12.45,Maharashtra,0.808,2
34,BUYER,2026-02-10,83764.87,81382.1,2026-02-25,,3,9.67,129304.1,225536.28,460061.84,3.24,Andhra Pradesh,0.614,3
5,BUYER,2026-05-09,15865.13,15667.16,2026-05-16,2026-06-07,22,5.48,133120.22,41290.63,10526.21,3.84,Tamil Nadu,0.707,22
5,BUYER,2026-06-11,25558.02,25028.99,2026-06-18,2026-07-04,16,7.35,94032.11,96287.49,50188.54,14.17,Tamil Nadu,0.768,16
2,SUPPLIER,2026-01-19,39415.82,38346.52,2026-02-03,2026-02-27,24,5.33,487076.37,276693.47,55120.96,15.28,Kerala,0.348,24
35,BUYER,2026-01-11,36220.23,35514.86,2026-01-18,2026-01-27,9,6.12,437706.95,272437.92,170683.78,13.58,Maharashtra,0.587,9
10,BUYER,2026-05-12,9803.76,9641.43,2026-05-27,2026-06-21,25,8.91,249724.3,70626.03,52326.35,6.19,Andhra Pradesh,0.957,25
26,SUPPLIER,2026-03-29,98569.81,98155.5,2026-04-28,2026-04-29,1,5.2,338927.27,740902.39,362818.1,19.25,Delhi,0.553,1
38,SUPPLIER,2026-04-06,35395.83,34411.63,2026-04-13,,0,3.38,252259.68,107877.02,49134.9,8.18,Maharashtra,0.902,0
5,BUYER,2026-06-08,29286.2,29938.92,2026-07-08,2026-07-13,5,6.98,111719.64,57257.83,83264.75,3.21,Tamil Nadu,0.867,5
28,SUPPLIER,2026-02-19,66317.08,67983.72,2026-02-26,2026-02-27,1,8.98,276573.52,302535.32,267106.01,8.48,Delhi,0.696,1
31,SUPPLIER,2026-06-04,28275.4,28202.99,2026-06-11,2026-06-12,1,4.78,101291.14,187479.42,109963.09,4.77,Delhi,0.751,1
40,SUPPLIER,2026-03-03,14421.64,14059.48,2026-03-10,2026-03-11,1,1.58,225474.43,114165.31,13824.33,4.98,Kerala,0.634,1
15,BUYER,2026-04-22,11370.36,11607.17,2026-04-29,,-1,4.95,553274.7,82715.27,68119.38,18.49,Karnataka,0.807,-1
34,BUYER,2026-03-30,47961.78,47036.08,2026-04-14,2026-04-22,8,10.43,146417.92,185224.31,210848.58,3.19,Andhra Pradesh,0.394,8
30,BUYER,2026-04-22,16661.96,16743.69,2026-05-22,2026-06-17,26,8.95,176951.06,44197.44,99050.62,15.16,Telangana,0.979,26
5,BUYER,2026-02-04,26509.97,26134.1,2026-02-11,,2,9.27,118753.12,149761.66,150599.33,19.48,Tamil Nadu,0.656,2
34,BUYER,2026-01-30,20897.38,21039.25,2026-02-14,2026-02-26,12,10.27,132693.61,109310.39,69967.79,5.23,Andhra Pradesh,0.659,12
26,SUPPLIER,2026-06-19,29112.21,28478.79,2026-07-04,2026-07-04,0,4.31,409895.76,162408.17,160058.3,17.01,Delhi,0.756,0
39,SUPPLIER,2026-03-04,44170.18,44182.47,2026-03-19,2026-03-20,1,3.24,241161.6,66887.4,130602.39,4.01,Maharashtra,0.694,1
34,BUYER,2026-06-01,27694.44,27074.44,2026-06-08,2026-06-07,-1,6.85,133826.67,186997.44,94146.55,9.91,Andhra Pradesh,0.768,-1
12,BUYER,2026-03-20,18066.45,18424.67,2026-04-04,2026-04-03,-1,4.68,370471.2,87083.93,100475.63,4.15,Karnataka,0.483,-1
2,SUPPLIER,2026-05-24,10801.06,10582.87,2026-06-08,2026-06-06,-2,3.7,433448.38,24031.92,49359.97,19.19,Kerala,0.894,-2
21,BUYER,2026-03-27,72085.41,72152.87,2026-04-11,2026-04-11,0,5.33,352669.88,403410.28,241511.01,3.9,Tamil Nadu,0.523,0
20,SUPPLIER,2026-05-05,74537.35,72966.61,2026-05-12,,1,4.21,522659.79,300896.09,345989.11,7.89,Tamil Nadu,0.971,1
7,BUYER,2026-05-09,71535.61,72239.47,2026-05-24,2026-05-22,-2,2.25,275850.17,222051.21,407093.85,2.2,Maharashtra,0.779,-2
12,BUYER,2026-06-11,23224.7,23625.87,2026-06-18,2026-06-19,1,4.95,281550.36,103944.2,138982.84,2.73,Karnataka,0.723,1
10,BUYER,2026-03-27,52738.19,51646.25,2026-04-11,2026-04-09,-2,5.86,272876.59,119559.1,116606.33,11.21,Andhra Pradesh,0.398,-2
38,SUPPLIER,2026-01-24,92744.01,92866.25,2026-02-08,2026-02-09,1,3.36,263927.87,269335.5,203601.16,5.6,Maharashtra,0.626,1
18,SUPPLIER,2026-02-13,21744.22,21111.0,2026-02-28,,-2,1.29,221698.1,164346.13,58454.98,2.98,Gujarat,0.496,-2
31,SUPPLIER,2026-06-16,21307.59,21102.74,2026-07-01,2026-07-02,1,2.29,90457.68,32118.81,69812.17,4.2,Delhi,0.919,1
31,SUPPLIER,2026-05-22,41258.58,41729.16,2026-06-21,2026-06-22,1,2.44,85253.32,245752.55,227825.31,18.73,Delhi,0.883,1
19,BUYER,2026-01-10,28749.75,28240.93,2026-01-25,2026-01-24,-1,1.4,428725.91,146025.97,91281.32,11.86,Andhra Pradesh,0.39,-1
31,SUPPLIER,2026-03-26,37303.34,36561.51,2026-04-02,2026-04-02,0,3.84,99317.4,99701.72,188738.8,18.7,Delhi,0.417,0
18,SUPPLIER,2026-06-28,18513.31,18674.38,2026-07-13,2026-07-11,-2,0.0,194174.74,113138.21,73265.06,6.43,Gujarat,0.916,-2
18,SUPPLIER,2026-05-31,8380.45,8607.26,2026-06-15,2026-06-23,8,0.0,234015.75,37406.93,13051.73,15.58,Gujarat,0.838,8
34,BUYER,2026-03-22,31886.61,31499.67,2026-04-06,2026-04-22,16,4.87,142628.17,171362.62,16721.01,6.48,Andhra Pradesh,0.456,16
28,SUPPLIER,2026-01-12,53232.81,54390.25,2026-01-27,,-2,6.38,248509.25,250639.13,144270.0,17.27,Delhi,0.49,-2
25,SUPPLIER,2026-03-11,6712.88,6852.25,2026-03-18,2026-03-20,2,7.07,309333.93,27835.08,35679.25,11.29,Andhra Pradesh,0.392,2
20,SUPPLIER,2026-03-25,20907.75,20312.78,2026-04-09,2026-04-09,0,5.45,452364.75,60232.31,10450.13,9.85,Tamil Nadu,0.305,0
31,SUPPLIER,2026-01-15,42646.75,41893.18,2026-01-22,2026-01-21,-1,0.0,97994.03,56558.99,92482.02,2.91,Delhi,0.689,-1
14,SUPPLIER,2026-04-10,23862.47,23218.04,2026-04-17,2026-05-06,19,8.47,397856.1,146082.25,35533.65,14.01,Karnataka,0.744,19
1,SUPPLIER,2026-02-05,24886.44,25408.02,2026-02-12,2026-02-12,0,1.25,108712.59,108301.96,145832.95,13.57,Andhra Pradesh,0.347,0
29,BUYER,2026-05-09,28297.17,28995.85,2026-05-16,2026-05-21,5,0.0,264007.12,59710.77,91309.13,14.68,Andhra Pradesh,0.705,5
15,BUYER,2026-06-09,11461.71,11551.16,2026-06-16,2026-06-15,-1,5.4,465946.91,73502.54,35505.86,6.72,Karnataka,0.823,-1
3,BUYER,2026-02-06,14755.23,15100.48,2026-02-21,2026-02-19,-2,2.94,133413.68,88367.94,48283.59,7.53,Gujarat,0.394,-2
11,SUPPLIER,2026-03-04,16763.22,16875.97,2026-04-03,,0,3.05,367474.53,97127.61,34139.29,16.34,Andhra Pradesh,0.552,0
8,BUYER,2026-02-21,44298.54,43895.39,2026-03-23,2026-04-18,26,7.99,67353.04,233093.47,252083.73,7.59,Tamil Nadu,0.371,26
16,BUYER,2026-01-16,35999.28,35494.41,2026-01-23,2026-01-21,-2,6.74,163486.76,277934.46,163207.28,10.69,Maharashtra,0.494,-2
15,BUYER,2026-02-07,41438.93,40657.78,2026-02-14,2026-02-12,-2,0.0,464525.82,256191.37,144521.62,13.86,Karnataka,0.545,-2
15,BUYER,2026-05-11,49560.81,50357.46,2026-05-18,2026-05-27,9,4.78,411750.73,254869.38,244998.63,3.41,Karnataka,0.713,9
27,SUPPLIER,2026-06-20,21755.57,21967.57,2026-06-27,,0,8.53,233358.35,167215.42,122508.22,8.36,Telangana,0.835,0
33,BUYER,2026-03-11,28743.51,28289.85,2026-04-10,2026-04-08,-2,5.77,365917.51,82048.72,116113.58,17.77,Karnataka,0.434,-2
11,SUPPLIER,2026-03-11,17781.68,17734.43,2026-03-26,2026-03-24,-2,1.63,468954.76,114146.53,99364.63,18.33,Andhra Pradesh,0.424,-2
24,SUPPLIER,2026-01-08,13809.26,13447.92,2026-02-07,2026-02-08,1,9.41,206968.49,20841.18,80664.9,7.4,Maharashtra,0.404,1
16,BUYER,2026-03-02,74971.29,75713.04,2026-04-01,2026-04-01,0,6.71,112305.49,282901.69,328466.41,8.72,Maharashtra,0.46,0
13,BUYER,2026-06-22,8896.97,8674.93,2026-06-29,,29,12.71,158296.67,23942.86,23853.86,19.43,Maharashtra,0.91,29
31,SUPPLIER,2026-02-10,17553.67,17087.84,2026-02-17,,-2,0.95,84110.9,101055.58,91057.54,3.74,Delhi,0.666,-2
40,SUPPLIER,2026-05-03,13350.57,13368.91,2026-05-10,2026-05-08,-2,5.56,231328.98,33052.77,48194.85,13.3,Kerala,0.745,-2
1,SUPPLIER,2026-06-28,8905.72,8982.73,2026-07-28,2026-07-29,1,0.09,107288.85,26077.31,41449.38,13.08,Andhra Pradesh,0.92,1
21,BUYER,2026-06-04,33862.4,33930.03,2026-06-19,2026-06-17,-2,5.71,400422.46,62231.82,27125.07,10.58,Tamil Nadu,0.984,-2
28,SUPPLIER,2026-02-24,58113.86,56714.34,2026-03-26,,-1,2.35,237945.15,235893.62,157451.45,16.2,Delhi,0.694,-1
30,BUYER,2026-06-05,8992.54,8870.5,2026-06-20,2026-06-28,8,6.76,182112.4,41345.72,26632.69,8.36,Telangana,0.744,8
2,SUPPLIER,2026-04-18,32623.85,32121.97,2026-05-03,2026-05-03,0,5.59,418508.47,187947.37,84853.19,15.89,Kerala,0.845,0
4,BUYER,2026-05-28,38555.22,38684.91,2026-06-12,2026-06-11,-1,3.18,278950.27,169392.28,148505.23,15.68,Karnataka,0.788,-1
19,BUYER,2026-02-03,31541.45,31525.28,2026-03-05,2026-03-06,1,1.18,425342.64,171590.51,14212.23,7.95,Andhra Pradesh,0.593,1
37,SUPPLIER,2026-03-11,64229.18,64147.95,2026-04-10,2026-04-12,2,8.02,394057.33,237881.01,33619.11,5.77,Kerala,0.311,2
1,SUPPLIER,2026-03-21,80069.83,82462.35,2026-04-05,2026-04-03,-2,0.49,117061.91,431648.53,110300.44,19.97,Andhra Pradesh,0.676,-2
34,BUYER,2026-03-23,29089.73,28966.73,2026-04-07,2026-04-10,3,8.08,119988.88,116247.15,58759.07,7.53,Andhra Pradesh,0.651,3
30,BUYER,2026-05-16,48989.43,50448.71,2026-05-23,2026-05-21,-2,5.27,131031.95,253882.35,257966.14,4.3,Telangana,0.934,-2
15,BUYER,2026-04-27,15378.6,15533.5,2026-05-27,2026-05-27,0,6.61,487589.93,24788.01,14430.15,19.23,Karnataka,0.766,0
24,SUPPLIER,2026-05-21,19715.1,19311.24,2026-06-20,2026-06-18,-2,5.9,179942.15,122664.63,23325.96,15.92,Maharashtra,0.927,-2
23,SUPPLIER,2026-03-01,16571.84,16950.93,2026-03-16,2026-03-21,5,0.0,67952.94,69647.54,18352.32,6.56,Karnataka,0.376,5
5,BUYER,2026-02-23,10064.82,10310.74,2026-03-02,2026-03-01,-1,6.48,102637.41,75081.42,19453.16,2.99,Tamil Nadu,0.413,-1
32,SUPPLIER,2026-04-01,12893.29,12888.77,2026-04-16,,4,5.23,111293.18,35879.27,53480.86,19.23,Kerala,0.898,4
25,SUPPLIER,2026-05-02,11754.67,11849.38,2026-05-09,2026-06-05,27,7.94,253935.99,23624.97,29351.21,6.48,Andhra Pradesh,0.804,27
21,BUYER,2026-02-04,46345.07,46261.75,2026-02-11,2026-02-11,0,8.1,303396.02,318536.52,42010.89,7.05,Tamil Nadu,0.515,0
31,SUPPLIER,2026-02-23,41458.44,42337.09,2026-03-02,2026-03-12,10,1.75,95556.96,99681.68,55041.98,2.18,Delhi,0.672,10
21,BUYER,2026-02-24,27735.08,28496.11,2026-03-11,,0,3.68,309019.44,177572.91,100963.76,7.3,Tamil Nadu,0.63,0
30,BUYER,2026-06-25,47665.83,46869.48,2026-07-25,,8,6.33,154774.01,375218.27,197538.15,17.52,Telangana,0.895,8
24,SUPPLIER,2026-03-25,20404.82,21002.55,2026-04-01,2026-04-02,1,9.21,208384.12,109967.97,52991.13,2.18,Maharashtra,0.502,1
23,SUPPLIER,2026-02-01,22463.08,22073.92,2026-02-08,2026-02-06,-2,0.0,75522.99,156605.87,78525.56,19.95,Karnataka,0.41,-2
18,SUPPLIER,2026-06-18,40267.7,39688.47,2026-06-25,,0,1.03,238485.32,167588.05,161389.72,9.17,Gujarat,0.996,0
24,SUPPLIER,2026-03-27,35936.25,36421.48,2026-04-11,2026-04-17,6,8.09,204406.61,160642.79,131120.46,14.67,Maharashtra,0.457,6
19,BUYER,2026-06-24,31404.95,30920.94,2026-07-24,,-2,1.62,466621.71,129247.2,162267.26,13.18,Andhra Pradesh,0.778,-2
23,SUPPLIER,2026-03-03,29543.16,29312.22,2026-03-10,2026-03-16,6,0.75,93943.83,49353.72,101295.89,12.55,Karnataka,0.673,6
11,SUPPLIER,2026-05-10,15758.07,15708.03,2026-05-17,2026-05-26,9,4.84,381601.2,83211.03,10841.33,4.78,Andhra Pradesh,0.843,9
9,SUPPLIER,2026-01-01,37819.81,38714.23,2026-01-08,2026-01-07,-1,1.54,94269.96,162430.99,130320.14,12.33,Delhi,0.386,-1
6,BUYER,2026-02-03,48976.64,49399.75,2026-02-10,2026-02-09,-1,0.24,173857.28,151099.41,275496.15,17.87,Andhra Pradesh,0.519,-1
24,SUPPLIER,2026-05-05,25416.33,25434.51,2026-05-20,,2,7.53,224655.75,195364.77,43239.78,14.57,Maharashtra,0.823,2
15,BUYER,2026-03-29,46500.72,45229.2,2026-04-05,2026-04-05,0,2.91,441676.54,98315.95,10904.75,6.91,Karnataka,0.653,0
18,SUPPLIER,2026-05-21,17853.36,17823.88,2026-06-05,,-1,0.96,187963.03,40942.38,80252.27,15.99,Gujarat,0.952,-1
3,BUYER,2026-05-23,43255.64,42013.02,2026-05-30,,1,0.9,119685.81,179952.82,107581.52,6.76,Gujarat,0.784,1
4,BUYER,2026-03-25,21864.72,22247.49,2026-04-01,2026-04-02,1,2.34,304968.36,55931.99,111583.56,9.37,Karnataka,0.458,1
18,SUPPLIER,2026-05-04,19938.37,19500.16,2026-05-11,2026-05-11,0,0.89,208878.56,100111.72,112190.44,5.53,Gujarat,0.953,0
3,BUYER,2026-05-27,31514.16,31623.83,2026-06-11,2026-06-11,0,2.32,156839.94,14940.1,75085.68,6.26,Gujarat,0.758,0
22,SUPPLIER,2026-01-03,61404.11,62867.79,2026-01-18,2026-01-22,4,7.18,70717.53,336432.28,40205.24,14.98,Kerala,0.576,4
6,BUYER,2026-05-15,14953.29,14510.84,2026-06-14,2026-06-12,-2,1.96,208279.88,17729.14,35012.37,19.68,Andhra Pradesh,0.991,-2
36,SUPPLIER,2026-04-16,24581.55,24442.1,2026-04-23,,1,4.28,107577.19,25744.31,32356.53,16.38,Maharashtra,0.852,1
10,BUYER,2026-05-30,37766.13,36637.33,2026-06-29,2026-07-03,4,8.07,213485.35,28192.57,174563.89,13.79,Andhra Pradesh,0.724,4
39,SUPPLIER,2026-05-16,17988.92,17763.39,2026-05-31,2026-05-31,0,3.74,209857.29,52929.61,27333.86,12.17,Maharashtra,0.944,0
24,SUPPLIER,2026-05-11,20934.33,20380.97,2026-06-10,2026-06-09,-1,8.04,206051.64,76049.82,101178.76,3.86,Maharashtra,0.913,-1
32,SUPPLIER,2026-04-26,11627.43,11365.01,2026-05-26,2026-05-25,-1,6.73,115455.36,36595.3,69004.78,5.43,Kerala,0.82,-1
17,SUPPLIER,2026-01-31,18162.99,17650.85,2026-02-07,2026-02-07,0,3.51,192704.04,144845.59,33846.09,16.16,Maharashtra,0.379,0
18,SUPPLIER,2026-01-04,25451.07,25647.42,2026-01-19,2026-01-20,1,0.89,250493.55,190844.3,28347.95,14.15,Gujarat,0.69,1
1,SUPPLIER,2026-01-29,45408.08,45375.26,2026-02-28,2026-03-03,3,1.86,105793.02,356874.99,119309.22,3.9,Andhra Pradesh,0.348,3
13,BUYER,2026-06-07,52197.37,53195.14,2026-06-22,2026-06-24,2,13.67,132877.15,265084.72,69382.74,3.5,Maharashtra,0.703,2
35,BUYER,2026-06-10,10513.43,10284.05,2026-06-17,,0,9.9,484084.48,32759.11,52785.04,4.53,Maharashtra,0.832,0
17,SUPPLIER,2026-03-20,59528.29,60647.47,2026-04-04,2026-04-02,-2,2.86,178314.29,296433.52,46449.81,11.76,Maharashtra,0.561,-2
17,SUPPLIER,2026-02-15,17385.91,17127.91,2026-02-22,2026-02-22,0,0.83,187279.24,93097.89,39035.14,16.76,Maharashtra,0.583,0
19,BUYER,2026-04-27,82295.07,80716.47,2026-05-12,2026-05-30,18,5.14,424274.85,304944.41,262527.99,5.04,Andhra Pradesh,0.771,18
32,SUPPLIER,2026-06-17,85762.25,87719.75,2026-06-24,,10,5.28,118771.36,203855.5,351968.2,18.53,Kerala,0.921,10
17,SUPPLIER,2026-05-24,12155.4,11889.72,2026-05-31,2026-06-05,5,3.51,141838.44,15414.27,29198.63,12.24,Maharashtra,0.712,5
20,SUPPLIER,2026-04-05,19365.24,19069.23,2026-05-05,2026-05-03,-2,6.3,455682.74,68706.47,90750.54,3.53,Tamil Nadu,0.745,-2
31,SUPPLIER,2026-04-03,38768.45,39690.54,2026-05-03,2026-05-03,0,0.72,95781.17,53332.28,165914.52,10.13,Delhi,0.77,0
18,SUPPLIER,2026-01-11,63112.38,64801.21,2026-02-10,2026-02-10,0,1.49,177809.94,420925.66,103346.73,15.81,Gujarat,0.631,0
4,BUYER,2026-06-08,72557.6,70414.21,2026-06-15,2026-07-15,30,4.27,255485.94,306291.77,290365.97,17.09,Karnataka,0.798,30
8,BUYER,2026-02-01,24173.43,24243.29,2026-02-08,2026-02-14,6,6.13,72541.25,189104.27,96791.38,9.07,Tamil Nadu,0.649,6
29,BUYER,2026-05-04,30021.42,29536.46,2026-05-11,,3,1.67,242252.78,25581.6,95059.41,6.26,Andhra Pradesh,0.738,3
15,BUYER,2026-02-16,25523.79,24889.52,2026-03-03,2026-03-02,-1,6.15,462776.78,108811.15,93043.27,3.53,Karnataka,0.33,-1
30,BUYER,2026-06-25,65470.37,65405.07,2026-07-25,2026-07-26,1,5.66,194492.38,283083.78,138799.18,4.69,Telangana,0.857,1
24,SUPPLIER,2026-01-25,17585.07,17282.52,2026-02-09,2026-02-08,-1,7.62,163838.35,56523.4,23450.33,2.35,Maharashtra,0.499,-1
13,BUYER,2026-02-26,31488.36,30648.11,2026-03-05,2026-03-06,1,11.9,135124.98,204781.0,67143.35,14.0,Maharashtra,0.563,1
9,SUPPLIER,2026-04-11,98744.87,98980.59,2026-04-26,2026-04-27,1,3.57,75578.12,531584.8,203556.01,10.2,Delhi,0.768,1
36,SUPPLIER,2026-05-20,34462.07,34939.24,2026-06-19,2026-06-17,-2,6.36,118553.87,165634.67,120090.78,19.66,Maharashtra,0.945,-2
15,BUYER,2026-01-29,47483.48,46467.11,2026-02-05,2026-02-10,5,4.11,474884.05,68240.65,59738.57,12.33,Karnataka,0.598,5
5,BUYER,2026-03-07,31243.64,31265.31,2026-03-14,2026-03-15,1,8.28,95885.0,138911.38,68421.55,11.56,Tamil Nadu,0.495,1
25,SUPPLIER,2026-02-17,23622.18,23307.37,2026-02-24,2026-02-23,-1,8.27,314482.74,168110.7,13137.29,2.17,Andhra Pradesh,0.599,-1
20,SUPPLIER,2026-06-11,16087.64,15931.86,2026-06-26,2026-06-25,-1,5.73,537243.75,43082.23,69103.99,18.75,Tamil Nadu,0.963,-1
30,BUYER,2026-05-18,17162.12,16932.75,2026-06-02,2026-06-13,11,5.35,189324.76,22847.22,86544.68,15.94,Telangana,0.815,11
15,BUYER,2026-02-09,40290.75,40276.52,2026-02-16,,-1,5.82,504855.11,38491.83,234066.62,2.55,Karnataka,0.551,-1
21,BUYER,2026-02-12,9647.54,9809.99,2026-02-27,2026-02-28,1,6.39,385325.77,70688.88,54027.59,11.13,Tamil Nadu,0.682,1
32,SUPPLIER,2026-02-14,41464.84,41479.35,2026-02-21,,0,9.01,125934.52,79762.82,246300.88,17.67,Kerala,0.455,0
1,SUPPLIER,2026-05-01,16532.79,16770.5,2026-05-08,,-2,1.18,121676.81,88887.32,89461.37,3.72,Andhra Pradesh,0.783,-2
13,BUYER,2026-04-07,58209.4,59244.6,2026-04-14,2026-04-14,0,14.66,147674.62,33431.16,281137.95,11.46,Maharashtra,0.983,0
13,BUYER,2026-03-17,18323.08,18576.4,2026-04-01,2026-04-05,4,14.45,157979.3,124377.2,89290.0,3.02,Maharashtra,0.484,4
10,BUYER,2026-03-13,15526.03,15383.75,2026-03-20,,0,6.28,295163.21,24054.2,38817.56,4.39,Andhra Pradesh,0.663,0
32,SUPPLIER,2026-01-28,10565.47,10352.39,2026-02-12,2026-02-11,-1,4.04,98484.66,61531.21,11675.14,6.46,Kerala,0.639,-1
6,BUYER,2026-06-08,12103.33,11907.99,2026-06-15,2026-06-16,1,0.56,179653.43,92904.74,29126.65,13.61,Andhra Pradesh,0.79,1
28,SUPPLIER,2026-01-17,45140.78,44596.77,2026-02-16,,1,5.94,199416.21,331910.11,96204.65,7.39,Delhi,0.662,1
25,SUPPLIER,2026-03-19,24281.75,24364.14,2026-03-26,2026-03-25,-1,7.72,256090.13,26006.36,84951.99,2.01,Andhra Pradesh,0.394,-1
27,SUPPLIER,2026-02-16,10946.14,11177.64,2026-02-23,2026-02-22,-1,8.67,238017.28,37484.92,10855.76,10.57,Telangana,0.693,-1
10,BUYER,2026-05-06,15912.03,16160.01,2026-05-13,2026-05-14,1,7.16,292533.89,19643.23,58974.33,19.9,Andhra Pradesh,0.95,1
21,BUYER,2026-06-27,25324.23,25658.82,2026-07-12,2026-07-11,-1,4.92,328816.3,32188.26,78312.91,11.0,Tamil Nadu,0.926,-1
31,SUPPLIER,2026-03-30,12421.4,12196.52,2026-04-14,2026-04-12,-2,3.7,79046.64,71563.43,28065.9,11.04,Delhi,0.479,-2
37,SUPPLIER,2026-05-19,13322.31,13279.34,2026-05-26,2026-05-30,4,8.05,523544.56,61081.49,50239.74,16.31,Kerala,0.958,4
3,BUYER,2026-06-12,43722.32,43854.39,2026-06-19,2026-06-19,0,2.7,130576.03,49466.56,109191.48,9.46,Gujarat,0.775,0
23,SUPPLIER,2026-02-21,65234.62,66907.29,2026-03-23,2026-03-23,0,0.72,71422.8,246582.66,300138.97,19.87,Karnataka,0.464,0
22,SUPPLIER,2026-04-15,58343.16,57134.73,2026-04-22,2026-04-24,2,9.32,79365.23,159232.36,320556.39,12.5,Kerala,0.865,2
29,BUYER,2026-06-01,35730.56,35046.7,2026-06-08,2026-06-07,-1,1.38,291273.5,143029.29,135581.95,12.91,Andhra Pradesh,0.908,-1
7,BUYER,2026-04-10,7406.07,7586.2,2026-04-25,2026-04-26,1,3.42,257760.1,44472.52,43982.6,5.63,Maharashtra,0.996,1
23,SUPPLIER,2026-03-03,31272.43,31322.57,2026-03-10,,1,1.89,75211.07,89083.18,141160.63,16.94,Karnataka,0.637,1
30,BUYER,2026-02-10,9119.6,9079.51,2026-02-25,2026-03-26,29,5.99,178566.2,11438.93,46314.66,18.31,Telangana,0.596,29
24,SUPPLIER,2026-04-14,38603.03,38178.1,2026-04-29,2026-05-03,4,9.43,188665.03,54789.23,101581.62,12.74,Maharashtra,0.769,4
30,BUYER,2026-05-06,24100.81,23499.81,2026-05-21,2026-05-21,0,7.38,152074.92,119740.83,45280.35,7.9,Telangana,0.979,0
14,SUPPLIER,2026-06-15,23753.51,23147.79,2026-06-30,,-1,6.85,417109.86,112451.6,49040.24,8.82,Karnataka,0.91,-1
24,SUPPLIER,2026-04-01,29543.33,29252.71,2026-04-16,2026-04-21,5,9.52,174124.73,133050.99,141104.58,17.22,Maharashtra,0.889,5
40,SUPPLIER,2026-01-06,46251.65,44972.64,2026-01-13,2026-01-13,0,3.79,165437.22,182536.38,202593.6,12.26,Kerala,0.321,0
6,BUYER,2026-01-26,19573.96,19099.38,2026-02-25,2026-03-04,7,1.62,191478.08,99956.79,37401.25,15.73,Andhra Pradesh,0.638,7
16,BUYER,2026-03-13,22319.02,21814.99,2026-03-28,2026-03-28,0,5.49,140520.94,135783.88,14445.7,13.96,Maharashtra,0.568,0
20,SUPPLIER,2026-06-12,45357.16,44467.81,2026-06-19,2026-06-17,-2,4.81,525137.3,340245.41,101264.9,8.48,Tamil Nadu,0.758,-2
6,BUYER,2026-01-30,61754.69,60279.51,2026-02-14,2026-02-15,1,0.0,202503.76,351124.88,276833.86,18.18,Andhra Pradesh,0.487,1
16,BUYER,2026-05-01,23086.76,22929.28,2026-05-08,2026-05-07,-1,4.15,141271.34,123701.67,94022.55,13.3,Maharashtra,0.9,-1
22,SUPPLIER,2026-03-23,72509.93,73306.45,2026-04-07,,1,4.76,94049.21,556284.5,377243.76,7.98,Kerala,0.489,1
39,SUPPLIER,2026-06-23,74493.67,72429.15,2026-06-30,,-1,4.32,213664.87,334569.68,222420.5,14.45,Maharashtra,0.974,-1
19,BUYER,2026-02-28,23098.61,23374.62,2026-03-15,2026-03-14,-1,1.61,349956.12,119512.51,77400.4,14.52,Andhra Pradesh,0.698,-1
23,SUPPLIER,2026-04-22,42466.46,42959.11,2026-05-22,2026-05-20,-2,0.0,76941.62,63109.0,205786.91,18.43,Karnataka,0.905,-2
34,BUYER,2026-04-25,13601.67,13767.96,2026-05-25,2026-05-26,1,8.57,122889.04,17911.17,38608.85,12.02,Andhra Pradesh,0.799,1
10,BUYER,2026-02-12,86006.73,83700.92,2026-02-19,2026-02-21,2,8.49,240116.58,436649.7,56851.6,12.85,Andhra Pradesh,0.696,2
2,SUPPLIER,2026-06-21,60551.17,59414.63,2026-07-21,2026-07-22,1,6.57,511714.64,136130.62,158994.23,13.28,Kerala,0.936,1
3,BUYER,2026-06-02,17264.83,17411.25,2026-06-09,2026-06-10,1,1.79,151526.39,34349.95,42839.91,16.51,Gujarat,0.931,1
14,SUPPLIER,2026-01-14,18479.05,17959.81,2026-01-21,2026-01-21,0,6.04,363528.27,41744.12,85550.38,8.56,Karnataka,0.459,0
16,BUYER,2026-06-03,15292.87,15576.95,2026-06-18,,1,5.62,159109.65,60041.1,12125.12,17.32,Maharashtra,0.987,1
30,BUYER,2026-06-23,53512.07,54389.02,2026-06-30,2026-07-14,14,8.39,167133.47,188109.71,125967.54,6.77,Telangana,0.872,14
17,SUPPLIER,2026-03-11,12884.14,13109.23,2026-03-18,,-2,1.43,179015.82,31661.76,61867.2,4.97,Maharashtra,0.555,-2
30,BUYER,2026-01-16,19555.3,19943.29,2026-01-31,2026-02-06,6,8.27,177299.98,121176.73,41134.14,16.79,Telangana,0.483,6
31,SUPPLIER,2026-04-23,37263.84,37892.08,2026-05-08,2026-05-15,7,0.73,74545.43,171010.47,178716.6,13.13,Delhi,0.984,7
7,BUYER,2026-03-31,11248.02,11111.65,2026-04-07,,0,4.01,245725.54,25502.87,47197.02,18.97,Maharashtra,0.329,0
30,BUYER,2026-03-20,53807.76,54758.44,2026-04-19,2026-04-20,1,8.43,145159.03,165992.78,312269.56,19.85,Telangana,0.324,1
20,SUPPLIER,2026-03-23,14583.31,14729.93,2026-04-22,,5,5.31,453241.1,19826.48,27689.06,10.23,Tamil Nadu,0.542,5
13,BUYER,2026-02-10,37296.65,37363.11,2026-02-17,2026-02-21,4,12.5,158628.04,46579.74,81401.0,15.79,Maharashtra,0.456,4
37,SUPPLIER,2026-01-28,18028.77,17986.62,2026-02-27,2026-02-28,1,7.92,463397.63,72479.07,101436.02,5.32,Kerala,0.533,1
31,SUPPLIER,2026-05-26,17817.64,17622.86,2026-06-02,2026-06-02,0,1.25,67777.91,110831.76,82649.04,10.3,Delhi,0.862,0
33,BUYER,2026-02-03,50047.57,48607.77,2026-02-18,2026-02-20,2,6.36,393493.69,331177.49,118261.29,7.03,Karnataka,0.415,2
6,BUYER,2026-02-05,27369.53,28139.93,2026-02-12,2026-02-13,1,1.53,217460.95,76137.61,111486.69,9.52,Andhra Pradesh,0.694,1
28,SUPPLIER,2026-04-04,25888.02,25243.31,2026-05-04,2026-05-10,6,3.25,260999.98,166072.55,37723.12,2.55,Delhi,0.909,6
22,SUPPLIER,2026-06-04,61226.77,61467.98,2026-06-11,2026-06-12,1,7.04,72919.43,61413.25,283535.97,5.84,Kerala,0.811,1
25,SUPPLIER,2026-04-17,56920.6,55645.41,2026-05-02,2026-05-10,8,7.6,305811.2,249896.4,40918.57,9.84,Andhra Pradesh,0.818,8
3,BUYER,2026-03-29,49486.76,49740.42,2026-04-13,2026-04-13,0,0.0,147394.66,107754.43,95298.87,14.37,Gujarat,0.65,0
2,SUPPLIER,2026-02-24,21290.09,21335.74,2026-03-03,2026-03-04,1,6.84,492894.09,109253.83,76818.53,19.55,Kerala,0.578,1
21,BUYER,2026-02-15,29034.93,29497.51,2026-02-22,,2,8.34,430642.3,29454.11,71914.23,14.5,Tamil Nadu,0.645,2
39,SUPPLIER,2026-01-01,34385.89,33745.07,2026-01-16,2026-01-22,6,3.52,221291.78,196969.92,92667.27,7.97,Maharashtra,0.557,6
4,BUYER,2026-05-21,26047.31,25582.61,2026-05-28,2026-05-29,1,0.66,277882.4,131434.3,99809.15,17.3,Karnataka,0.824,1
29,BUYER,2026-02-15,49103.93,49613.33,2026-03-02,2026-02-28,-2,0.0,292009.14,154532.73,172420.56,19.69,Andhra Pradesh,0.307,-2
33,BUYER,2026-06-04,18974.47,18450.96,2026-06-11,2026-06-15,4,4.24,501610.38,107405.41,78383.73,18.61,Karnataka,0.987,4
27,SUPPLIER,2026-04-25,27989.15,27695.14,2026-05-10,2026-05-18,8,10.34,290666.2,192869.78,119370.6,11.43,Telangana,0.761,8
15,BUYER,2026-03-05,20552.68,20131.18,2026-04-04,2026-04-03,-1,4.8,470916.02,69445.71,119906.52,7.66,Karnataka,0.653,-1
2,SUPPLIER,2026-06-09,67804.64,66444.78,2026-06-24,2026-07-24,30,3.42,460758.35,350036.28,400222.16,4.97,Kerala,0.788,30
16,BUYER,2026-02-05,115154.07,113982.97,2026-02-20,,3,10.53,147321.63,572343.63,649998.81,3.67,Maharashtra,0.357,3
33,BUYER,2026-03-08,17086.47,17203.22,2026-03-15,2026-03-14,-1,4.34,383563.82,35068.87,81603.19,4.35,Karnataka,0.305,-1
34,BUYER,2026-05-24,5814.91,5836.78,2026-06-08,,1,8.02,115522.99,17864.6,25261.65,4.05,Andhra Pradesh,0.892,1
27,SUPPLIER,2026-04-11,67240.65,67757.85,2026-04-18,,10,9.74,312279.62,318844.48,401750.6,17.92,Telangana,0.863,10
32,SUPPLIER,2026-03-11,15998.59,16421.92,2026-03-26,2026-03-24,-2,6.84,139911.56,48243.81,53897.03,14.81,Kerala,0.492,-2
1,SUPPLIER,2026-06-15,33905.6,34825.74,2026-07-15,2026-07-14,-1,2.66,102013.53,154032.67,60901.87,13.33,Andhra Pradesh,0.825,-1
6,BUYER,2026-06-15,23408.15,23611.1,2026-06-22,2026-06-29,7,0.01,225927.43,121485.84,14419.61,17.29,Andhra Pradesh,0.811,7
26,SUPPLIER,2026-06-25,23691.98,23444.39,2026-07-02,2026-07-01,-1,5.04,331123.47,119973.77,52694.0,8.64,Delhi,0.873,-1
29,BUYER,2026-03-13,9975.22,9969.46,2026-04-12,2026-04-10,-2,0.0,313769.49,75269.47,40514.8,14.85,Andhra Pradesh,0.628,-2
16,BUYER,2026-04-02,13447.43,13653.84,2026-04-17,2026-04-20,3,8.14,152469.82,28690.77,42710.42,11.04,Maharashtra,0.743,3
6,BUYER,2026-04-02,18845.85,18596.77,2026-05-02,2026-05-02,0,0.0,187222.99,16143.98,92111.51,18.35,Andhra Pradesh,0.953,0
5,BUYER,2026-03-03,118090.81,121150.35,2026-03-10,2026-03-09,-1,5.23,134589.36,324278.21,40643.66,9.01,Tamil Nadu,0.384,-1
28,SUPPLIER,2026-03-10,10227.46,10056.46,2026-03-25,2026-03-29,4,6.59,260009.94,10844.31,54434.19,14.64,Delhi,0.515,4
6,BUYER,2026-03-31,26905.58,26111.93,2026-04-07,2026-04-14,7,0.0,229706.33,180401.74,47866.68,16.26,Andhra Pradesh,0.673,7
3,BUYER,2026-06-09,77857.95,78343.17,2026-06-24,2026-06-23,-1,3.79,113950.17,300641.74,273853.27,14.38,Gujarat,0.814,-1
39,SUPPLIER,2026-05-18,55347.05,55859.73,2026-05-25,2026-06-02,8,3.08,185744.86,276172.54,94465.08,16.71,Maharashtra,0.847,8
15,BUYER,2026-05-05,29636.11,29009.25,2026-05-12,2026-05-10,-2,3.39,511221.85,28397.41,127022.18,16.35,Karnataka,0.769,-2
10,BUYER,2026-02-04,37942.48,38824.26,2026-03-06,2026-03-15,9,7.31,297046.36,53750.42,134984.71,10.55,Andhra Pradesh,0.351,9
34,BUYER,2026-05-07,10685.19,10596.91,2026-06-06,2026-06-16,10,6.79,148040.05,85288.32,20051.71,10.42,Andhra Pradesh,0.862,10
29,BUYER,2026-04-21,41658.25,41601.94,2026-05-06,2026-05-07,1,0.0,312723.0,186592.19,95759.64,13.74,Andhra Pradesh,0.727,1
21,BUYER,2026-04-23,18289.1,18734.2,2026-05-08,,1,7.4,417353.68,25969.94,19174.99,6.01,Tamil Nadu,0.935,1
16,BUYER,2026-01-06,20853.2,20811.46,2026-02-05,2026-02-06,1,7.44,159919.05,102839.55,68645.1,9.78,Maharashtra,0.697,1
16,BUYER,2026-02-23,26260.84,26235.57,2026-03-10,2026-03-12,2,8.96,114527.64,65819.71,84944.01,17.27,Maharashtra,0.491,2
23,SUPPLIER,2026-02-15,6019.75,6084.38,2026-03-17,2026-03-26,9,0.0,82006.82,38331.34,15257.67,10.85,Karnataka,0.497,9
21,BUYER,2026-03-08,27401.93,27293.53,2026-04-07,2026-04-09,2,7.27,446319.06,183991.03,77985.58,12.25,Tamil Nadu,0.617,2
8,BUYER,2026-06-27,37573.88,38173.57,2026-07-04,2026-07-02,-2,6.62,79131.19,237313.8,165057.47,18.47,Tamil Nadu,0.771,-2
23,SUPPLIER,2026-06-16,22094.28,21789.06,2026-07-01,2026-06-30,-1,0.44,77721.1,146955.5,93552.7,8.08,Karnataka,0.947,-1
21,BUYER,2026-06-23,24910.09,25096.21,2026-07-23,2026-07-24,1,7.48,439802.67,83474.24,108511.57,6.78,Tamil Nadu,0.703,1
35,BUYER,2026-02-09,17398.31,17733.9,2026-02-16,2026-02-17,1,6.59,494886.33,92801.57,49994.19,2.74,Maharashtra,0.461,1
4,BUYER,2026-05-11,67896.42,69705.02,2026-05-18,2026-05-19,1,2.28,275464.36,12494.08,345735.55,17.61,Karnataka,0.976,1
31,SUPPLIER,2026-06-15,17650.85,17747.45,2026-06-30,2026-07-07,7,0.56,93964.24,10714.82,51284.87,12.0,Delhi,0.718,7
2,SUPPLIER,2026-01-20,27900.85,28204.92,2026-02-19,2026-02-17,-2,6.57,504475.9,111589.87,165354.03,4.03,Kerala,0.464,-2
7,BUYER,2026-06-23,30999.38,31024.1,2026-07-08,,-1,4.19,251079.79,60418.72,163874.45,11.6,Maharashtra,0.86,-1
25,SUPPLIER,2026-04-05,38838.19,39225.08,2026-04-12,2026-04-12,0,7.83,225187.29,254429.52,140301.11,16.62,Andhra Pradesh,0.772,0
20,SUPPLIER,2026-06-26,69991.35,68328.4,2026-07-11,2026-07-10,-1,1.8,428318.58,339253.27,176637.53,16.46,Tamil Nadu,0.762,-1
31,SUPPLIER,2026-01-05,29482.55,28886.4,2026-02-04,2026-02-03,-1,3.68,87382.99,65185.97,98977.86,2.41,Delhi,0.638,-1
18,SUPPLIER,2026-04-12,14274.05,14028.16,2026-04-19,,-2,0.0,172521.07,97411.67,67643.69,9.84,Gujarat,0.99,-2
27,SUPPLIER,2026-04-06,94207.46,93842.17,2026-04-21,,-1,9.31,316124.32,254942.96,557196.94,5.86,Telangana,0.748,-1
40,SUPPLIER,2026-03-31,20015.31,19828.36,2026-04-07,,-2,4.48,227213.22,94451.37,36765.12,16.33,Kerala,0.696,-2
30,BUYER,2026-05-03,12439.84,12260.28,2026-05-18,2026-05-23,5,6.44,130419.45,64904.34,74273.45,5.15,Telangana,0.75,5
29,BUYER,2026-03-31,45209.67,43904.0,2026-04-15,2026-04-22,7,1.27,302857.28,32137.19,18566.39,3.91,Andhra Pradesh,0.675,7
11,SUPPLIER,2026-01-16,14084.45,14455.46,2026-01-31,2026-01-29,-2,4.51,384070.95,97499.64,22236.71,13.7,Andhra Pradesh,0.549,-2
34,BUYER,2026-05-14,15904.94,15955.68,2026-05-21,2026-05-23,2,10.0,157194.16,70728.07,85818.4,12.07,Andhra Pradesh,0.88,2
29,BUYER,2026-01-14,29945.73,29398.85,2026-01-29,2026-02-04,6,0.72,260560.45,20860.03,96507.14,17.05,Andhra Pradesh,0.642,6
22,SUPPLIER,2026-01-10,28967.98,28837.31,2026-01-25,2026-01-28,3,8.23,67661.63,164118.26,23998.71,10.85,Kerala,0.547,3
23,SUPPLIER,2026-04-07,102297.59,104452.14,2026-04-22,2026-04-30,8,0.0,87696.37,195198.59,353576.68,4.53,Karnataka,0.729,8
4,BUYER,2026-01-01,19762.07,20024.7,2026-01-08,2026-01-07,-1,0.56,283756.29,116255.54,40001.87,8.09,Karnataka,0.328,-1
12,BUYER,2026-01-15,79081.79,79567.92,2026-01-22,2026-02-17,26,4.11,390443.3,87252.33,263329.52,19.18,Karnataka,0.463,26
29,BUYER,2026-02-26,31900.41,32050.22,2026-03-28,2026-03-27,-1,0.4,294835.97,92325.77,141301.61,2.45,Andhra Pradesh,0.37,-1
39,SUPPLIER,2026-01-06,25212.47,25345.12,2026-01-21,2026-01-22,1,3.85,199111.63,56127.3,144900.62,10.06,Maharashtra,0.381,1
33,BUYER,2026-06-22,16007.86,15861.36,2026-06-29,2026-06-27,-2,7.3,409945.68,37916.34,20069.92,10.92,Karnataka,0.937,-2
6,BUYER,2026-03-22,35853.92,36271.12,2026-04-06,2026-04-05,-1,1.66,237775.15,60372.93,86412.9,17.95,Andhra Pradesh,0.624,-1
24,SUPPLIER,2026-04-27,41822.83,42258.45,2026-05-12,2026-05-10,-2,7.46,212237.02,49600.45,93905.95,17.59,Maharashtra,0.999,-2
16,BUYER,2026-03-14,9415.52,9415.29,2026-03-21,2026-03-19,-2,8.21,158311.74,33372.44,18936.43,6.87,Maharashtra,0.471,-2
16,BUYER,2026-04-15,32651.39,32021.85,2026-05-15,2026-05-17,2,8.44,154168.71,208162.1,163190.68,7.8,Maharashtra,0.84,2
2,SUPPLIER,2026-06-15,68695.13,69728.52,2026-07-15,2026-07-13,-2,5.37,387062.82,257126.13,86877.25,5.7,Kerala,0.943,-2
26,SUPPLIER,2026-02-10,17802.61,18309.74,2026-02-17,2026-02-18,1,7.66,349320.23,91346.82,61903.5,10.17,Delhi,0.648,1
38,SUPPLIER,2026-06-22,20196.86,20246.9,2026-06-29,2026-06-27,-2,3.03,247061.82,147442.51,80239.28,18.53,Maharashtra,0.923,-2
30,BUYER,2026-04-19,17759.5,17701.34,2026-05-19,2026-05-18,-1,6.22,148565.63,12548.2,78611.99,11.09,Telangana,0.888,-1
1,SUPPLIER,2026-06-19,22366.91,22534.01,2026-07-19,2026-07-19,0,1.52,141798.44,21780.6,79168.33,4.13,Andhra Pradesh,0.93,0
29,BUYER,2026-01-04,39635.04,38667.55,2026-01-11,2026-01-10,-1,0.0,273411.47,293632.97,99506.54,5.83,Andhra Pradesh,0.479,-1
13,BUYER,2026-04-11,39318.29,38944.74,2026-04-18,,1,13.84,138641.12,133901.43,22005.66,18.7,Maharashtra,0.953,1
40,SUPPLIER,2026-02-16,17015.71,17221.57,2026-03-03,,0,2.55,186636.92,52661.41,25462.66,9.91,Kerala,0.684,0
31,SUPPLIER,2026-04-13,19714.12,20187.93,2026-04-28,,-1,3.71,80098.98,126230.03,76943.19,2.83,Delhi,0.749,-1
40,SUPPLIER,2026-05-27,30165.22,29362.25,2026-06-26,2026-06-27,1,5.7,178765.21,178311.69,45424.07,4.06,Kerala,0.869,1
15,BUYER,2026-05-14,21307.77,21713.62,2026-05-21,2026-05-20,-1,6.33,408991.96,106725.36,99740.44,3.01,Karnataka,0.804,-1
30,BUYER,2026-01-09,82574.91,81170.08,2026-01-16,2026-01-17,1,4.93,179907.57,651452.03,94235.04,13.86,Telangana,0.51,1
29,BUYER,2026-02-14,16326.57,16209.56,2026-02-21,2026-03-23,30,1.82,265636.3,117088.25,11346.17,5.07,Andhra Pradesh,0.648,30
29,BUYER,2026-05-26,15941.13,15789.43,2026-06-10,2026-06-08,-2,3.03,329751.19,69838.02,60547.95,12.53,Andhra Pradesh,0.906,-2
12,BUYER,2026-06-19,10590.34,10488.99,2026-07-19,2026-07-29,10,5.44,325144.11,35853.46,23268.19,11.56,Karnataka,0.708,10
9,SUPPLIER,2026-05-20,26550.99,26099.14,2026-06-19,2026-06-18,-1,5.31,85021.08,41323.03,124679.15,4.99,Delhi,0.815,-1
17,SUPPLIER,2026-06-04,13867.23,13537.56,2026-07-04,,-1,2.64,155727.36,87361.23,57821.75,5.18,Maharashtra,0.859,-1
5,BUYER,2026-03-14,46385.33,46751.31,2026-03-21,2026-03-21,0,7.34,126697.77,65183.36,62299.2,12.27,Tamil Nadu,0.479,0
13,BUYER,2026-05-20,18915.98,18924.52,2026-05-27,,8,14.67,120135.81,47584.03,40379.85,11.93,Maharashtra,0.929,8
5,BUYER,2026-04-21,86650.61,86641.94,2026-04-28,,1,8.02,121367.28,331928.23,368238.5,11.49,Tamil Nadu,0.947,1
30,BUYER,2026-04-18,49474.29,49775.8,2026-05-18,2026-05-28,10,5.44,155122.7,159316.4,110054.92,17.58,Telangana,0.736,10
23,SUPPLIER,2026-01-07,14997.86,15177.67,2026-01-22,2026-02-09,18,0.0,81076.87,105760.16,60497.66,10.22,Karnataka,0.369,18
36,SUPPLIER,2026-06-01,57618.26,57653.7,2026-06-16,2026-06-17,1,3.83,99517.8,429975.49,201109.46,12.57,Maharashtra,0.926,1
39,SUPPLIER,2026-04-01,29019.5,29538.0,2026-04-08,,-2,3.31,181885.03,96546.33,145169.81,17.13,Maharashtra,0.802,-2
38,SUPPLIER,2026-01-10,15594.63,15224.29,2026-01-25,2026-01-26,1,5.64,239176.77,70568.89,27408.36,6.46,Maharashtra,0.618,1
20,SUPPLIER,2026-05-13,20553.73,19984.36,2026-05-28,,0,1.7,579565.68,85022.11,13912.89,12.04,Tamil Nadu,0.758,0
36,SUPPLIER,2026-03-21,33248.04,34187.73,2026-04-20,2026-04-21,1,7.01,103766.26,114332.86,110933.68,3.82,Maharashtra,0.699,1
13,BUYER,2026-03-05,27990.87,28461.29,2026-03-20,2026-03-25,5,13.52,154334.52,38514.7,56535.33,18.69,Maharashtra,0.376,5
39,SUPPLIER,2026-01-09,32909.17,32601.34,2026-01-16,2026-01-16,0,2.19,238576.82,49214.84,60983.47,8.37,Maharashtra,0.339,0
20,SUPPLIER,2026-01-25,34386.11,34578.93,2026-02-01,2026-02-02,1,6.25,457214.35,187073.76,126524.08,6.81,Tamil Nadu,0.688,1
22,SUPPLIER,2026-05-15,18069.1,18131.17,2026-05-30,2026-06-11,12,8.63,70239.1,10711.65,33567.15,7.38,Kerala,0.762,12
3,BUYER,2026-06-22,32806.24,33482.19,2026-06-29,2026-06-28,-1,6.4,110328.66,249164.39,166212.89,8.66,Gujarat,0.911,-1
1,SUPPLIER,2026-06-23,33718.74,34196.84,2026-06-30,,1,0.15,141343.18,115722.4,112035.49,6.66,Andhra Pradesh,0.774,1
15,BUYER,2026-01-16,74981.96,76684.28,2026-02-15,2026-02-13,-2,7.52,424849.04,187536.63,176335.46,3.98,Karnataka,0.488,-2
17,SUPPLIER,2026-02-21,21279.74,20981.42,2026-03-23,2026-03-21,-2,0.0,204410.57,118800.38,100867.44,8.1,Maharashtra,0.302,-2
32,SUPPLIER,2026-02-05,55710.6,55442.88,2026-02-20,2026-02-19,-1,7.63,130159.05,226858.71,265407.19,3.67,Kerala,0.512,-1
36,SUPPLIER,2026-04-05,43521.9,43775.88,2026-04-12,2026-04-11,-1,5.82,100599.88,260349.74,159664.43,9.34,Maharashtra,0.862,-1
24,SUPPLIER,2026-04-06,10681.54,10518.12,2026-04-13,2026-04-13,0,7.76,212693.4,60256.87,23581.18,14.58,Maharashtra,0.873,0
21,BUYER,2026-05-06,11402.84,11087.72,2026-05-21,2026-05-25,4,9.16,344868.81,90948.41,37044.24,18.56,Tamil Nadu,0.782,4
4,BUYER,2026-01-31,13986.19,13896.66,2026-02-07,2026-02-06,-1,1.79,285820.96,45324.9,61136.37,2.92,Karnataka,0.301,-1
21,BUYER,2026-06-05,30708.22,31143.09,2026-06-12,2026-06-12,0,6.14,378665.78,117292.15,29017.66,13.75,Tamil Nadu,0.936,0
14,SUPPLIER,2026-04-29,32215.39,32076.14,2026-05-14,2026-05-18,4,8.29,454202.31,132503.3,45827.35,17.51,Karnataka,0.768,4
18,SUPPLIER,2026-02-25,19804.71,20019.92,2026-03-12,2026-03-20,8,0.0,209993.19,92635.07,42430.19,15.85,Gujarat,0.311,8
22,SUPPLIER,2026-05-28,19921.63,19440.7,2026-06-04,,0,7.38,73148.94,127619.69,10764.6,9.92,Kerala,0.994,0
8,BUYER,2026-02-13,13091.9,12710.44,2026-02-28,2026-03-13,13,8.44,60253.17,69529.5,47451.85,3.32,Tamil Nadu,0.491,13
37,SUPPLIER,2026-01-01,23080.17,23701.44,2026-01-08,2026-01-07,-1,6.55,376233.14,181849.41,134659.89,12.2,Kerala,0.306,-1
34,BUYER,2026-05-15,67206.28,66241.73,2026-05-22,2026-05-22,0,6.39,118921.96,185807.78,60356.98,3.62,Andhra Pradesh,0.786,0
2,SUPPLIER,2026-01-30,52596.29,52495.99,2026-03-01,2026-03-10,9,6.3,477817.03,355921.37,169999.41,12.74,Kerala,0.319,9
13,BUYER,2026-01-21,19937.02,20215.93,2026-01-28,2026-01-28,0,11.12,118691.0,16795.6,34678.02,11.34,Maharashtra,0.503,0
23,SUPPLIER,2026-05-27,15038.15,14687.54,2026-06-26,,-2,0.41,76318.13,75114.68,86788.69,2.75,Karnataka,0.833,-2
36,SUPPLIER,2026-03-29,48720.53,48445.22,2026-04-13,2026-04-18,5,9.3,86968.34,337166.93,112437.06,13.45,Maharashtra,0.501,5
14,SUPPLIER,2026-05-30,25259.58,24649.19,2026-06-06,2026-06-05,-1,5.85,467075.63,177379.96,65578.22,2.47,Karnataka,0.84,-1
6,BUYER,2026-04-06,26537.48,26478.96,2026-04-21,2026-04-20,-1,0.0,230670.12,46927.82,158806.01,5.22,Andhra Pradesh,0.919,-1
12,BUYER,2026-04-25,35857.03,35527.73,2026-05-02,2026-04-30,-2,4.01,392354.31,220232.85,12074.89,8.67,Karnataka,0.75,-2
22,SUPPLIER,2026-06-01,24936.14,25006.34,2026-06-08,2026-06-24,16,8.63,76511.05,116906.02,100343.14,17.21,Kerala,0.828,16
29,BUYER,2026-02-04,21504.47,20862.41,2026-02-11,2026-02-12,1,0.0,250560.28,99917.29,116826.75,3.88,Andhra Pradesh,0.663,1
34,BUYER,2026-04-22,49138.02,48384.55,2026-05-07,2026-05-08,1,9.43,128507.6,372818.91,126197.77,7.19,Andhra Pradesh,0.909,1
20,SUPPLIER,2026-05-23,24365.17,24750.73,2026-05-30,2026-05-30,0,4.85,499612.89,161767.61,112898.71,4.05,Tamil Nadu,0.929,0
18,SUPPLIER,2026-05-28,118059.99,116802.86,2026-06-04,2026-06-06,2,0.0,236108.41,564802.36,173083.71,15.01,Gujarat,0.916,2
29,BUYER,2026-05-27,24859.76,24773.22,2026-06-11,2026-06-15,4,0.69,330013.09,100199.26,100266.37,19.43,Andhra Pradesh,0.945,4
16,BUYER,2026-02-01,36909.7,35993.87,2026-02-16,2026-02-16,0,6.55,134188.44,208071.34,111132.15,16.51,Maharashtra,0.471,0
19,BUYER,2026-03-27,40764.46,41039.6,2026-04-11,2026-04-09,-2,0.0,418646.99,290937.02,220153.43,11.97,Andhra Pradesh,0.441,-2
9,SUPPLIER,2026-05-08,22376.83,22491.03,2026-06-07,2026-06-09,2,2.87,109980.3,39076.28,44852.19,12.57,Delhi,0.819,2
27,SUPPLIER,2026-01-03,15676.14,15841.87,2026-01-10,2026-01-17,7,7.56,302122.69,52396.13,44641.39,19.15,Telangana,0.572,7
3,BUYER,2026-02-24,19022.59,18771.38,2026-03-03,2026-03-04,1,1.7,112973.51,28964.74,110796.1,9.64,Gujarat,0.365,1
30,BUYER,2026-04-10,11771.62,12016.63,2026-05-10,,24,7.65,162100.09,81063.9,36328.42,5.71,Telangana,0.704,24
12,BUYER,2026-06-17,35807.87,35643.61,2026-07-02,2026-07-11,9,2.33,311375.44,160888.84,102151.51,4.78,Karnataka,0.809,9
12,BUYER,2026-05-20,16215.52,15736.32,2026-06-04,2026-06-05,1,5.0,323571.43,95391.97,86275.55,4.78,Karnataka,0.847,1
15,BUYER,2026-04-18,8735.14,8762.35,2026-05-03,2026-05-07,4,4.33,397447.67,39121.39,45877.26,3.58,Karnataka,0.777,4
19,BUYER,2026-06-07,19390.74,19634.65,2026-06-22,2026-06-22,0,2.56,476478.33,100373.9,87396.88,4.08,Andhra Pradesh,0.869,0
38,SUPPLIER,2026-05-27,21483.58,20979.95,2026-06-11,2026-06-10,-1,4.29,257980.91,76009.21,122197.34,3.86,Maharashtra,0.877,-1
35,BUYER,2026-03-26,16969.48,16698.3,2026-04-10,2026-04-10,0,6.67,484279.89,106851.94,24271.79,14.23,Maharashtra,0.51,0
25,SUPPLIER,2026-01-22,11040.15,11343.28,2026-02-06,2026-02-06,0,7.98,306762.92,31622.65,52112.48,8.82,Andhra Pradesh,0.565,0
3,BUYER,2026-03-08,15493.54,15040.16,2026-03-15,2026-03-14,-1,4.16,111150.04,87156.5,80213.32,12.96,Gujarat,0.327,-1
30,BUYER,2026-01-17,19093.07,19526.65,2026-01-24,2026-01-22,-2,6.51,165587.66,30162.97,70172.92,3.17,Telangana,0.549,-2
37,SUPPLIER,2026-01-26,10426.63,10581.79,2026-02-10,,1,6.89,396721.67,43944.52,37338.56,15.17,Kerala,0.649,1
6,BUYER,2026-05-26,47267.62,47944.02,2026-06-10,2026-06-09,-1,1.26,198598.08,221820.67,119311.88,4.03,Andhra Pradesh,0.766,-1
1,SUPPLIER,2026-03-28,15156.19,15418.34,2026-04-12,2026-04-13,1,2.07,138210.14,28841.36,86681.39,19.19,Andhra Pradesh,0.562,1
39,SUPPLIER,2026-06-14,31478.42,32327.38,2026-06-29,2026-07-03,4,5.14,200901.51,112027.11,64600.77,3.04,Maharashtra,0.857,4
20,SUPPLIER,2026-04-11,8688.88,8738.2,2026-04-26,2026-04-26,0,6.89,590052.43,65309.79,30368.1,5.17,Tamil Nadu,0.957,0
24,SUPPLIER,2026-03-05,20552.35,20713.63,2026-03-12,2026-03-11,-1,7.53,235451.06,64109.2,94390.25,18.05,Maharashtra,0.327,-1
21,BUYER,2026-06-15,20318.69,20548.73,2026-06-22,2026-06-20,-2,3.81,382176.65,87765.82,67899.6,12.02,Tamil Nadu,0.914,-2
19,BUYER,2026-01-24,15676.91,15847.45,2026-02-23,2026-02-24,1,1.09,416786.03,124721.8,58707.37,12.93,Andhra Pradesh,0.669,1
9,SUPPLIER,2026-05-10,26599.77,26824.81,2026-05-17,2026-05-18,1,3.4,76811.34,35759.21,72867.41,2.05,Delhi,0.771,1
26,SUPPLIER,2026-05-01,29366.64,28585.18,2026-05-08,2026-05-12,4,4.04,297010.03,93064.45,21261.53,9.58,Delhi,0.915,4
4,BUYER,2026-05-03,46305.6,46824.16,2026-05-10,,1,1.93,274704.82,164747.9,242535.81,3.87,Karnataka,0.952,1
31,SUPPLIER,2026-05-07,104218.51,103229.3,2026-06-06,2026-06-06,0,1.46,73697.74,155674.37,337958.16,10.88,Delhi,0.711,0
40,SUPPLIER,2026-01-17,8780.96,8896.26,2026-01-24,2026-01-22,-2,3.71,232848.52,34057.13,28583.99,16.45,Kerala,0.477,-2
4,BUYER,2026-03-30,29712.47,30406.67,2026-04-14,2026-04-18,4,4.26,321893.29,37400.48,172939.61,13.79,Karnataka,0.65,4
6,BUYER,2026-01-02,35638.31,34705.68,2026-01-09,2026-01-07,-2,0.0,196094.33,85197.52,110311.49,12.32,Andhra Pradesh,0.506,-2
14,SUPPLIER,2026-05-13,17218.38,17718.47,2026-05-28,2026-06-03,6,7.68,396900.32,67142.68,34126.22,5.8,Karnataka,0.859,6
18,SUPPLIER,2026-05-14,25437.43,25202.82,2026-05-29,2026-06-07,9,2.14,250103.53,152825.81,150486.9,12.89,Gujarat,0.83,9
32,SUPPLIER,2026-02-17,42262.93,43183.89,2026-02-24,2026-03-23,27,7.09,108096.48,245355.54,213457.06,16.57,Kerala,0.424,27
24,SUPPLIER,2026-04-30,29960.35,29178.1,2026-05-07,2026-05-05,-2,10.3,194145.45,71007.9,67075.55,2.01,Maharashtra,0.948,-2
23,SUPPLIER,2026-03-05,30654.61,30872.83,2026-04-04,2026-04-08,4,0.0,72074.79,107193.56,20770.4,17.8,Karnataka,0.605,4
12,BUYER,2026-06-29,22542.33,22027.06,2026-07-14,2026-07-14,0,5.14,316617.87,63541.05,87265.64,17.2,Karnataka,0.818,0
28,SUPPLIER,2026-04-10,121171.85,120871.55,2026-04-17,2026-04-21,4,2.7,255915.34,865571.07,722370.87,13.81,Delhi,0.922,4
35,BUYER,2026-02-19,52148.2,50912.64,2026-03-06,2026-03-14,8,6.63,422335.31,323198.9,62013.26,8.47,Maharashtra,0.342,8
22,SUPPLIER,2026-01-19,19693.36,19334.29,2026-01-26,2026-01-25,-1,9.76,86493.12,58728.18,34884.9,9.49,Kerala,0.538,-1
20,SUPPLIER,2026-01-12,41559.3,41174.76,2026-01-19,2026-01-17,-2,3.48,582658.92,271325.14,167810.91,18.51,Tamil Nadu,0.692,-2
7,BUYER,2026-01-15,13626.57,13471.21,2026-01-22,2026-02-11,20,4.01,327086.82,96142.44,17638.47,18.95,Maharashtra,0.382,20
23,SUPPLIER,2026-06-10,12363.03,12666.15,2026-06-25,2026-06-24,-1,5.21,85427.04,16294.83,55267.28,16.79,Karnataka,0.723,-1
5,BUYER,2026-01-09,25359.5,25435.5,2026-01-16,2026-01-21,5,9.01,104249.52,130991.72,58511.85,8.89,Tamil Nadu,0.575,5
19,BUYER,2026-04-25,18976.33,18484.76,2026-05-02,2026-04-30,-2,1.49,370614.64,20166.22,74044.45,15.88,Andhra Pradesh,0.71,-2
24,SUPPLIER,2026-04-22,42347.23,43318.14,2026-05-22,2026-05-23,1,9.66,214695.75,198492.57,27055.28,6.61,Maharashtra,0.796,1
13,BUYER,2026-04-08,24319.36,23640.37,2026-04-15,,0,11.59,110484.58,95399.23,36946.28,18.75,Maharashtra,0.809,0
10,BUYER,2026-05-26,26714.39,26518.09,2026-06-10,2026-06-14,4,8.06,276310.78,62424.38,121671.96,12.63,Andhra Pradesh,0.78,4
22,SUPPLIER,2026-04-16,112461.11,113714.06,2026-05-01,2026-05-09,8,10.75,90362.23,478600.62,424988.75,3.32,Kerala,0.804,8
18,SUPPLIER,2026-06-29,30857.52,29997.95,2026-07-06,2026-07-05,-1,0.54,170246.79,130642.22,124451.29,17.83,Gujarat,0.83,-1
26,SUPPLIER,2026-04-28,14242.73,13872.98,2026-05-05,2026-05-07,2,4.83,393534.73,90362.06,76685.76,5.29,Delhi,0.97,2
23,SUPPLIER,2026-06-11,30601.91,30880.14,2026-07-11,2026-07-17,6,0.0,85947.51,153954.14,71148.78,14.18,Karnataka,0.843,6
34,BUYER,2026-01-26,16781.73,17271.27,2026-02-10,2026-02-10,0,6.39,138381.85,39481.98,80994.63,11.45,Andhra Pradesh,0.534,0
26,SUPPLIER,2026-06-08,20363.08,20258.94,2026-06-15,2026-06-14,-1,4.79,427282.67,141627.98,21306.31,12.15,Delhi,0.707,-1
39,SUPPLIER,2026-02-12,13919.04,13843.39,2026-02-27,2026-03-23,24,2.23,224398.95,58047.38,62714.21,5.74,Maharashtra,0.341,24
38,SUPPLIER,2026-03-01,51579.99,51467.76,2026-03-16,,1,3.3,280058.14,156223.91,222754.1,11.03,Maharashtra,0.671,1
4,BUYER,2026-02-01,9627.77,9759.83,2026-03-03,2026-03-04,1,2.93,292288.23,51270.35,34043.39,12.57,Karnataka,0.335,1
27,SUPPLIER,2026-04-06,136001.73,137313.56,2026-04-21,2026-04-20,-1,8.9,300045.97,897948.41,439051.75,19.2,Telangana,0.928,-1
40,SUPPLIER,2026-04-09,118960.22,120149.88,2026-05-09,2026-05-10,1,4.41,218710.4,448430.53,534636.24,18.14,Kerala,0.716,1
40,SUPPLIER,2026-04-25,33531.51,34101.68,2026-05-02,,0,2.58,166374.53,148178.34,31144.84,19.14,Kerala,0.968,0
30,BUYER,2026-06-11,11626.04,11322.96,2026-07-11,2026-07-12,1,7.22,131631.19,31532.92,42613.52,18.04,Telangana,0.816,1
25,SUPPLIER,2026-02-03,8672.36,8929.61,2026-02-10,,0,6.65,246234.89,38170.74,50919.57,13.1,Andhra Pradesh,0.451,0
37,SUPPLIER,2026-02-27,30342.79,30795.72,2026-03-06,2026-03-04,-2,4.78,495932.81,46917.74,120035.73,11.58,Kerala,0.479,-2
7,BUYER,2026-05-12,67970.42,67011.42,2026-05-19,2026-05-19,0,2.53,255992.4,233251.75,179183.39,10.0,Maharashtra,0.941,0
30,BUYER,2026-05-06,31588.15,30749.95,2026-05-13,2026-05-11,-2,6.37,186433.08,84147.72,61909.63,16.83,Telangana,0.709,-2
19,BUYER,2026-01-31,38456.22,38679.31,2026-02-07,2026-02-08,1,0.0,418905.02,252310.02,139713.52,11.62,Andhra Pradesh,0.427,1
29,BUYER,2026-06-28,26057.12,26806.03,2026-07-05,,-2,0.0,279568.79,196396.25,119816.93,18.6,Andhra Pradesh,0.846,-2
30,BUYER,2026-05-04,71357.41,70576.66,2026-05-19,2026-06-18,30,9.51,181342.53,190455.55,39873.98,7.5,Telangana,0.889,30
23,SUPPLIER,2026-04-30,12788.06,13160.98,2026-05-07,,-1,0.0,70983.24,25586.43,66764.22,14.36,Karnataka,0.883,-1
30,BUYER,2026-03-11,115281.35,114256.21,2026-03-26,2026-03-29,3,9.45,130712.8,328681.99,89631.81,8.56,Telangana,0.616,3
26,SUPPLIER,2026-06-22,15411.62,15217.13,2026-07-07,2026-07-07,0,5.85,319775.24,80736.62,46138.54,3.49,Delhi,0.732,0
20,SUPPLIER,2026-04-19,26972.95,27129.99,2026-05-19,2026-05-24,5,3.18,587862.16,15345.7,33135.01,2.02,Tamil Nadu,0.792,5
38,SUPPLIER,2026-06-26,5110.96,5053.28,2026-07-11,2026-07-11,0,2.76,277124.67,34185.22,14946.44,17.03,Maharashtra,0.987,0
12,BUYER,2026-01-25,23169.66,22978.11,2026-02-01,,-2,5.4,342053.17,128272.14,90386.51,8.95,Karnataka,0.58,-2
22,SUPPLIER,2026-03-09,50841.2,51452.1,2026-03-16,2026-03-16,0,10.01,69410.85,270482.39,150652.37,17.16,Kerala,0.446,0
35,BUYER,2026-01-16,56519.1,56345.15,2026-01-31,2026-02-03,3,8.89,542868.36,117582.4,166111.88,17.43,Maharashtra,0.487,3
31,SUPPLIER,2026-03-13,49313.04,48742.03,2026-03-20,2026-04-06,17,0.37,84401.95,17281.39,26876.76,14.39,Delhi,0.341,17
23,SUPPLIER,2026-03-02,91476.55,92753.37,2026-03-17,2026-03-17,0,0.0,75360.89,18909.29,124793.35,17.16,Karnataka,0.536,0
20,SUPPLIER,2026-06-28,22744.36,22152.3,2026-07-13,2026-07-13,0,4.92,581151.52,68861.24,93243.49,10.35,Tamil Nadu,0.859,0
32,SUPPLIER,2026-01-28,23981.68,23508.95,2026-02-12,2026-02-11,-1,4.64,124809.87,140021.37,25204.24,12.47,Kerala,0.622,-1
40,SUPPLIER,2026-01-16,14688.91,14286.14,2026-01-23,2026-01-24,1,4.35,176992.99,11673.95,23703.03,10.04,Kerala,0.464,1
17,SUPPLIER,2026-01-04,29504.47,29724.71,2026-02-03,2026-02-01,-2,3.09,174222.66,48265.55,150477.24,16.27,Maharashtra,0.648,-2
24,SUPPLIER,2026-06-29,44601.1,45358.72,2026-07-14,2026-07-13,-1,7.98,206615.0,219841.26,169021.45,12.43,Maharashtra,0.831,-1
19,BUYER,2026-06-13,15790.68,15566.11,2026-06-20,2026-06-20,0,0.0,396931.69,61815.41,54418.97,17.55,Andhra Pradesh,0.98,0
39,SUPPLIER,2026-04-18,27785.76,27030.19,2026-05-18,2026-05-18,0,4.34,203733.15,154452.8,54891.13,17.68,Maharashtra,0.98,0
16,BUYER,2026-03-29,57507.29,57377.53,2026-04-28,2026-04-26,-2,6.61,117969.13,76962.62,89280.16,17.51,Maharashtra,0.617,-2
8,BUYER,2026-04-09,116527.33,114174.18,2026-04-16,2026-04-16,0,4.95,68685.63,663574.9,219889.31,3.31,Tamil Nadu,0.726,0
18,SUPPLIER,2026-03-01,25274.69,25578.48,2026-03-16,2026-03-15,-1,0.11,240023.92,187560.41,85530.88,11.53,Gujarat,0.643,-1
28,SUPPLIER,2026-01-14,267839.09,265078.64,2026-01-29,2026-02-15,17,5.86,198796.46,1093133.18,1351245.32,16.54,Delhi,0.603,17
23,SUPPLIER,2026-05-29,32740.37,32318.97,2026-06-13,,-1,1.26,91042.95,235580.89,79610.0,12.51,Karnataka,0.955,-1
38,SUPPLIER,2026-03-06,20876.01,20904.25,2026-04-05,2026-04-06,1,3.11,259144.97,133399.82,51556.87,8.22,Maharashtra,0.606,1
33,BUYER,2026-01-18,30230.03,30071.89,2026-02-02,2026-01-31,-2,5.55,466321.53,112552.23,87940.74,18.11,Karnataka,0.483,-2
22,SUPPLIER,2026-06-22,42160.33,43205.75,2026-07-22,2026-07-23,1,4.79,66929.53,161462.05,219081.22,16.21,Kerala,0.884,1
35,BUYER,2026-03-06,70081.71,68940.58,2026-03-13,2026-03-15,2,9.31,509259.92,404151.32,89968.62,19.73,Maharashtra,0.341,2
26,SUPPLIER,2026-01-10,39405.72,39314.8,2026-01-25,,-2,6.01,411168.51,227543.63,109402.18,9.5,Delhi,0.555,-2
13,BUYER,2026-03-25,25913.61,26573.57,2026-04-24,2026-05-04,10,11.03,120197.78,78769.44,78218.88,14.85,Maharashtra,0.381,10
29,BUYER,2026-03-13,28906.49,29649.51,2026-03-20,2026-03-18,-2,1.13,292392.16,11711.19,35657.8,12.42,Andhra Pradesh,0.362,-2
5,BUYER,2026-03-27,15669.96,15668.83,2026-04-11,2026-04-12,1,6.93,90278.21,74716.93,34545.01,6.42,Tamil Nadu,0.302,1
7,BUYER,2026-06-25,24018.39,24008.57,2026-07-02,2026-07-03,1,2.46,254007.44,181904.51,96748.75,13.63,Maharashtra,0.816,1
27,SUPPLIER,2026-04-04,24222.04,24717.89,2026-04-11,2026-04-15,4,7.88,233123.67,40964.88,99754.15,13.35,Telangana,0.952,4
4,BUYER,2026-01-30,68532.77,67418.73,2026-02-14,2026-02-13,-1,2.46,292042.36,331604.07,123149.98,13.27,Karnataka,0.631,-1
2,SUPPLIER,2026-02-18,52304.27,51600.29,2026-03-05,2026-03-06,1,4.1,381227.3,277417.22,192987.83,17.07,Kerala,0.639,1
18,SUPPLIER,2026-05-13,11180.83,10907.58,2026-05-20,2026-05-21,1,0.88,200276.85,64648.48,20504.89,19.48,Gujarat,0.992,1
33,BUYER,2026-05-03,30621.63,30502.18,2026-05-18,2026-05-22,4,9.04,505725.4,188943.8,94469.64,3.1,Karnataka,0.948,4
31,SUPPLIER,2026-04-26,28312.46,28736.12,2026-05-03,2026-05-03,0,0.81,80627.49,117007.05,56563.17,17.95,Delhi,0.833,0
28,SUPPLIER,2026-02-15,35527.51,36142.1,2026-03-02,2026-02-28,-2,7.54,277845.62,137667.35,16051.83,15.11,Delhi,0.485,-2
1,SUPPLIER,2026-01-21,33836.25,33058.75,2026-01-28,2026-01-26,-2,0.0,105491.29,129507.35,200386.32,19.67,Andhra Pradesh,0.466,-2
4,BUYER,2026-04-03,26258.28,26326.3,2026-04-10,2026-04-10,0,1.42,293060.92,108257.13,143626.24,5.6,Karnataka,0.936,0
40,SUPPLIER,2026-01-15,38836.73,37944.35,2026-01-22,2026-01-23,1,4.13,211485.41,31253.89,153894.34,19.56,Kerala,0.301,1
5,BUYER,2026-01-27,33113.95,33046.42,2026-02-03,2026-02-14,11,4.39,127258.7,38304.05,105517.79,14.37,Tamil Nadu,0.605,11
37,SUPPLIER,2026-01-28,32530.13,33390.12,2026-02-04,2026-02-07,3,9.6,505574.81,108008.41,180695.39,6.29,Kerala,0.537,3
35,BUYER,2026-06-11,23042.2,22669.85,2026-06-26,2026-06-25,-1,7.88,514512.94,122441.9,104028.86,2.86,Maharashtra,0.856,-1
13,BUYER,2026-05-11,31672.13,32580.5,2026-05-26,2026-05-31,5,14.14,120568.83,87493.02,97968.64,14.21,Maharashtra,0.991,5
15,BUYER,2026-06-24,18630.75,18388.58,2026-07-01,2026-07-02,1,3.88,510727.23,116749.83,50683.05,2.32,Karnataka,0.862,1
40,SUPPLIER,2026-06-24,50763.61,49816.02,2026-07-01,2026-07-01,0,6.32,161230.68,387475.01,163749.22,17.57,Kerala,0.745,0
32,SUPPLIER,2026-02-19,48035.81,47904.34,2026-03-06,2026-03-04,-2,6.15,129428.28,237346.84,142434.2,7.42,Kerala,0.63,-2
39,SUPPLIER,2026-04-03,24720.48,24226.61,2026-04-18,,-2,6.36,230739.9,44603.85,143774.63,17.35,Maharashtra,0.775,-2
33,BUYER,2026-06-13,23854.25,23366.6,2026-06-20,2026-07-16,26,4.9,509241.01,167086.9,30576.79,17.45,Karnataka,0.988,26
35,BUYER,2026-03-04,53040.65,51514.76,2026-03-11,2026-03-16,5,9.16,476905.63,29754.77,206428.87,9.73,Maharashtra,0.424,5
19,BUYER,2026-01-02,13499.58,13762.46,2026-01-17,2026-01-15,-2,0.58,424664.81,22150.29,32685.03,9.08,Andhra Pradesh,0.597,-2
7,BUYER,2026-01-28,28485.04,27676.9,2026-02-04,2026-02-05,1,0.75,335472.59,56240.47,66178.58,3.76,Maharashtra,0.437,1
4,BUYER,2026-05-14,6944.28,7005.77,2026-06-13,,4,4.11,247485.26,52819.03,35726.08,6.09,Karnataka,0.982,4
37,SUPPLIER,2026-01-21,20007.3,20348.65,2026-02-05,2026-02-08,3,9.3,426990.25,137674.29,40706.29,18.11,Kerala,0.431,3
32,SUPPLIER,2026-05-12,20496.21,19992.99,2026-05-27,2026-06-14,18,6.77,118556.75,159415.98,93466.76,3.58,Kerala,0.952,18
15,BUYER,2026-06-29,16812.17,16776.45,2026-07-29,,1,3.37,489339.4,72670.47,33493.66,6.33,Karnataka,0.966,1
5,BUYER,2026-02-16,36508.12,35499.14,2026-03-18,2026-03-16,-2,5.05,109114.44,121495.65,190094.25,6.69,Tamil Nadu,0.63,-2
35,BUYER,2026-06-07,27404.99,27406.48,2026-06-14,2026-06-17,3,8.79,484035.92,121198.43,70209.7,16.11,Maharashtra,0.857,3
38,SUPPLIER,2026-06-04,27038.38,27163.81,2026-07-04,2026-07-07,3,4.44,291392.73,143945.87,97608.58,12.78,Maharashtra,0.848,3
19,BUYER,2026-01-07,6618.78,6546.14,2026-01-14,2026-01-13,-1,1.54,367359.14,39967.38,36736.19,15.85,Andhra Pradesh,0.379,-1
24,SUPPLIER,2026-01-10,51013.52,52162.92,2026-01-25,2026-01-24,-1,9.63,199061.05,135520.7,240401.63,19.59,Maharashtra,0.377,-1
32,SUPPLIER,2026-02-01,29572.05,28719.89,2026-02-16,2026-02-17,1,8.18,114806.28,42701.16,25381.88,19.73,Kerala,0.329,1
20,SUPPLIER,2026-03-14,45398.38,44273.49,2026-03-29,2026-04-07,9,5.39,592736.32,116183.68,65553.59,2.8,Tamil Nadu,0.652,9
15,BUYER,2026-04-02,29659.59,30526.03,2026-05-02,2026-05-03,1,7.52,538036.14,203595.36,166848.23,3.39,Karnataka,0.737,1
14,SUPPLIER,2026-04-03,11522.54,11604.41,2026-04-18,2026-04-16,-2,7.17,331947.67,67878.53,16334.28,16.31,Karnataka,0.987,-2
3,BUYER,2026-06-03,8708.68,8692.9,2026-06-10,2026-06-11,1,2.5,109885.34,58448.32,48092.75,17.27,Gujarat,0.825,1
37,SUPPLIER,2026-06-18,35217.29,34740.91,2026-07-18,2026-08-12,25,7.89,474017.67,238689.74,104640.78,6.36,Kerala,0.846,25
11,SUPPLIER,2026-06-08,43571.52,44637.38,2026-06-15,2026-06-13,-2,3.68,389660.51,115384.36,131155.78,5.35,Andhra Pradesh,0.757,-2
40,SUPPLIER,2026-02-05,44831.99,44545.35,2026-02-12,2026-02-13,1,2.75,170477.08,183275.9,13904.01,3.51,Kerala,0.35,1
40,SUPPLIER,2026-02-12,68309.61,69797.77,2026-02-27,2026-02-27,0,5.95,174807.26,321185.38,170505.03,5.33,Kerala,0.563,0
8,BUYER,2026-01-03,12414.75,12518.76,2026-01-18,2026-01-21,3,8.49,80437.51,52753.48,43460.04,2.33,Tamil Nadu,0.583,3
5,BUYER,2026-05-22,29500.96,30015.02,2026-05-29,,-1,6.58,124830.97,165452.42,12070.83,19.97,Tamil Nadu,0.77,-1
9,SUPPLIER,2026-06-14,12081.57,12391.44,2026-07-14,2026-07-14,0,3.76,86384.38,52558.04,67985.29,19.8,Delhi,0.855,0
7,BUYER,2026-05-20,6164.39,6001.07,2026-06-19,,-2,3.23,269801.36,15360.19,17792.99,14.2,Maharashtra,0.963,-2
4,BUYER,2026-01-28,75439.8,76174.99,2026-02-04,2026-02-12,8,0.73,231917.04,337237.68,277298.23,18.21,Karnataka,0.579,8
13,BUYER,2026-03-19,80032.02,80268.58,2026-04-03,2026-04-29,26,11.05,117297.66,55457.5,76009.87,6.88,Maharashtra,0.562,26
20,SUPPLIER,2026-05-14,15518.98,15195.17,2026-05-21,2026-05-22,1,8.55,570516.84,96949.45,61398.18,5.35,Tamil Nadu,0.831,1
37,SUPPLIER,2026-04-15,21816.47,21385.38,2026-04-22,2026-05-02,10,6.29,523038.22,160250.08,73304.83,4.83,Kerala,0.806,10
32,SUPPLIER,2026-01-07,39884.88,40711.4,2026-02-06,2026-02-10,4,9.0,106903.3,152705.08,217590.82,6.62,Kerala,0.305,4
25,SUPPLIER,2026-05-14,26382.06,26145.26,2026-05-21,2026-05-21,0,5.98,247548.56,22175.2,36627.13,3.67,Andhra Pradesh,0.719,0
32,SUPPLIER,2026-05-04,140899.99,144223.07,2026-06-03,2026-06-07,4,8.11,101230.03,383673.75,529385.25,11.3,Kerala,0.945,4
37,SUPPLIER,2026-06-03,38731.63,37645.79,2026-06-10,2026-06-08,-2,8.74,431207.79,226297.08,215998.07,2.04,Kerala,0.908,-2
6,BUYER,2026-02-16,106282.6,106877.12,2026-03-03,,-2,0.0,222758.61,687887.59,228000.42,17.94,Andhra Pradesh,0.39,-2
8,BUYER,2026-05-13,27124.14,27499.1,2026-05-20,2026-05-28,8,5.83,69996.3,81104.86,82084.87,11.52,Tamil Nadu,0.846,8
37,SUPPLIER,2026-01-27,28945.98,28274.4,2026-02-03,2026-02-09,6,6.14,479108.12,229183.04,17411.05,18.77,Kerala,0.641,6
28,SUPPLIER,2026-02-17,23386.43,22737.1,2026-02-24,2026-02-25,1,3.86,271033.39,32093.75,20488.06,8.87,Delhi,0.387,1
6,BUYER,2026-05-23,55498.65,54447.36,2026-06-07,2026-06-05,-2,0.6,216973.43,21832.03,32724.64,10.61,Andhra Pradesh,0.738,-2
38,SUPPLIER,2026-01-24,50354.49,50858.89,2026-01-31,,-2,4.62,288806.54,101328.31,287182.47,16.02,Maharashtra,0.406,-2
17,SUPPLIER,2026-01-23,63637.04,65439.99,2026-01-30,2026-01-30,0,0.41,189540.01,426423.86,87592.15,18.86,Maharashtra,0.306,0
4,BUYER,2026-03-25,46497.88,46246.98,2026-04-24,2026-05-03,9,3.51,307172.98,271921.44,188122.13,4.06,Karnataka,0.313,9
17,SUPPLIER,2026-06-16,171755.99,176154.4,2026-07-01,2026-06-29,-2,2.65,153584.24,596878.65,553443.8,16.26,Maharashtra,0.75,-2
13,BUYER,2026-04-17,40580.4,41718.53,2026-04-24,2026-05-09,15,13.08,151201.68,230754.69,55369.22,10.4,Maharashtra,0.936,15
4,BUYER,2026-05-11,52977.62,52612.47,2026-05-26,2026-06-05,10,2.78,337276.64,299307.01,268632.17,8.53,Karnataka,0.825,10
29,BUYER,2026-05-12,31719.48,31742.11,2026-06-11,2026-06-11,0,1.81,267587.31,12447.94,64404.87,5.78,Andhra Pradesh,0.71,0
22,SUPPLIER,2026-03-09,25474.98,25083.94,2026-03-16,2026-03-18,2,6.02,76298.17,197601.92,93418.42,7.7,Kerala,0.502,2
5,BUYER,2026-03-28,16189.98,15819.12,2026-04-27,2026-05-11,14,7.58,123229.53,58515.25,43395.37,9.19,Tamil Nadu,0.688,14
11,SUPPLIER,2026-04-05,79065.38,78498.94,2026-05-05,2026-05-05,0,4.12,470653.77,477393.69,373175.1,13.05,Andhra Pradesh,0.983,0
20,SUPPLIER,2026-04-07,11339.21,11456.95,2026-04-22,2026-04-22,0,6.74,518880.51,48070.37,61816.07,6.65,Tamil Nadu,0.876,0
38,SUPPLIER,2026-04-12,226479.06,220548.82,2026-04-19,2026-04-21,2,6.1,246479.07,555302.32,1129308.07,18.13,Maharashtra,0.966,2
2,SUPPLIER,2026-04-29,25776.93,25103.89,2026-05-06,,1,6.79,494660.37,144550.57,77777.2,8.0,Kerala,0.966,1
35,BUYER,2026-03-10,27385.43,28206.13,2026-03-17,,0,7.22,443277.21,216629.89,57523.39,16.39,Maharashtra,0.626,0
12,BUYER,2026-03-15,22267.17,21971.55,2026-03-22,2026-04-17,26,6.15,328438.02,176838.32,130369.29,15.46,Karnataka,0.468,26
36,SUPPLIER,2026-04-13,21890.57,22320.12,2026-04-20,2026-04-18,-2,5.27,103413.48,23466.39,17128.34,6.57,Maharashtra,0.768,-2
36,SUPPLIER,2026-06-27,30552.94,31380.44,2026-07-12,2026-07-14,2,6.25,93127.06,230175.39,122482.04,4.95,Maharashtra,0.754,2
1,SUPPLIER,2026-01-02,66900.29,65811.98,2026-01-17,2026-01-17,0,2.29,123476.95,157010.71,368965.56,5.66,Andhra Pradesh,0.354,0
28,SUPPLIER,2026-04-12,36610.38,37521.94,2026-05-12,2026-05-12,0,5.25,227197.27,100527.75,118191.02,7.8,Delhi,0.725,0
7,BUYER,2026-02-22,13459.74,13278.92,2026-03-01,2026-03-01,0,3.55,302597.58,14404.08,40430.23,8.6,Maharashtra,0.639,0
21,BUYER,2026-03-18,37480.2,37356.07,2026-04-17,2026-04-18,1,6.3,409062.05,289415.46,107136.07,11.35,Tamil Nadu,0.415,1
6,BUYER,2026-03-01,28631.59,28001.42,2026-03-31,2026-03-30,-1,0.0,192019.47,217536.57,58463.12,6.04,Andhra Pradesh,0.655,-1
2,SUPPLIER,2026-03-17,19627.57,19970.15,2026-04-16,2026-04-15,-1,3.5,450669.11,137030.24,68967.45,8.38,Kerala,0.416,-1
25,SUPPLIER,2026-02-16,25331.18,25640.57,2026-02-23,,26,8.51,299187.39,59359.32,71537.1,19.92,Andhra Pradesh,0.401,26
24,SUPPLIER,2026-05-23,30689.34,31578.48,2026-06-07,,2,10.24,207871.37,84437.45,157230.61,4.4,Maharashtra,0.735,2
16,BUYER,2026-06-09,44896.38,45246.52,2026-07-09,2026-07-12,3,8.74,121567.62,337845.15,68910.63,14.81,Maharashtra,0.968,3
3,BUYER,2026-03-23,22646.23,22891.38,2026-03-30,2026-03-28,-2,0.58,116147.13,72874.98,111397.23,11.49,Gujarat,0.652,-2
28,SUPPLIER,2026-05-02,14869.85,14929.82,2026-06-01,2026-05-30,-2,4.74,268007.09,67503.37,23429.73,15.75,Delhi,0.952,-2
39,SUPPLIER,2026-05-29,10164.54,10222.95,2026-06-13,2026-06-14,1,3.94,181637.36,62399.88,60111.94,12.92,Maharashtra,0.996,1
9,SUPPLIER,2026-02-16,27206.65,27346.37,2026-02-23,2026-03-02,7,3.13,92853.55,71508.62,105647.64,7.22,Delhi,0.343,7
1,SUPPLIER,2026-05-16,29458.03,29947.49,2026-05-23,,0,2.17,117569.06,70099.56,123324.14,8.2,Andhra Pradesh,0.806,0
12,BUYER,2026-06-07,50474.51,51096.11,2026-07-07,2026-07-08,1,4.82,361063.41,283885.0,176410.47,7.73,Karnataka,0.824,1
19,BUYER,2026-05-13,12254.48,12052.02,2026-06-12,,-2,1.73,460215.48,80647.77,51099.43,11.99,Andhra Pradesh,0.768,-2
39,SUPPLIER,2026-03-19,15281.26,14930.32,2026-04-03,,-2,4.65,182083.24,90850.32,67869.23,2.86,Maharashtra,0.39,-2
34,BUYER,2026-05-07,46001.89,46678.55,2026-05-14,2026-06-07,24,9.71,131338.95,124222.05,51750.46,11.57,Andhra Pradesh,0.802,24
35,BUYER,2026-01-01,55195.7,54888.76,2026-01-08,2026-01-10,2,9.88,375547.28,323520.54,132310.82,10.87,Maharashtra,0.304,2
21,BUYER,2026-06-18,89893.62,92432.22,2026-06-25,2026-07-07,12,8.33,436098.82,129446.23,205883.6,16.53,Tamil Nadu,0.781,12
18,SUPPLIER,2026-01-22,86836.62,87698.09,2026-01-29,2026-01-29,0,0.0,178013.13,569873.3,156228.11,4.36,Gujarat,0.376,0
21,BUYER,2026-05-03,56970.9,55771.39,2026-05-18,2026-05-28,10,9.74,415009.93,401978.97,307292.53,17.34,Tamil Nadu,0.891,10
32,SUPPLIER,2026-04-13,21140.68,21470.25,2026-04-20,2026-04-20,0,4.33,118149.47,69733.72,86572.65,6.71,Kerala,0.85,0
31,SUPPLIER,2026-02-05,83961.53,85200.41,2026-02-12,2026-02-10,-2,2.52,91226.66,305942.26,373748.5,3.12,Delhi,0.65,-2
1,SUPPLIER,2026-01-11,21949.51,21699.93,2026-01-18,2026-01-26,8,3.24,118605.96,62365.28,80818.79,10.68,Andhra Pradesh,0.515,8
12,BUYER,2026-06-21,35872.15,36185.06,2026-06-28,,1,3.4,298049.46,160585.12,175228.41,19.41,Karnataka,0.996,1
13,BUYER,2026-04-23,27298.46,26905.0,2026-04-30,2026-05-01,1,12.64,109730.07,173893.04,36088.99,16.05,Maharashtra,0.989,1
10,BUYER,2026-01-02,14801.27,15171.82,2026-02-01,2026-02-22,21,6.94,272501.16,70142.59,69969.3,2.54,Andhra Pradesh,0.501,21
14,SUPPLIER,2026-01-10,61729.76,62015.04,2026-01-17,2026-01-24,7,8.37,356112.71,281841.31,253363.38,12.73,Karnataka,0.644,7
39,SUPPLIER,2026-01-04,55017.88,55567.44,2026-01-11,2026-01-11,0,3.23,192286.21,243415.13,289633.49,18.61,Maharashtra,0.334,0
27,SUPPLIER,2026-03-24,35043.02,35108.25,2026-04-08,2026-04-08,0,7.67,326205.97,275282.52,115005.74,3.04,Telangana,0.514,0
27,SUPPLIER,2026-04-15,21359.69,21499.8,2026-04-30,2026-05-02,2,10.28,229803.54,14071.98,29957.53,2.05,Telangana,0.85,2
37,SUPPLIER,2026-06-27,19745.37,20040.27,2026-07-04,,4,9.35,481013.44,134501.86,23302.77,7.31,Kerala,0.982,4
19,BUYER,2026-02-13,19303.77,19101.07,2026-02-20,2026-02-21,1,0.29,379981.69,135807.38,104805.1,17.42,Andhra Pradesh,0.458,1
13,BUYER,2026-04-10,95561.06,95360.96,2026-04-17,2026-05-08,21,13.46,118088.6,681038.09,317276.27,19.8,Maharashtra,0.947,21
40,SUPPLIER,2026-02-10,27633.59,27153.24,2026-02-17,2026-02-17,0,4.13,200125.91,147150.94,142570.3,11.59,Kerala,0.596,0
3,BUYER,2026-03-13,25486.45,25939.5,2026-03-28,2026-03-29,1,4.38,117017.56,146118.26,93639.42,2.43,Gujarat,0.671,1
25,SUPPLIER,2026-02-02,93120.71,93180.29,2026-02-09,2026-02-12,3,8.58,289713.78,440581.47,159800.94,8.41,Andhra Pradesh,0.337,3
31,SUPPLIER,2026-03-02,20238.95,20365.45,2026-03-09,2026-03-07,-2,3.36,96827.62,91994.05,109232.86,2.5,Delhi,0.477,-2
39,SUPPLIER,2026-02-16,24002.23,24006.28,2026-02-23,2026-02-24,1,5.7,236015.77,162968.43,141645.81,15.65,Maharashtra,0.312,1
19,BUYER,2026-06-05,27684.69,27207.24,2026-06-12,2026-06-12,0,0.73,447813.38,146378.93,111633.64,9.25,Andhra Pradesh,0.702,0
38,SUPPLIER,2026-04-24,35331.26,36039.6,2026-05-09,2026-05-18,9,4.28,328447.85,230529.67,156453.0,15.18,Maharashtra,0.753,9
13,BUYER,2026-03-19,94638.86,96915.39,2026-04-03,2026-04-03,0,13.13,124063.13,98218.27,395876.17,4.29,Maharashtra,0.599,0
5,BUYER,2026-04-28,18580.13,19129.46,2026-05-13,2026-05-23,10,6.59,116618.83,19159.44,49292.5,9.64,Tamil Nadu,0.803,10
32,SUPPLIER,2026-06-22,40161.46,41194.2,2026-06-29,2026-07-06,7,6.94,107856.43,92513.49,81774.47,13.97,Kerala,0.908,7
2,SUPPLIER,2026-04-23,22792.37,22778.71,2026-05-08,2026-05-07,-1,4.6,361218.0,13862.31,91755.39,6.17,Kerala,0.9,-1
33,BUYER,2026-01-23,31242.81,31874.42,2026-02-07,2026-02-05,-2,5.9,372462.54,193145.58,65216.39,11.01,Karnataka,0.375,-2
40,SUPPLIER,2026-02-25,27333.04,27448.29,2026-03-04,2026-03-02,-2,5.02,165867.2,116011.98,143200.8,4.71,Kerala,0.382,-2
18,SUPPLIER,2026-01-09,35668.48,36550.91,2026-01-16,2026-01-16,0,0.0,182944.12,210548.14,130533.94,11.95,Gujarat,0.333,0
34,BUYER,2026-04-01,15893.96,15646.11,2026-05-01,2026-05-01,0,8.86,136583.26,105123.35,55131.19,5.15,Andhra Pradesh,0.92,0
40,SUPPLIER,2026-05-18,27976.65,28477.15,2026-05-25,2026-05-25,0,3.19,224833.36,111852.77,90817.23,9.84,Kerala,0.807,0
23,SUPPLIER,2026-01-09,13867.38,13501.48,2026-01-16,2026-01-14,-2,0.0,78965.06,52294.06,48521.46,15.03,Karnataka,0.367,-2
18,SUPPLIER,2026-03-31,26887.93,26806.55,2026-04-07,2026-04-06,-1,0.0,234184.79,123068.08,74590.25,8.68,Gujarat,0.583,-1
12,BUYER,2026-01-29,20227.37,20079.85,2026-02-05,2026-02-04,-1,5.67,334370.67,146782.52,85213.49,2.11,Karnataka,0.63,-1
2,SUPPLIER,2026-05-21,24792.04,25516.09,2026-06-05,2026-06-05,0,6.18,517209.16,66437.96,59896.45,7.09,Kerala,0.705,0
38,SUPPLIER,2026-04-30,15838.87,15557.35,2026-05-07,2026-05-08,1,3.75,312425.71,58395.43,22017.79,13.32,Maharashtra,0.782,1
28,SUPPLIER,2026-06-09,39375.9,40000.05,2026-07-09,2026-07-09,0,6.78,257495.4,88866.74,226592.95,14.46,Delhi,0.925,0
24,SUPPLIER,2026-05-11,34770.41,35764.68,2026-06-10,2026-06-13,3,7.15,181952.73,153895.13,162570.31,14.2,Maharashtra,0.765,3
11,SUPPLIER,2026-04-22,53799.7,52795.54,2026-05-22,2026-05-31,9,3.27,452392.93,303837.3,15309.01,5.54,Andhra Pradesh,0.912,9
17,SUPPLIER,2026-02-23,4473.25,4375.38,2026-03-10,2026-03-11,1,3.18,204564.38,21044.28,18946.27,13.45,Maharashtra,0.489,1
17,SUPPLIER,2026-05-31,71106.86,73186.06,2026-06-15,,7,3.67,192259.16,110459.52,271418.4,5.38,Maharashtra,0.792,7
32,SUPPLIER,2026-01-31,19298.22,19608.96,2026-02-15,2026-02-16,1,9.19,116756.58,154340.98,24782.62,18.13,Kerala,0.353,1
3,BUYER,2026-04-29,17500.43,17693.79,2026-05-06,2026-05-29,23,0.12,119889.47,103224.71,89242.94,11.41,Gujarat,0.866,23
11,SUPPLIER,2026-04-13,71277.14,72437.01,2026-04-28,2026-04-30,2,1.45,386741.25,349376.46,71116.74,19.48,Andhra Pradesh,0.902,2
28,SUPPLIER,2026-01-17,17853.79,17918.56,2026-01-24,2026-01-25,1,3.69,245109.23,62329.35,98560.98,16.41,Delhi,0.589,1
16,BUYER,2026-03-18,63732.02,64434.34,2026-04-02,2026-04-07,5,6.89,114545.9,161673.97,299430.58,4.2,Maharashtra,0.467,5
30,BUYER,2026-01-21,165218.11,162045.0,2026-01-28,2026-01-27,-1,6.42,170962.85,189645.98,667346.07,7.32,Telangana,0.665,-1
13,BUYER,2026-06-08,18247.02,18195.17,2026-06-15,2026-06-23,8,13.09,115030.95,10894.56,106257.07,14.14,Maharashtra,0.736,8
17,SUPPLIER,2026-05-06,14283.09,14532.45,2026-05-13,2026-05-13,0,2.13,166770.66,77094.34,71256.27,18.92,Maharashtra,0.751,0
22,SUPPLIER,2026-01-12,98118.86,97564.75,2026-01-27,2026-01-25,-2,4.4,69051.82,266014.66,406915.76,6.65,Kerala,0.637,-2
13,BUYER,2026-02-27,29568.31,28846.92,2026-03-06,2026-03-10,4,13.69,129618.58,106867.43,124789.28,3.46,Maharashtra,0.582,4
8,BUYER,2026-02-23,14586.57,14961.23,2026-03-25,2026-03-24,-1,6.01,81830.03,96119.7,22317.43,6.52,Tamil Nadu,0.682,-1
36,SUPPLIER,2026-01-01,13074.82,12766.36,2026-01-08,2026-01-10,2,4.76,87315.83,81481.04,23232.84,10.13,Maharashtra,0.426,2
35,BUYER,2026-04-19,26364.54,26926.22,2026-04-26,2026-04-29,3,10.35,423497.08,131632.8,15433.46,6.73,Maharashtra,0.987,3
16,BUYER,2026-04-08,3324.17,3352.19,2026-04-15,2026-04-16,1,7.22,114877.14,12961.98,16405.73,2.05,Maharashtra,0.786,1
22,SUPPLIER,2026-04-04,24922.36,24884.37,2026-04-19,,-1,6.12,68035.7,113139.27,70832.58,3.7,Kerala,0.736,-1
10,BUYER,2026-06-17,17640.7,17711.6,2026-07-17,2026-07-21,4,5.96,271268.09,122147.19,72153.51,12.78,Andhra Pradesh,0.835,4
28,SUPPLIER,2026-06-21,45700.4,45740.88,2026-07-06,2026-07-05,-1,4.93,243476.57,54104.46,115152.21,16.16,Delhi,0.859,-1
13,BUYER,2026-06-09,18093.76,18142.94,2026-06-24,2026-07-21,27,12.66,120379.83,88466.7,55776.57,19.45,Maharashtra,0.977,27
29,BUYER,2026-04-14,146856.31,148205.07,2026-04-21,,13,0.31,227404.25,725091.84,213064.59,18.22,Andhra Pradesh,0.84,13
11,SUPPLIER,2026-02-04,37665.78,38057.78,2026-03-06,2026-03-06,0,3.46,546557.21,159472.35,112708.73,4.38,Andhra Pradesh,0.46,0
35,BUYER,2026-01-17,19109.72,18725.99,2026-02-16,2026-02-19,3,8.44,538020.05,13269.67,109257.91,4.68,Maharashtra,0.574,3
1,SUPPLIER,2026-06-09,45332.05,46552.98,2026-06-16,2026-06-16,0,1.16,108157.81,221223.81,237916.47,17.78,Andhra Pradesh,0.965,0
20,SUPPLIER,2026-01-17,35632.13,35877.98,2026-01-24,2026-01-25,1,2.95,546618.45,240829.65,40310.46,8.54,Tamil Nadu,0.349,1
37,SUPPLIER,2026-03-20,54923.48,53796.33,2026-03-27,2026-03-28,1,8.02,438681.6,70896.58,124218.88,17.57,Kerala,0.412,1
34,BUYER,2026-03-28,46388.35,45273.2,2026-04-12,2026-04-20,8,10.06,119198.25,73828.56,204282.24,9.17,Andhra Pradesh,0.429,8
7,BUYER,2026-02-13,39423.32,38830.03,2026-02-20,,-2,1.78,302125.27,220464.65,112635.71,3.7,Maharashtra,0.527,-2
40,SUPPLIER,2026-03-31,45003.27,44780.98,2026-04-30,2026-04-29,-1,3.1,223128.28,209440.62,145296.93,10.18,Kerala,0.498,-1
37,SUPPLIER,2026-02-01,16975.46,16826.28,2026-02-16,2026-02-17,1,7.32,497009.4,62519.35,83649.26,17.82,Kerala,0.68,1
21,BUYER,2026-04-03,50243.74,49168.78,2026-05-03,,14,5.05,390048.36,398885.42,288677.02,9.33,Tamil Nadu,0.87,14
15,BUYER,2026-01-01,49936.17,50130.34,2026-01-16,2026-02-15,30,6.82,512133.55,315078.36,257391.41,6.3,Karnataka,0.515,30
3,BUYER,2026-01-25,23015.67,23691.23,2026-02-01,2026-02-11,10,3.91,124944.31,173330.29,84697.57,14.41,Gujarat,0.686,10
3,BUYER,2026-03-03,32940.27,33005.86,2026-04-02,,0,2.07,127315.43,220285.74,183826.64,13.56,Gujarat,0.485,0
26,SUPPLIER,2026-06-25,27529.91,27669.24,2026-07-02,2026-07-08,6,4.37,402516.2,77024.27,141951.69,14.77,Delhi,0.927,6
9,SUPPLIER,2026-05-03,26716.62,26273.88,2026-05-10,2026-05-12,2,6.14,99921.82,141827.69,33020.25,12.81,Delhi,0.747,2
34,BUYER,2026-01-05,50857.08,51314.58,2026-01-12,2026-01-21,9,7.68,147541.24,237573.65,175572.24,17.28,Andhra Pradesh,0.427,9
28,SUPPLIER,2026-01-23,57143.19,55522.23,2026-01-30,,3,3.36,252493.65,99834.35,184209.79,14.65,Delhi,0.368,3
12,BUYER,2026-06-19,33315.61,34074.03,2026-06-26,2026-06-24,-2,1.9,299191.93,258303.56,188747.76,2.5,Karnataka,0.872,-2
14,SUPPLIER,2026-03-05,29587.31,29908.72,2026-03-20,,15,5.92,424371.79,102389.42,105670.58,15.71,Karnataka,0.33,15
26,SUPPLIER,2026-04-13,52587.84,52184.45,2026-04-20,2026-04-21,1,4.86,431611.2,200647.86,298806.29,17.18,Delhi,0.785,1
7,BUYER,2026-04-01,93354.8,92946.74,2026-05-01,2026-05-02,1,0.0,233665.59,320199.63,109704.76,10.76,Maharashtra,0.975,1
18,SUPPLIER,2026-05-05,21348.81,21080.92,2026-05-20,2026-05-19,-1,0.0,226357.97,86780.2,111359.77,13.81,Gujarat,0.846,-1
27,SUPPLIER,2026-01-28,32291.56,32010.51,2026-02-27,,2,11.13,229823.33,55778.06,134061.8,7.58,Telangana,0.619,2
9,SUPPLIER,2026-04-06,30901.65,31374.15,2026-04-21,2026-04-20,-1,4.21,76552.28,15147.3,157689.99,12.74,Delhi,0.813,-1
33,BUYER,2026-05-06,44302.4,44638.98,2026-05-13,2026-05-11,-2,5.48,401497.34,209938.43,150786.77,19.89,Karnataka,0.779,-2
24,SUPPLIER,2026-01-31,28290.43,27895.55,2026-03-02,,-1,6.8,233260.75,156206.26,139992.95,14.05,Maharashtra,0.648,-1
3,BUYER,2026-02-18,68790.34,69209.86,2026-02-25,2026-02-24,-1,1.08,108366.44,323801.73,140091.91,8.17,Gujarat,0.345,-1
35,BUYER,2026-02-19,8699.25,8892.34,2026-03-21,2026-03-20,-1,4.88,436045.45,45520.57,39194.17,18.56,Maharashtra,0.305,-1
8,BUYER,2026-03-10,34580.3,34501.53,2026-03-25,2026-03-24,-1,7.54,78122.3,228374.69,113268.38,15.63,Tamil Nadu,0.463,-1
10,BUYER,2026-06-22,38717.16,37965.89,2026-06-29,2026-06-28,-1,6.34,246089.15,150873.26,229122.6,17.15,Andhra Pradesh,0.939,-1
25,SUPPLIER,2026-04-30,29446.33,30262.33,2026-05-07,2026-05-05,-2,9.67,292922.47,161596.89,75733.21,16.2,Andhra Pradesh,0.857,-2
6,BUYER,2026-05-23,23082.63,22551.01,2026-06-07,2026-06-13,6,0.0,235458.59,41833.77,107262.66,16.15,Andhra Pradesh,0.705,6
33,BUYER,2026-06-22,12157.67,12461.73,2026-07-07,2026-07-15,8,7.93,366643.5,53075.37,58743.16,8.27,Karnataka,0.849,8
24,SUPPLIER,2026-01-06,51576.97,51166.52,2026-01-21,2026-01-19,-2,7.15,220983.51,395906.64,249969.76,3.77,Maharashtra,0.384,-2
38,SUPPLIER,2026-01-22,24848.89,25435.5,2026-01-29,2026-02-06,8,3.04,296858.16,101451.2,63688.89,18.72,Maharashtra,0.528,8
35,BUYER,2026-01-09,135624.75,133950.3,2026-01-16,2026-01-14,-2,7.6,507270.76,735950.35,41057.23,16.01,Maharashtra,0.596,-2
31,SUPPLIER,2026-04-18,31240.73,30929.92,2026-05-03,2026-05-10,7,2.24,88094.46,191548.95,146069.32,12.37,Delhi,0.925,7
9,SUPPLIER,2026-05-16,12116.3,12110.12,2026-05-23,2026-05-24,1,2.24,78371.51,30699.55,44623.57,3.78,Delhi,0.763,1
26,SUPPLIER,2026-05-03,15762.74,15681.25,2026-05-10,,1,8.57,308296.49,17743.5,51573.84,11.48,Delhi,0.804,1
28,SUPPLIER,2026-04-25,39111.4,39133.55,2026-05-10,2026-05-11,1,5.08,263285.03,54242.82,172581.07,2.21,Delhi,0.766,1
14,SUPPLIER,2026-03-25,53487.63,52969.57,2026-04-24,2026-04-26,2,11.13,437762.6,90722.78,296165.34,13.67,Karnataka,0.617,2
39,SUPPLIER,2026-01-07,112553.31,113674.87,2026-01-14,2026-02-01,18,5.7,221120.94,291161.62,55247.07,18.72,Maharashtra,0.686,18
2,SUPPLIER,2026-01-31,48639.7,49382.12,2026-02-07,2026-02-08,1,6.72,441174.85,282737.32,218350.91,17.45,Kerala,0.696,1
12,BUYER,2026-02-12,47683.29,47449.9,2026-02-19,2026-02-27,8,4.56,411610.26,156076.04,181483.01,11.97,Karnataka,0.65,8
27,SUPPLIER,2026-01-12,23566.72,24253.11,2026-01-27,2026-02-11,15,10.25,289036.4,186664.54,75735.63,10.88,Telangana,0.626,15
34,BUYER,2026-02-17,13003.36,13357.67,2026-03-04,2026-03-03,-1,8.37,151796.63,25793.22,29724.01,5.44,Andhra Pradesh,0.392,-1
22,SUPPLIER,2026-03-23,22951.63,22715.38,2026-03-30,2026-03-29,-1,4.94,70962.97,12667.39,65989.23,15.77,Kerala,0.313,-1
6,BUYER,2026-02-01,26477.31,26197.66,2026-02-08,,-1,2.77,237672.79,142409.72,129234.1,8.34,Andhra Pradesh,0.423,-1
33,BUYER,2026-02-06,11168.05,11159.0,2026-02-21,2026-02-21,0,4.74,516011.61,71975.32,62198.79,17.04,Karnataka,0.319,0
29,BUYER,2026-01-16,16775.65,16609.35,2026-02-15,2026-02-15,0,0.0,236663.0,48834.02,58901.53,6.82,Andhra Pradesh,0.372,0
5,BUYER,2026-01-01,64447.42,66259.84,2026-01-16,2026-02-01,16,6.79,96447.81,303591.22,360285.13,7.72,Tamil Nadu,0.393,16
16,BUYER,2026-04-27,72192.16,73008.45,2026-05-04,2026-05-04,0,5.33,123952.15,264661.95,29557.93,8.76,Maharashtra,0.841,0
36,SUPPLIER,2026-02-28,59156.46,58834.1,2026-03-15,2026-03-13,-2,3.98,106452.73,281382.13,273960.23,14.76,Maharashtra,0.353,-2
14,SUPPLIER,2026-04-27,20734.44,20201.2,2026-05-12,,10,10.28,326030.44,75597.14,41052.44,3.78,Karnataka,0.76,10
40,SUPPLIER,2026-05-08,36250.84,37190.93,2026-05-23,2026-05-24,1,4.47,206764.33,33119.28,136916.33,11.71,Kerala,0.993,1
17,SUPPLIER,2026-01-20,80059.94,80375.34,2026-01-27,2026-02-06,10,3.1,137966.72,287822.26,218992.27,4.3,Maharashtra,0.384,10
34,BUYER,2026-05-09,28359.11,29001.14,2026-05-24,2026-05-25,1,7.64,110171.35,184344.34,89717.01,3.51,Andhra Pradesh,0.956,1
30,BUYER,2026-06-24,6054.14,5905.19,2026-07-01,2026-07-02,1,5.01,148149.47,20696.81,11818.94,7.43,Telangana,0.921,1
9,SUPPLIER,2026-02-22,28697.07,28118.05,2026-03-24,2026-04-14,21,3.82,89660.8,193564.64,56650.74,11.33,Delhi,0.506,21
23,SUPPLIER,2026-03-11,24155.19,23630.67,2026-04-10,2026-04-11,1,1.37,74454.52,149685.87,50104.26,9.99,Karnataka,0.542,1
25,SUPPLIER,2026-04-04,12611.84,12371.75,2026-05-04,2026-05-12,8,5.85,234437.64,68728.83,54027.48,3.38,Andhra Pradesh,0.983,8
37,SUPPLIER,2026-03-31,8678.25,8666.61,2026-04-07,2026-04-16,9,7.03,485602.81,38262.46,16600.47,11.55,Kerala,0.516,9
10,BUYER,2026-02-11,8417.25,8516.66,2026-02-18,,3,8.52,284215.35,57874.94,43275.35,18.17,Andhra Pradesh,0.361,3
27,SUPPLIER,2026-04-05,38287.46,38434.89,2026-04-20,2026-04-22,2,10.88,242436.32,245082.29,33852.26,18.39,Telangana,0.764,2
6,BUYER,2026-04-03,27385.05,27133.71,2026-04-18,2026-04-18,0,0.0,203341.49,199915.41,79391.24,9.25,Andhra Pradesh,0.93,0
31,SUPPLIER,2026-03-14,13170.24,13427.49,2026-03-29,2026-03-29,0,2.07,97569.75,22067.29,71767.12,19.76,Delhi,0.521,0
33,BUYER,2026-01-05,10410.49,10262.12,2026-02-04,2026-02-04,0,7.26,448214.6,14544.95,45374.49,12.17,Karnataka,0.446,0
14,SUPPLIER,2026-01-28,35499.52,35513.83,2026-02-12,2026-02-12,0,7.6,346190.98,126329.17,140211.72,18.95,Karnataka,0.318,0
10,BUYER,2026-05-24,36136.22,37212.52,2026-05-31,2026-06-01,1,6.27,287182.56,241993.21,201006.86,18.19,Andhra Pradesh,0.998,1
8,BUYER,2026-06-08,10854.28,10556.13,2026-07-08,2026-07-16,8,6.9,82303.35,55725.25,62828.51,17.51,Tamil Nadu,0.96,8
4,BUYER,2026-03-08,80327.61,79502.56,2026-03-15,2026-03-20,5,3.56,277144.98,36104.78,94557.71,19.29,Karnataka,0.635,5
23,SUPPLIER,2026-01-24,71954.43,73004.6,2026-01-31,,1,0.0,84838.56,173521.3,376443.9,3.21,Karnataka,0.466,1
8,BUYER,2026-04-22,53134.6,54009.7,2026-05-07,2026-05-07,0,5.94,66870.53,300876.35,221863.99,12.18,Tamil Nadu,0.844,0
24,SUPPLIER,2026-03-14,32216.67,32090.61,2026-03-21,2026-03-22,1,9.27,172888.96,183672.07,173910.42,13.77,Maharashtra,0.357,1
18,SUPPLIER,2026-03-12,39006.05,38885.42,2026-03-27,2026-03-28,1,2.44,241305.9,24121.36,147986.88,2.23,Gujarat,0.629,1
14,SUPPLIER,2026-01-01,14139.51,14002.29,2026-01-08,2026-01-08,0,6.8,372111.15,59595.28,22071.96,11.43,Karnataka,0.529,0
28,SUPPLIER,2026-02-14,27611.17,26893.72,2026-03-16,2026-03-14,-2,4.17,243407.98,121797.99,104825.33,10.48,Delhi,0.343,-2
29,BUYER,2026-06-16,23574.74,23992.33,2026-06-23,2026-06-28,5,1.53,259946.97,130828.36,48591.43,3.41,Andhra Pradesh,0.846,5
10,BUYER,2026-03-06,36624.28,36302.49,2026-03-21,2026-03-20,-1,7.44,202454.81,188919.37,124393.41,14.81,Andhra Pradesh,0.668,-1
11,SUPPLIER,2026-05-08,29253.33,28921.84,2026-05-15,2026-05-15,0,0.55,487955.61,49034.58,161434.18,3.55,Andhra Pradesh,0.819,0
23,SUPPLIER,2026-03-20,27494.38,28239.61,2026-03-27,2026-03-28,1,1.05,89558.68,62034.28,117457.32,10.89,Karnataka,0.306,1
37,SUPPLIER,2026-04-17,38974.56,38643.02,2026-04-24,2026-04-26,2,8.41,467210.03,279414.9,223945.2,4.5,Kerala,0.909,2
26,SUPPLIER,2026-05-05,31587.53,31400.28,2026-05-20,2026-05-20,0,5.73,441436.45,60714.02,100559.44,16.35,Delhi,0.921,0
18,SUPPLIER,2026-06-18,22049.28,22503.1,2026-07-18,,10,0.43,230867.85,62523.52,42163.68,8.43,Gujarat,0.821,10
2,SUPPLIER,2026-04-16,30769.79,31534.12,2026-05-01,2026-05-01,0,3.66,469047.33,219784.3,84972.14,4.21,Kerala,0.881,0
6,BUYER,2026-03-13,58550.97,57135.11,2026-03-28,2026-03-28,0,2.1,200410.39,100357.36,346554.57,8.38,Andhra Pradesh,0.669,0
39,SUPPLIER,2026-01-05,42773.87,43769.51,2026-01-12,2026-01-11,-1,2.13,179019.5,299261.43,70283.77,11.23,Maharashtra,0.379,-1
22,SUPPLIER,2026-03-02,24149.07,23680.78,2026-03-09,2026-03-10,1,9.89,79327.79,58335.77,49407.72,7.28,Kerala,0.529,1
27,SUPPLIER,2026-01-28,40568.16,39795.04,2026-02-04,2026-02-05,1,7.48,223614.54,240766.92,223007.16,17.04,Telangana,0.456,1
8,BUYER,2026-02-01,54917.43,53673.56,2026-02-16,,27,4.69,73450.13,343834.68,187445.81,19.83,Tamil Nadu,0.364,27
39,SUPPLIER,2026-01-11,38140.81,37690.08,2026-01-26,2026-02-10,15,2.71,184264.99,135988.42,44761.64,18.66,Maharashtra,0.441,15
30,BUYER,2026-05-15,89780.09,89707.22,2026-05-22,2026-06-19,28,6.13,189145.25,396793.78,118735.09,19.18,Telangana,0.783,28
12,BUYER,2026-05-20,11054.71,10997.08,2026-05-27,2026-05-27,0,5.96,323062.7,87929.97,21791.43,18.62,Karnataka,0.801,0
13,BUYER,2026-03-15,44641.85,44687.04,2026-03-22,2026-04-22,31,13.95,157645.16,169749.79,90563.36,16.19,Maharashtra,0.34,31
31,SUPPLIER,2026-06-15,12568.75,12223.8,2026-07-15,2026-07-22,7,3.84,84340.44,45997.29,72231.18,6.1,Delhi,0.88,7
30,BUYER,2026-02-09,10687.47,10926.96,2026-02-16,,5,9.01,155953.2,84804.11,28400.76,15.31,Telangana,0.483,5
25,SUPPLIER,2026-06-14,72282.82,72610.16,2026-07-14,2026-07-14,0,6.76,314073.6,288744.7,257860.22,7.04,Andhra Pradesh,0.92,0
2,SUPPLIER,2026-06-12,32129.99,32161.51,2026-06-27,2026-06-28,1,4.07,444388.92,229781.72,90185.58,17.67,Kerala,0.905,1
17,SUPPLIER,2026-05-25,12103.08,11859.49,2026-06-24,2026-06-24,0,0.87,175355.45,92608.35,24293.77,13.04,Maharashtra,0.946,0
22,SUPPLIER,2026-01-01,28748.4,28043.09,2026-01-16,2026-02-04,19,6.2,96490.68,41758.42,135992.76,18.08,Kerala,0.7,19
37,SUPPLIER,2026-02-25,42578.25,42275.94,2026-03-04,2026-03-06,2,9.77,476354.18,62688.86,211172.71,6.83,Kerala,0.439,2
38,SUPPLIER,2026-03-10,143499.68,145981.93,2026-04-09,2026-04-07,-2,3.74,287286.55,396633.85,262021.69,16.4,Maharashtra,0.309,-2
7,BUYER,2026-01-30,45727.23,44533.03,2026-03-01,2026-03-07,6,2.27,304528.24,42360.41,52209.77,5.65,Maharashtra,0.639,6
21,BUYER,2026-01-04,24614.82,24336.66,2026-02-03,2026-02-04,1,6.01,380703.16,75458.74,33647.54,5.62,Tamil Nadu,0.366,1
9,SUPPLIER,2026-04-25,7645.45,7698.69,2026-05-02,2026-04-30,-2,0.39,89904.54,22632.26,40106.21,12.68,Delhi,0.88,-2
16,BUYER,2026-04-23,14890.98,14815.8,2026-05-23,,0,7.46,145134.0,98403.87,34025.96,18.1,Maharashtra,0.851,0
18,SUPPLIER,2026-01-05,56082.76,56614.39,2026-01-20,2026-01-21,1,0.0,211582.61,175641.94,290278.09,15.13,Gujarat,0.512,1
34,BUYER,2026-01-14,12026.51,12333.4,2026-01-29,2026-01-27,-2,6.17,154406.7,11345.48,22877.97,8.78,Andhra Pradesh,0.627,-2
25,SUPPLIER,2026-03-23,17589.46,17871.33,2026-04-07,2026-04-05,-2,7.82,276133.3,121559.88,60587.41,5.48,Andhra Pradesh,0.476,-2
39,SUPPLIER,2026-06-06,29381.61,30233.63,2026-07-06,2026-07-05,-1,1.95,221382.05,104244.29,119555.79,2.35,Maharashtra,0.918,-1
2,SUPPLIER,2026-02-25,54988.41,56041.91,2026-03-12,2026-04-03,22,3.92,483157.88,163660.56,64346.04,13.75,Kerala,0.678,22
8,BUYER,2026-02-12,34928.99,34912.97,2026-02-27,2026-02-25,-2,4.48,68916.85,257941.61,204722.69,15.65,Tamil Nadu,0.537,-2
2,SUPPLIER,2026-02-04,18051.4,18084.18,2026-03-06,2026-03-31,25,4.01,474113.3,114901.72,84931.28,17.3,Kerala,0.454,25
10,BUYER,2026-01-15,18134.11,17765.44,2026-01-30,,-1,6.43,269279.27,61940.37,98480.9,16.2,Andhra Pradesh,0.603,-1
36,SUPPLIER,2026-06-01,13578.9,13398.66,2026-06-08,2026-06-09,1,4.48,87616.97,19451.59,45498.25,11.95,Maharashtra,0.944,1
23,SUPPLIER,2026-04-07,42362.82,42240.73,2026-04-14,2026-04-12,-2,1.5,70461.57,160455.03,209306.81,6.63,Karnataka,0.927,-2
21,BUYER,2026-03-23,61905.19,61656.87,2026-03-30,2026-03-31,1,5.99,391182.65,334802.44,270378.93,17.48,Tamil Nadu,0.482,1
31,SUPPLIER,2026-04-28,43620.96,44540.28,2026-05-13,2026-05-29,16,2.36,84108.83,173904.11,41751.34,15.08,Delhi,0.718,16
8,BUYER,2026-02-23,40110.17,39841.08,2026-03-10,2026-03-11,1,3.14,84420.39,15000.63,223510.78,5.54,Tamil Nadu,0.472,1
38,SUPPLIER,2026-01-26,66384.67,66746.85,2026-02-10,2026-02-10,0,0.77,226008.12,435221.5,47709.23,19.66,Maharashtra,0.372,0
8,BUYER,2026-04-30,34452.44,34178.46,2026-05-07,2026-05-07,0,5.07,76891.45,124051.14,172864.16,6.31,Tamil Nadu,0.976,0
32,SUPPLIER,2026-06-07,38247.04,38645.5,2026-07-07,,-2,6.07,137159.74,301121.48,191571.67,18.1,Kerala,0.795,-2
10,BUYER,2026-06-02,20347.95,19867.18,2026-06-17,2026-06-17,0,5.56,201704.86,63618.17,71603.44,17.61,Andhra Pradesh,0.785,0
9,SUPPLIER,2026-03-17,15293.04,15198.94,2026-03-24,2026-03-24,0,2.45,105513.06,46072.11,33397.15,11.76,Delhi,0.595,0
13,BUYER,2026-05-08,49489.12,50239.61,2026-06-07,2026-06-16,9,11.97,129923.52,271671.14,18928.74,16.32,Maharashtra,0.895,9
10,BUYER,2026-01-15,48367.19,47343.35,2026-01-22,2026-01-20,-2,7.19,222992.7,275009.02,32427.36,19.56,Andhra Pradesh,0.652,-2
22,SUPPLIER,2026-05-19,42299.85,42208.67,2026-06-03,2026-06-05,2,8.09,91070.98,297667.61,154407.06,11.92,Kerala,0.831,2
17,SUPPLIER,2026-01-14,22380.83,23001.53,2026-01-21,2026-01-21,0,1.78,142419.68,142708.2,71238.52,9.33,Maharashtra,0.358,0
1,SUPPLIER,2026-03-20,15955.07,15526.14,2026-04-04,2026-04-12,8,0.0,139585.45,50040.0,59950.57,9.65,Andhra Pradesh,0.301,8
3,BUYER,2026-04-13,20940.88,21069.62,2026-05-13,2026-05-14,1,2.97,121319.95,100634.91,17689.73,15.83,Gujarat,0.987,1
7,BUYER,2026-02-24,38004.22,37140.06,2026-03-11,2026-03-12,1,3.54,248248.92,225178.75,33180.94,17.21,Maharashtra,0.311,1
2,SUPPLIER,2026-02-21,29045.35,29765.83,2026-02-28,,9,4.14,521344.72,156339.06,68102.83,13.38,Kerala,0.486,9
38,SUPPLIER,2026-01-30,33679.63,32837.55,2026-02-06,2026-02-04,-2,2.17,230983.85,104710.01,27319.08,13.63,Maharashtra,0.487,-2
34,BUYER,2026-01-08,7150.88,6995.12,2026-01-23,2026-01-23,0,9.86,135960.59,16839.05,28862.66,3.05,Andhra Pradesh,0.399,0
10,BUYER,2026-06-23,20416.58,20253.57,2026-06-30,,1,3.93,283236.85,136479.48,110340.63,3.43,Andhra Pradesh,0.831,1
37,SUPPLIER,2026-01-27,18814.89,19281.91,2026-02-26,2026-02-26,0,7.09,445893.14,55362.37,43216.65,13.79,Kerala,0.519,0
23,SUPPLIER,2026-06-23,29291.74,29311.42,2026-07-08,2026-07-08,0,0.89,82081.83,124135.15,167707.66,4.59,Karnataka,0.852,0
38,SUPPLIER,2026-06-15,16769.01,16635.77,2026-06-22,2026-07-04,12,4.87,299350.49,115094.72,66041.4,10.57,Maharashtra,0.713,12
29,BUYER,2026-05-05,11848.71,11651.31,2026-05-20,2026-05-23,3,1.25,272188.78,32970.99,27822.44,9.62,Andhra Pradesh,0.78,3
18,SUPPLIER,2026-01-01,38601.53,39013.13,2026-01-08,2026-01-08,0,0.0,200467.62,236154.08,67528.97,17.46,Gujarat,0.377,0
24,SUPPLIER,2026-04-02,46027.9,46433.45,2026-04-09,2026-04-29,20,8.22,195543.74,222558.17,168715.57,17.36,Maharashtra,0.789,20
35,BUYER,2026-03-22,31181.66,30915.09,2026-03-29,2026-03-31,2,10.83,431044.27,113064.31,158398.79,13.64,Maharashtra,0.38,2
12,BUYER,2026-06-12,34675.02,35018.73,2026-06-27,2026-06-27,0,3.23,371600.19,204787.99,124030.57,7.26,Karnataka,0.87,0
10,BUYER,2026-03-26,29701.77,29962.13,2026-04-10,2026-04-10,0,6.24,279424.99,53718.9,147497.31,15.51,Andhra Pradesh,0.396,0
4,BUYER,2026-06-21,25058.47,24784.99,2026-07-21,2026-07-24,3,2.54,241681.69,111214.49,58122.71,13.89,Karnataka,0.806,3
13,BUYER,2026-01-17,21961.04,21919.48,2026-01-24,2026-01-26,2,11.65,147646.85,33580.42,92169.09,2.01,Maharashtra,0.435,2
22,SUPPLIER,2026-05-30,65531.02,64049.3,2026-06-06,2026-06-11,5,9.18,80791.36,441877.47,173592.04,8.53,Kerala,0.959,5
39,SUPPLIER,2026-02-22,33594.81,34495.77,2026-03-01,2026-03-02,1,3.53,185273.23,245591.77,126932.84,11.96,Maharashtra,0.386,1
39,SUPPLIER,2026-03-28,38281.91,38618.21,2026-04-04,2026-04-02,-2,0.09,210944.13,38920.82,120582.36,4.23,Maharashtra,0.501,-2
9,SUPPLIER,2026-02-25,28149.25,28696.93,2026-03-04,2026-03-02,-2,3.35,77680.18,73081.23,78358.34,10.25,Delhi,0.609,-2
17,SUPPLIER,2026-01-13,29930.26,29074.56,2026-01-20,,1,3.34,185560.89,158862.58,56586.93,13.71,Maharashtra,0.343,1
23,SUPPLIER,2026-05-04,49400.46,50428.26,2026-06-03,2026-06-01,-2,0.67,82181.78,205161.94,192081.94,7.51,Karnataka,0.712,-2
30,BUYER,2026-01-22,56506.36,57764.7,2026-02-06,,1,5.37,164616.91,369562.22,264039.03,14.93,Telangana,0.48,1
31,SUPPLIER,2026-03-17,20886.02,20739.76,2026-03-24,2026-03-28,4,2.66,85209.74,123047.3,30268.75,12.16,Delhi,0.564,4
4,BUYER,2026-01-23,25554.38,25167.79,2026-02-07,2026-02-06,-1,4.16,242486.94,151054.6,14902.33,4.94,Karnataka,0.464,-1
23,SUPPLIER,2026-03-06,37159.22,36822.62,2026-04-05,2026-04-14,9,0.0,73144.7,179665.82,105448.51,11.77,Karnataka,0.451,9
15,BUYER,2026-01-30,32339.84,32184.69,2026-02-14,2026-02-16,2,4.44,468796.54,244377.54,50080.62,2.6,Karnataka,0.605,2
24,SUPPLIER,2026-04-02,76962.81,75556.26,2026-04-09,,0,8.33,208990.52,81690.42,278156.57,5.33,Maharashtra,0.889,0
39,SUPPLIER,2026-01-16,7163.61,7346.35,2026-01-31,2026-01-31,0,5.45,210142.21,56055.42,38307.84,17.84,Maharashtra,0.528,0
5,BUYER,2026-03-14,31909.53,31541.09,2026-03-21,2026-03-21,0,8.46,97680.14,149138.16,108840.43,18.49,Tamil Nadu,0.663,0
8,BUYER,2026-02-16,12746.22,12424.71,2026-03-18,2026-03-17,-1,4.27,81163.13,22730.83,25891.33,2.78,Tamil Nadu,0.656,-1
24,SUPPLIER,2026-04-06,53984.28,52639.35,2026-04-13,2026-04-12,-1,4.5,213278.83,125289.41,101385.37,12.1,Maharashtra,0.911,-1
25,SUPPLIER,2026-04-11,10751.2,10569.19,2026-04-26,2026-04-28,2,9.2,239329.35,66468.89,37473.86,14.75,Andhra Pradesh,0.987,2
35,BUYER,2026-02-14,21596.14,21530.04,2026-02-21,2026-02-25,4,9.43,507080.24,171018.69,39301.4,8.18,Maharashtra,0.376,4
2,SUPPLIER,2026-02-08,71218.11,71720.9,2026-02-15,2026-02-13,-2,5.72,486608.04,474969.86,286763.56,13.45,Kerala,0.54,-2
34,BUYER,2026-02-14,44383.96,43296.95,2026-03-01,2026-02-28,-1,8.42,124736.2,175611.24,136591.19,4.51,Andhra Pradesh,0.393,-1
24,SUPPLIER,2026-01-02,7415.63,7447.53,2026-02-01,,4,9.61,171176.94,39187.47,25341.3,17.09,Maharashtra,0.683,4
10,BUYER,2026-05-09,19059.24,19370.04,2026-05-24,2026-05-24,0,6.45,245960.69,45643.21,57769.96,8.95,Andhra Pradesh,0.768,0
39,SUPPLIER,2026-04-22,19667.01,19547.46,2026-04-29,,1,2.05,241511.39,97497.55,17502.04,9.49,Maharashtra,0.838,1
16,BUYER,2026-06-28,27930.89,28501.17,2026-07-13,,9,7.36,150516.76,49206.46,152677.38,5.51,Maharashtra,0.802,9
12,BUYER,2026-05-12,28447.35,27741.31,2026-05-27,2026-05-28,1,4.71,292773.79,19209.52,20052.06,10.07,Karnataka,0.964,1
14,SUPPLIER,2026-02-24,23909.43,23716.68,2026-03-03,2026-03-01,-2,5.8,416429.86,41897.89,106256.47,18.92,Karnataka,0.513,-2
26,SUPPLIER,2026-06-25,25986.29,26268.39,2026-07-02,2026-06-30,-2,6.99,309892.94,185164.73,36443.19,5.38,Delhi,0.813,-2
32,SUPPLIER,2026-02-23,19432.76,19318.74,2026-03-10,2026-03-08,-2,7.07,105107.02,102439.99,53305.74,12.04,Kerala,0.546,-2
2,SUPPLIER,2026-03-21,113333.09,111562.54,2026-03-28,2026-03-29,1,6.8,478796.16,508090.85,559414.69,3.22,Kerala,0.603,1
22,SUPPLIER,2026-01-28,11853.27,11807.66,2026-02-27,2026-02-28,1,7.27,84258.96,38805.06,32090.5,14.6,Kerala,0.35,1
8,BUYER,2026-04-27,36145.06,36026.78,2026-05-04,2026-05-03,-1,6.31,82279.14,43857.26,201228.92,10.41,Tamil Nadu,0.795,-1
33,BUYER,2026-05-04,42455.17,41229.75,2026-06-03,2026-06-07,4,3.68,380307.07,176067.4,207396.58,2.17,Karnataka,0.708,4
15,BUYER,2026-04-09,83457.47,83191.36,2026-04-24,2026-04-24,0,5.32,378907.68,359527.5,161522.82,7.13,Karnataka,0.785,0
9,SUPPLIER,2026-05-14,26759.26,25970.83,2026-05-21,2026-05-21,0,6.24,90095.17,145766.9,125397.03,11.59,Delhi,0.984,0
13,BUYER,2026-06-26,23308.79,23173.38,2026-07-26,2026-08-01,6,12.52,118894.64,72653.13,139067.04,7.07,Maharashtra,0.845,6
29,BUYER,2026-06-29,58714.35,57573.55,2026-07-14,,1,1.86,230379.94,465564.67,131885.16,13.55,Andhra Pradesh,0.705,1
5,BUYER,2026-03-19,17209.09,17293.15,2026-03-26,2026-04-01,6,11.63,100987.35,44745.67,70467.4,15.41,Tamil Nadu,0.697,6
4,BUYER,2026-02-06,12314.44,12123.46,2026-02-21,2026-02-23,2,2.49,251928.0,89839.55,18051.47,5.76,Karnataka,0.591,2
39,SUPPLIER,2026-04-30,27430.22,26737.73,2026-05-07,2026-05-17,10,4.93,200436.71,181869.85,23252.86,8.53,Maharashtra,0.709,10
21,BUYER,2026-04-09,10890.7,10904.35,2026-04-24,2026-05-09,15,5.74,338744.91,72957.04,26587.55,13.74,Tamil Nadu,0.775,15
34,BUYER,2026-02-20,42005.83,41486.99,2026-02-27,2026-02-25,-2,6.56,154673.98,173159.63,53205.71,5.23,Andhra Pradesh,0.663,-2
18,SUPPLIER,2026-02-28,60773.77,61104.78,2026-03-15,2026-04-08,24,0.0,176915.88,320388.1,139416.65,2.05,Gujarat,0.464,24
17,SUPPLIER,2026-01-08,29816.85,30308.74,2026-01-23,2026-01-30,7,1.73,195194.06,14523.45,169238.24,16.51,Maharashtra,0.519,7
36,SUPPLIER,2026-05-08,51008.06,49808.07,2026-05-23,2026-05-23,0,5.54,98314.73,125752.62,132978.87,16.84,Maharashtra,0.822,0
32,SUPPLIER,2026-02-26,9985.81,9811.06,2026-03-05,2026-03-11,6,8.13,111579.07,32232.66,18035.81,14.59,Kerala,0.325,6
31,SUPPLIER,2026-04-09,15327.13,15750.74,2026-04-16,2026-04-15,-1,0.0,77415.61,105281.62,41928.85,7.71,Delhi,0.878,-1
3,BUYER,2026-04-01,61808.74,61948.82,2026-04-08,2026-04-06,-2,2.94,138651.37,32121.45,159891.92,8.91,Gujarat,0.811,-2
39,SUPPLIER,2026-03-30,36528.27,36543.12,2026-04-29,2026-04-27,-2,5.67,205286.97,246319.67,209079.18,9.43,Maharashtra,0.356,-2
40,SUPPLIER,2026-05-27,59689.48,60315.25,2026-06-03,2026-06-15,12,6.45,194168.95,283985.0,156985.57,3.72,Kerala,0.878,12
30,BUYER,2026-04-17,27127.06,26460.54,2026-05-17,2026-06-02,16,6.97,173834.62,29131.53,136280.33,9.44,Telangana,0.954,16
39,SUPPLIER,2026-01-22,28259.62,28535.97,2026-02-21,2026-02-20,-1,3.57,226312.52,166956.81,62557.85,4.21,Maharashtra,0.627,-1
16,BUYER,2026-02-04,42458.9,42531.17,2026-02-19,,-2,6.82,137401.31,180147.36,61995.48,10.86,Maharashtra,0.451,-2
4,BUYER,2026-02-01,22867.75,22953.29,2026-02-08,2026-02-13,5,0.55,320616.0,54358.86,66921.93,18.03,Karnataka,0.348,5
32,SUPPLIER,2026-06-10,15073.89,14783.23,2026-07-10,2026-07-09,-1,4.97,145054.25,28603.99,49226.81,8.01,Kerala,0.987,-1
36,SUPPLIER,2026-03-18,16953.98,17209.72,2026-03-25,2026-03-23,-2,5.49,102406.09,107096.85,71870.59,16.93,Maharashtra,0.321,-2
1,SUPPLIER,2026-06-28,20505.85,20340.84,2026-07-13,2026-07-23,10,4.78,96913.2,31539.19,63157.83,13.45,Andhra Pradesh,0.862,10
22,SUPPLIER,2026-05-09,62296.17,61365.79,2026-05-24,2026-05-23,-1,6.08,91755.22,138510.28,299346.15,5.91,Kerala,0.746,-1
20,SUPPLIER,2026-06-02,51157.49,50538.78,2026-06-09,2026-06-10,1,2.62,396659.05,310984.88,164910.12,16.3,Tamil Nadu,0.912,1
19,BUYER,2026-02-24,27304.11,27031.5,2026-03-03,2026-03-03,0,3.01,448532.57,75648.7,70446.82,12.66,Andhra Pradesh,0.626,0
30,BUYER,2026-02-10,51824.66,51201.9,2026-02-17,,2,4.4,176620.14,382420.86,245110.87,19.4,Telangana,0.345,2
23,SUPPLIER,2026-03-30,60373.59,61725.19,2026-04-14,2026-04-15,1,0.64,91329.44,99911.73,325059.13,5.94,Karnataka,0.679,1
21,BUYER,2026-06-26,16585.26,16121.32,2026-07-03,2026-07-03,0,7.87,377025.31,38674.96,95140.29,6.32,Tamil Nadu,0.828,0
24,SUPPLIER,2026-05-08,31003.98,31302.22,2026-05-23,2026-05-24,1,6.83,219508.77,197101.19,57326.3,9.41,Maharashtra,0.977,1
24,SUPPLIER,2026-01-09,29639.03,29715.72,2026-01-16,2026-01-19,3,8.06,218499.39,221523.97,29636.32,15.28,Maharashtra,0.341,3
34,BUYER,2026-04-11,17392.15,17106.48,2026-05-11,2026-05-09,-2,6.51,151294.67,90129.69,59891.45,15.59,Andhra Pradesh,0.994,-2
33,BUYER,2026-03-19,23132.0,22908.18,2026-04-03,2026-04-02,-1,7.34,387437.67,137641.72,93456.51,15.6,Karnataka,0.683,-1
31,SUPPLIER,2026-06-25,38236.9,37522.98,2026-07-10,2026-07-09,-1,1.37,90593.21,263107.63,181405.4,6.39,Delhi,0.808,-1
23,SUPPLIER,2026-02-09,32982.59,33792.96,2026-02-16,2026-02-14,-2,0.0,75688.82,83703.65,91463.3,6.31,Karnataka,0.521,-2
8,BUYER,2026-01-27,43444.35,42622.46,2026-02-03,2026-02-03,0,5.26,83069.55,173297.02,235047.09,13.94,Tamil Nadu,0.319,0
5,BUYER,2026-05-06,41186.02,41053.27,2026-05-13,2026-05-11,-2,7.95,98071.95,174071.8,11648.78,18.92,Tamil Nadu,0.983,-2
24,SUPPLIER,2026-01-23,5134.81,5149.58,2026-02-07,2026-02-08,1,6.69,175013.49,17834.66,22474.21,16.61,Maharashtra,0.323,1
7,BUYER,2026-06-22,59794.34,59583.03,2026-07-22,2026-07-29,7,0.94,228687.62,474317.77,173167.57,10.19,Maharashtra,0.916,7
23,SUPPLIER,2026-03-02,19179.69,19237.72,2026-03-09,2026-03-11,2,0.0,83798.24,27139.13,68445.62,18.98,Karnataka,0.307,2
21,BUYER,2026-01-01,17921.6,17958.28,2026-01-16,2026-01-23,7,7.65,319604.99,43466.61,56729.81,15.05,Tamil Nadu,0.552,7
11,SUPPLIER,2026-01-10,40887.15,40463.6,2026-01-17,,12,4.56,537882.74,68660.26,128348.25,14.53,Andhra Pradesh,0.541,12
15,BUYER,2026-02-20,14165.53,14279.37,2026-02-27,,-1,5.05,435987.98,104037.31,66637.24,14.79,Karnataka,0.628,-1
18,SUPPLIER,2026-01-16,140347.61,137471.79,2026-01-23,2026-01-21,-2,2.94,203395.15,439404.9,116139.43,12.65,Gujarat,0.367,-2
32,SUPPLIER,2026-06-01,11701.75,11754.91,2026-06-08,2026-06-12,4,6.89,125577.75,73173.78,59955.73,5.95,Kerala,0.935,4
3,BUYER,2026-06-16,34613.81,34511.74,2026-06-23,2026-06-23,0,3.12,143628.09,105888.44,67651.67,14.15,Gujarat,0.978,0
11,SUPPLIER,2026-06-20,27411.91,27853.75,2026-07-05,2026-07-03,-2,2.82,534053.51,29882.91,27718.34,18.52,Andhra Pradesh,0.736,-2
11,SUPPLIER,2026-04-28,30394.88,31046.76,2026-05-13,2026-05-23,10,5.72,537492.68,196317.52,79479.44,11.7,Andhra Pradesh,0.869,10
15,BUYER,2026-01-26,41624.52,41468.02,2026-02-02,2026-02-02,0,4.33,448778.38,79088.12,199677.5,12.46,Karnataka,0.406,0
33,BUYER,2026-04-30,35411.2,34413.37,2026-05-15,2026-05-15,0,4.36,504469.6,76966.78,50991.74,6.72,Karnataka,0.96,0
5,BUYER,2026-03-21,33186.69,32933.05,2026-03-28,2026-04-18,21,8.49,113958.42,208585.31,107861.33,13.41,Tamil Nadu,0.511,21
9,SUPPLIER,2026-02-15,17568.27,17975.7,2026-03-02,,-1,2.57,79834.32,22854.57,11407.24,3.52,Delhi,0.505,-1
31,SUPPLIER,2026-04-22,116578.45,114515.2,2026-04-29,2026-04-30,1,1.19,68350.55,402006.44,173802.96,10.35,Delhi,0.731,1
13,BUYER,2026-02-24,35810.04,36097.02,2026-03-03,2026-03-06,3,11.14,129927.99,16237.68,11783.55,5.72,Maharashtra,0.412,3
31,SUPPLIER,2026-05-19,75763.83,76352.1,2026-05-26,2026-06-16,21,0.83,101158.26,118029.32,345076.05,18.73,Delhi,0.724,21
18,SUPPLIER,2026-06-24,27468.98,27547.76,2026-07-24,2026-07-22,-2,0.0,237709.01,80348.82,153966.26,14.2,Gujarat,0.804,-2
9,SUPPLIER,2026-02-17,28984.7,29004.55,2026-03-04,2026-03-04,0,5.05,111686.71,138234.03,120609.61,8.98,Delhi,0.378,0
34,BUYER,2026-03-20,10387.32,10398.36,2026-04-19,2026-04-19,0,8.2,112883.86,81821.36,40590.94,19.92,Andhra Pradesh,0.522,0
34,BUYER,2026-04-28,55155.19,53837.95,2026-05-13,2026-05-14,1,11.51,150284.6,151682.35,216776.32,6.97,Andhra Pradesh,0.869,1
28,SUPPLIER,2026-01-14,24514.64,24341.13,2026-01-21,2026-01-20,-1,4.01,229479.19,177945.45,15137.02,6.94,Delhi,0.469,-1
36,SUPPLIER,2026-04-17,14850.91,14552.07,2026-04-24,2026-04-22,-2,7.1,95884.01,43143.54,33921.32,7.91,Maharashtra,0.905,-2
30,BUYER,2026-01-04,30486.69,30148.5,2026-01-19,2026-01-17,-2,8.77,132207.81,209927.98,106267.2,2.62,Telangana,0.694,-2
40,SUPPLIER,2026-02-09,47149.43,47728.78,2026-02-16,2026-02-22,6,2.57,215536.52,31651.72,233616.68,15.2,Kerala,0.696,6
31,SUPPLIER,2026-06-03,71506.36,71763.35,2026-06-10,2026-06-10,0,2.28,96137.85,33455.07,398278.47,12.89,Delhi,0.84,0
8,BUYER,2026-03-02,19728.09,19494.69,2026-04-01,2026-04-01,0,6.09,57552.74,94146.54,90270.0,17.06,Tamil Nadu,0.43,0
9,SUPPLIER,2026-03-29,81605.68,83145.95,2026-04-28,2026-04-26,-2,2.82,80662.95,185376.23,475768.1,17.39,Delhi,0.34,-2
4,BUYER,2026-03-05,20107.88,20709.76,2026-03-12,,-1,3.09,322332.1,144634.45,40785.76,7.88,Karnataka,0.491,-1
20,SUPPLIER,2026-02-03,62191.62,61272.47,2026-02-18,2026-02-17,-1,5.8,431177.34,47318.81,185726.44,7.01,Tamil Nadu,0.3,-1
39,SUPPLIER,2026-03-12,32705.07,32701.91,2026-03-19,2026-03-20,1,4.18,226427.49,206714.98,116584.74,15.44,Maharashtra,0.691,1
12,BUYER,2026-03-30,99203.69,97859.83,2026-04-06,2026-04-05,-1,2.55,287545.99,70968.23,509141.62,7.42,Karnataka,0.38,-1
32,SUPPLIER,2026-04-13,9504.69,9238.81,2026-04-20,2026-04-20,0,4.98,128697.12,59908.22,43381.98,12.98,Kerala,0.74,0
36,SUPPLIER,2026-06-25,29782.37,30546.45,2026-07-25,2026-08-20,26,5.28,83028.46,159661.74,42008.19,5.7,Maharashtra,0.909,26
9,SUPPLIER,2026-05-19,50074.7,50332.76,2026-06-18,2026-06-16,-2,4.17,86092.04,21046.14,83199.54,7.06,Delhi,0.894,-2
18,SUPPLIER,2026-01-30,21008.32,21009.4,2026-02-06,2026-02-04,-2,0.69,249281.97,97621.09,71433.88,5.04,Gujarat,0.524,-2
34,BUYER,2026-03-13,40909.27,41981.65,2026-03-28,2026-03-26,-2,7.18,142177.27,54659.96,196603.89,5.5,Andhra Pradesh,0.642,-2
6,BUYER,2026-01-15,16158.67,16332.59,2026-01-22,2026-01-21,-1,0.78,176329.17,36732.83,39251.41,15.86,Andhra Pradesh,0.317,-1
4,BUYER,2026-04-13,36466.09,35795.16,2026-04-20,2026-04-20,0,3.96,300311.3,68582.2,96886.11,10.53,Karnataka,0.846,0
13,BUYER,2026-03-05,9563.71,9722.73,2026-03-12,2026-03-14,2,8.4,128537.52,29877.32,39444.44,13.94,Maharashtra,0.42,2
8,BUYER,2026-04-07,32473.02,31696.71,2026-05-07,2026-05-08,1,7.42,64178.45,32219.87,10204.81,18.51,Tamil Nadu,0.803,1
25,SUPPLIER,2026-03-14,15805.89,15990.68,2026-03-29,2026-04-27,29,5.31,228591.43,14767.5,59657.8,8.82,Andhra Pradesh,0.48,29
29,BUYER,2026-06-18,7431.73,7649.27,2026-07-18,2026-07-30,12,0.0,282522.42,50687.25,11238.59,9.34,Andhra Pradesh,0.748,12
8,BUYER,2026-04-24,73673.7,71487.61,2026-05-01,2026-05-02,1,5.86,64048.23,298397.5,184075.37,11.82,Tamil Nadu,0.944,1
40,SUPPLIER,2026-01-23,50082.8,48945.73,2026-01-30,2026-01-28,-2,4.18,214579.59,135907.52,272002.26,3.84,Kerala,0.467,-2
25,SUPPLIER,2026-02-25,67949.84,67099.64,2026-03-04,2026-03-02,-2,6.1,242244.83,167379.27,120431.09,16.52,Andhra Pradesh,0.479,-2
34,BUYER,2026-03-04,12745.99,13114.09,2026-03-11,2026-03-09,-2,6.97,135274.15,34334.39,73941.17,10.42,Andhra Pradesh,0.435,-2
40,SUPPLIER,2026-03-22,42722.98,42018.63,2026-03-29,2026-03-27,-2,5.61,224749.53,236848.92,116978.99,16.44,Kerala,0.581,-2
6,BUYER,2026-05-10,29113.43,28400.71,2026-05-17,,0,0.0,228140.44,216794.91,47672.03,16.56,Andhra Pradesh,0.987,0
9,SUPPLIER,2026-03-24,18537.88,18788.14,2026-04-08,2026-04-16,8,1.78,80607.29,54263.88,39779.74,4.98,Delhi,0.381,8
27,SUPPLIER,2026-04-10,22596.29,22306.13,2026-04-17,2026-05-08,21,8.26,268874.36,167061.96,134037.29,11.31,Telangana,0.751,21
25,SUPPLIER,2026-01-10,51588.0,50107.48,2026-01-17,,2,6.89,212591.36,342474.97,12668.63,7.49,Andhra Pradesh,0.413,2
3,BUYER,2026-04-05,29334.12,29066.43,2026-05-05,,-1,0.15,129945.07,193534.93,62613.52,7.64,Gujarat,0.861,-1
18,SUPPLIER,2026-03-09,15576.38,15400.07,2026-03-16,2026-03-15,-1,0.0,249734.94,19738.65,13796.18,14.05,Gujarat,0.674,-1
26,SUPPLIER,2026-04-07,66351.81,65225.79,2026-04-14,2026-04-15,1,3.87,380744.76,271509.56,142213.47,2.7,Delhi,0.778,1
40,SUPPLIER,2026-02-05,60984.52,60024.08,2026-03-07,2026-03-05,-2,3.74,179672.19,82207.17,320627.97,7.37,Kerala,0.357,-2
21,BUYER,2026-01-11,23718.34,23579.86,2026-01-18,2026-01-20,2,8.0,353194.59,96753.84,65802.82,16.76,Tamil Nadu,0.462,2
2,SUPPLIER,2026-06-13,38151.1,39265.46,2026-06-28,2026-06-29,1,4.59,493546.53,294052.11,11110.24,12.16,Kerala,0.775,1
14,SUPPLIER,2026-04-20,72461.85,70850.66,2026-05-05,2026-05-04,-1,10.11,340855.37,75734.69,402570.63,14.78,Karnataka,0.814,-1
37,SUPPLIER,2026-03-09,68790.27,69948.69,2026-03-16,2026-03-14,-2,11.16,379325.69,122330.27,89567.25,8.36,Kerala,0.441,-2
23,SUPPLIER,2026-05-07,21160.17,20781.63,2026-06-06,2026-06-06,0,0.93,92810.49,122225.64,19089.14,14.98,Karnataka,0.917,0
38,SUPPLIER,2026-01-19,20007.38,19689.07,2026-01-26,2026-01-26,0,0.65,263234.34,127191.4,13588.8,17.64,Maharashtra,0.505,0
8,BUYER,2026-04-17,23679.99,23820.57,2026-05-02,2026-05-03,1,5.86,82901.48,83867.37,65646.51,19.11,Tamil Nadu,0.855,1
22,SUPPLIER,2026-03-07,32624.94,31875.22,2026-04-06,2026-04-07,1,7.94,85958.26,38748.81,36203.03,2.51,Kerala,0.622,1
7,BUYER,2026-02-04,13349.23,13028.51,2026-02-11,2026-02-11,0,1.13,305040.6,89769.73,68840.16,7.03,Maharashtra,0.558,0
40,SUPPLIER,2026-03-27,71567.91,71651.82,2026-04-03,2026-04-02,-1,6.88,229741.3,46686.89,379063.01,4.37,Kerala,0.612,-1
34,BUYER,2026-02-14,14975.16,14715.97,2026-03-01,,0,7.38,107307.28,61743.31,41789.07,13.02,Andhra Pradesh,0.536,0
31,SUPPLIER,2026-03-06,77644.29,79671.4,2026-04-05,,0,1.9,92307.56,409752.68,188820.22,7.62,Delhi,0.437,0
20,SUPPLIER,2026-02-16,12662.74,12983.98,2026-02-23,2026-02-23,0,3.02,552693.29,75094.55,75717.68,15.3,Tamil Nadu,0.536,0
37,SUPPLIER,2026-04-28,18546.06,18663.7,2026-05-13,2026-05-12,-1,9.01,440885.23,49265.73,56768.88,13.97,Kerala,0.981,-1
6,BUYER,2026-04-04,14374.19,14621.79,2026-05-04,2026-05-07,3,2.46,184517.18,51183.3,44811.25,7.97,Andhra Pradesh,0.765,3
6,BUYER,2026-06-06,43722.78,44522.22,2026-07-06,2026-07-05,-1,0.19,253585.45,274453.57,190659.5,19.21,Andhra Pradesh,0.921,-1
39,SUPPLIER,2026-04-15,25159.69,25717.03,2026-04-22,2026-04-23,1,0.0,182657.39,162419.0,138082.3,18.2,Maharashtra,0.915,1
18,SUPPLIER,2026-06-06,21841.2,21891.43,2026-06-21,2026-07-21,30,0.0,214452.35,153564.28,101900.25,11.55,Gujarat,0.745,30
6,BUYER,2026-02-07,21195.84,21750.86,2026-03-09,2026-03-08,-1,0.7,185171.16,38663.4,31125.16,15.28,Andhra Pradesh,0.516,-1
10,BUYER,2026-01-31,27559.98,27861.55,2026-02-15,2026-02-14,-1,7.47,270721.46,102102.41,162870.79,11.33,Andhra Pradesh,0.641,-1
15,BUYER,2026-06-02,38120.45,38538.73,2026-07-02,2026-06-30,-2,5.89,418872.19,149205.18,41179.8,12.73,Karnataka,0.969,-2
40,SUPPLIER,2026-06-23,48116.5,48118.24,2026-06-30,2026-07-01,1,5.19,177334.63,212311.44,146677.54,18.02,Kerala,0.932,1
5,BUYER,2026-03-08,33368.4,33256.21,2026-03-15,2026-03-13,-2,6.85,99622.36,104606.38,161650.79,17.35,Tamil Nadu,0.372,-2
26,SUPPLIER,2026-03-31,84255.44,82275.8,2026-04-07,2026-04-12,5,2.39,394335.88,374476.54,25582.51,14.05,Delhi,0.474,5
7,BUYER,2026-03-22,24874.38,25014.75,2026-03-29,2026-03-28,-1,1.96,293872.2,67381.52,69769.95,13.35,Maharashtra,0.393,-1
31,SUPPLIER,2026-05-23,18768.96,18580.43,2026-05-30,2026-05-31,1,0.14,83840.55,123792.29,41619.92,11.1,Delhi,0.814,1
15,BUYER,2026-02-07,9183.86,9101.22,2026-02-14,2026-02-23,9,6.6,525428.2,70275.32,22513.29,8.57,Karnataka,0.618,9
15,BUYER,2026-04-10,15677.95,15571.43,2026-04-17,2026-04-18,1,5.21,495604.14,30154.82,12120.7,9.2,Karnataka,0.911,1
30,BUYER,2026-05-10,49144.13,47945.02,2026-05-25,2026-05-25,0,7.47,191776.17,365468.78,229890.33,18.18,Telangana,0.952,0
6,BUYER,2026-02-03,50469.13,49092.75,2026-02-10,2026-02-10,0,0.17,244242.94,88424.13,82238.72,14.21,Andhra Pradesh,0.439,0
21,BUYER,2026-06-03,36206.0,36599.95,2026-06-10,2026-06-10,0,7.8,326827.41,83401.91,120112.44,3.29,Tamil Nadu,0.917,0
23,SUPPLIER,2026-01-04,59724.43,59639.74,2026-01-11,2026-01-10,-1,0.53,74157.83,349779.08,83818.42,18.14,Karnataka,0.621,-1
12,BUYER,2026-04-23,18370.88,18139.51,2026-05-23,,-2,3.2,355173.4,129407.54,88994.9,7.2,Karnataka,0.846,-2
37,SUPPLIER,2026-02-02,34830.88,35757.04,2026-02-09,2026-02-17,8,7.48,460444.37,90173.29,196361.05,14.19,Kerala,0.373,8
20,SUPPLIER,2026-03-19,14405.99,14115.92,2026-04-18,2026-04-17,-1,2.99,483392.85,89362.64,10300.36,5.93,Tamil Nadu,0.598,-1
5,BUYER,2026-03-19,5235.5,5251.52,2026-04-03,,0,6.56,90461.54,36944.61,20755.78,16.23,Tamil Nadu,0.351,0
17,SUPPLIER,2026-04-17,26790.28,26181.74,2026-04-24,2026-04-23,-1,1.9,176632.28,184329.27,150858.23,7.18,Maharashtra,0.765,-1
17,SUPPLIER,2026-02-05,22501.07,22288.18,2026-02-20,2026-02-18,-2,0.0,199818.46,152539.36,52432.35,14.01,Maharashtra,0.377,-2
39,SUPPLIER,2026-03-30,15654.69,15628.91,2026-04-06,2026-04-07,1,3.09,175845.29,56976.33,12499.5,2.81,Maharashtra,0.607,1
2,SUPPLIER,2026-03-09,10132.49,10072.9,2026-03-24,2026-04-21,28,8.36,356502.56,51094.01,21447.15,16.76,Kerala,0.352,28
16,BUYER,2026-05-01,114248.17,114467.88,2026-05-08,2026-05-08,0,4.95,133297.8,656542.97,647716.93,17.37,Maharashtra,0.84,0
18,SUPPLIER,2026-05-12,16299.95,16738.9,2026-05-19,2026-05-17,-2,0.0,228289.9,85407.49,39901.75,14.3,Gujarat,0.838,-2
27,SUPPLIER,2026-05-13,19306.84,19735.29,2026-05-28,2026-06-02,5,8.23,281334.3,103910.91,66582.94,5.02,Telangana,0.904,5
27,SUPPLIER,2026-04-21,52243.7,51930.44,2026-05-06,2026-05-04,-2,8.56,277224.49,25352.93,22717.46,8.36,Telangana,0.763,-2
20,SUPPLIER,2026-02-25,21100.63,21506.45,2026-03-04,2026-03-10,6,7.1,419348.8,12910.46,92067.28,7.59,Tamil Nadu,0.348,6
15,BUYER,2026-03-23,26531.1,25792.07,2026-04-07,2026-04-06,-1,7.19,398669.23,103692.39,88530.1,16.7,Karnataka,0.465,-1
3,BUYER,2026-01-21,41872.31,43088.97,2026-02-05,2026-02-05,0,3.89,110876.93,21569.21,109860.21,8.98,Gujarat,0.399,0
4,BUYER,2026-06-07,16740.05,16421.44,2026-07-07,,0,0.0,256090.33,21977.77,67498.41,17.17,Karnataka,0.82,0
12,BUYER,2026-04-26,116775.68,118340.07,2026-05-03,2026-05-09,6,2.36,351312.19,703690.69,354145.24,7.83,Karnataka,0.759,6
28,SUPPLIER,2026-05-01,25344.93,25688.42,2026-05-31,2026-06-01,1,6.67,214744.16,190990.5,115118.16,3.13,Delhi,0.944,1
3,BUYER,2026-04-07,68321.03,68605.21,2026-04-14,2026-04-19,5,3.92,158404.86,513187.86,99630.37,4.45,Gujarat,0.796,5
10,BUYER,2026-06-03,25798.77,25485.35,2026-06-18,2026-06-18,0,6.84,286371.87,156913.76,105462.98,18.6,Andhra Pradesh,0.817,0
20,SUPPLIER,2026-01-24,12924.38,12546.46,2026-01-31,,-1,1.78,454093.96,70967.32,36924.48,17.55,Tamil Nadu,0.499,-1
8,BUYER,2026-05-23,19697.55,20226.72,2026-05-30,2026-05-30,0,4.97,66604.44,28576.34,21182.07,5.66,Tamil Nadu,0.964,0
34,BUYER,2026-02-19,19038.11,19586.28,2026-02-26,2026-02-25,-1,9.33,133074.88,149286.13,44502.54,4.92,Andhra Pradesh,0.41,-1
28,SUPPLIER,2026-06-06,81421.47,79137.22,2026-06-13,,1,4.16,242326.99,168702.03,245192.45,12.31,Delhi,0.989,1
4,BUYER,2026-05-13,58175.35,57098.75,2026-05-20,2026-05-19,-1,4.57,322910.38,194726.66,189134.06,2.7,Karnataka,0.867,-1
8,BUYER,2026-03-07,35564.4,34882.14,2026-03-22,2026-04-11,20,7.37,61880.16,163524.59,124788.28,4.65,Tamil Nadu,0.431,20
12,BUYER,2026-03-01,49645.27,50777.46,2026-03-08,2026-03-09,1,5.2,400852.89,20773.05,268203.58,13.31,Karnataka,0.454,1
10,BUYER,2026-03-04,69026.1,68004.4,2026-03-11,2026-03-10,-1,5.3,251237.81,232274.87,235050.55,11.94,Andhra Pradesh,0.681,-1
37,SUPPLIER,2026-06-17,18024.51,18211.86,2026-06-24,2026-06-25,1,10.72,355664.3,29746.93,98433.12,3.51,Kerala,0.747,1
23,SUPPLIER,2026-03-10,37160.96,36877.83,2026-03-25,2026-03-23,-2,2.46,85003.61,52588.21,161827.15,13.55,Karnataka,0.653,-2
20,SUPPLIER,2026-05-23,25885.44,26041.49,2026-06-22,2026-06-21,-1,5.03,413813.1,147363.5,54330.23,2.03,Tamil Nadu,0.927,-1
32,SUPPLIER,2026-02-10,27147.93,27242.98,2026-02-17,2026-02-17,0,6.52,117218.7,195215.74,154995.27,3.11,Kerala,0.675,0
39,SUPPLIER,2026-05-10,4083.09,3983.69,2026-05-17,2026-05-17,0,6.16,193219.0,30274.1,13033.63,8.3,Maharashtra,0.993,0
1,SUPPLIER,2026-04-06,46652.92,45946.93,2026-04-13,2026-04-16,3,3.02,133405.79,300427.64,231503.71,3.73,Andhra Pradesh,0.877,3
2,SUPPLIER,2026-04-03,52003.33,51498.19,2026-04-10,2026-04-10,0,4.96,500288.57,321522.86,55280.9,10.13,Kerala,0.945,0
38,SUPPLIER,2026-03-26,35433.6,34527.02,2026-04-02,2026-04-02,0,3.19,249508.54,249658.37,83782.72,5.68,Maharashtra,0.555,0
32,SUPPLIER,2026-01-13,35178.94,35014.15,2026-01-28,2026-02-01,4,6.52,119214.71,29180.52,50960.16,19.32,Kerala,0.642,4
19,BUYER,2026-06-24,44963.17,45136.26,2026-07-01,2026-07-06,5,2.42,449442.56,357552.23,91804.47,12.52,Andhra Pradesh,0.9,5
19,BUYER,2026-06-21,14741.32,14705.32,2026-07-06,2026-07-04,-2,0.46,344742.27,99320.34,26429.95,5.74,Andhra Pradesh,0.767,-2
32,SUPPLIER,2026-02-02,31845.31,31730.17,2026-02-17,,-2,6.49,109167.23,169149.12,190623.86,8.11,Kerala,0.656,-2
9,SUPPLIER,2026-06-16,46074.8,47341.48,2026-07-01,2026-07-02,1,2.35,82874.88,300271.14,171586.38,9.04,Delhi,0.909,1
5,BUYER,2026-04-17,21830.06,21499.88,2026-05-02,2026-05-03,1,5.89,90880.99,173695.04,110388.3,11.86,Tamil Nadu,0.859,1
37,SUPPLIER,2026-05-03,28206.16,28798.16,2026-05-10,2026-05-08,-2,7.63,451153.94,69445.9,25345.97,11.24,Kerala,0.84,-2
26,SUPPLIER,2026-01-19,73753.41,75742.43,2026-02-03,2026-02-13,10,5.86,409718.16,467022.3,42195.63,10.9,Delhi,0.434,10
34,BUYER,2026-05-26,31870.6,31217.66,2026-06-10,2026-06-12,2,10.79,136645.91,231284.3,165901.63,11.24,Andhra Pradesh,0.866,2
2,SUPPLIER,2026-01-06,8818.35,8738.0,2026-02-05,2026-02-11,6,4.23,438513.11,53585.45,32269.77,10.18,Kerala,0.407,6
22,SUPPLIER,2026-05-12,87600.23,85039.02,2026-05-19,2026-05-19,0,8.77,70509.56,67193.29,416131.68,17.49,Kerala,0.892,0
36,SUPPLIER,2026-05-07,15901.05,15550.74,2026-05-22,2026-05-26,4,6.3,104875.01,70343.03,20307.97,6.1,Maharashtra,0.758,4
27,SUPPLIER,2026-03-14,25533.02,25223.33,2026-03-29,2026-03-28,-1,8.89,276983.78,91453.38,15381.04,19.24,Telangana,0.581,-1
40,SUPPLIER,2026-06-16,42455.26,43473.29,2026-06-23,2026-06-23,0,2.07,185596.58,88206.15,231749.15,7.2,Kerala,0.901,0
21,BUYER,2026-02-06,54263.68,53046.43,2026-03-08,,0,8.16,351571.1,338056.74,196519.33,6.43,Tamil Nadu,0.54,0
1,SUPPLIER,2026-05-08,9799.18,9523.82,2026-05-15,2026-05-23,8,1.31,106323.39,68099.75,11327.63,11.81,Andhra Pradesh,0.739,8
23,SUPPLIER,2026-01-03,35479.34,36147.85,2026-01-18,2026-01-17,-1,0.18,80960.77,142322.41,163193.72,10.38,Karnataka,0.42,-1
23,SUPPLIER,2026-01-31,30028.76,30454.98,2026-02-15,2026-02-16,1,0.0,82805.95,206792.1,94515.05,7.88,Karnataka,0.551,1
16,BUYER,2026-01-23,33101.89,33488.73,2026-01-30,2026-02-23,24,9.8,125919.82,15261.51,63744.1,7.31,Maharashtra,0.362,24
9,SUPPLIER,2026-03-12,68294.03,66319.81,2026-04-11,2026-04-16,5,3.42,82348.55,149443.78,358513.4,18.28,Delhi,0.329,5
11,SUPPLIER,2026-04-08,22197.02,21978.25,2026-04-15,2026-04-13,-2,0.87,404727.91,45027.75,19336.43,8.46,Andhra Pradesh,0.938,-2
12,BUYER,2026-02-24,79839.2,77857.59,2026-03-03,2026-03-02,-1,5.39,312716.69,236694.21,353701.85,5.72,Karnataka,0.403,-1
6,BUYER,2026-05-06,28062.32,27596.96,2026-05-21,,9,0.54,175421.23,154256.13,146439.45,11.51,Andhra Pradesh,0.795,9
3,BUYER,2026-06-03,26030.14,26250.56,2026-06-10,2026-06-09,-1,2.38,150231.65,118331.84,113108.29,8.59,Gujarat,0.982,-1
4,BUYER,2026-02-06,19125.57,19067.52,2026-02-21,2026-03-19,26,3.48,233391.56,88779.85,62042.19,2.81,Karnataka,0.595,26
39,SUPPLIER,2026-05-22,21534.7,21665.74,2026-05-29,2026-06-12,14,2.71,181993.67,26067.5,49930.79,4.41,Maharashtra,0.835,14
24,SUPPLIER,2026-06-20,18880.19,18831.69,2026-07-20,2026-07-28,8,8.49,163680.69,16775.73,24076.29,16.0,Maharashtra,0.863,8
24,SUPPLIER,2026-02-19,42133.74,41521.66,2026-03-06,2026-03-04,-2,7.56,166661.56,283377.49,147735.58,10.81,Maharashtra,0.524,-2
5,BUYER,2026-04-14,31093.82,31606.56,2026-04-21,2026-04-22,1,6.53,117866.47,156065.83,25719.96,7.59,Tamil Nadu,0.987,1
6,BUYER,2026-05-31,123415.64,123511.28,2026-06-15,2026-06-16,1,0.78,248932.84,774426.88,641821.68,12.57,Andhra Pradesh,0.972,1
37,SUPPLIER,2026-03-02,118894.44,118958.15,2026-03-17,2026-03-16,-1,7.73,420944.38,623893.23,17081.64,17.68,Kerala,0.443,-1
11,SUPPLIER,2026-06-20,35737.64,35093.27,2026-06-27,2026-06-27,0,2.68,523180.8,92124.18,70197.94,6.68,Andhra Pradesh,0.972,0
2,SUPPLIER,2026-03-27,31544.94,31180.31,2026-04-11,2026-04-20,9,5.22,401054.86,35979.51,103263.76,14.92,Kerala,0.585,9
21,BUYER,2026-02-07,45922.71,46200.52,2026-03-09,2026-03-07,-2,6.05,445041.17,281357.61,55173.17,16.58,Tamil Nadu,0.682,-2
37,SUPPLIER,2026-05-08,20412.82,20022.38,2026-06-07,,25,8.04,514062.07,97493.67,102342.71,13.33,Kerala,0.973,25
15,BUYER,2026-04-13,11802.21,11477.73,2026-04-20,2026-04-21,1,4.25,448349.45,40566.51,69489.36,11.44,Karnataka,0.875,1
22,SUPPLIER,2026-02-06,30002.88,30571.43,2026-03-08,2026-03-12,4,8.9,84781.95,86652.84,98934.41,3.43,Kerala,0.476,4
36,SUPPLIER,2026-04-14,29361.6,28602.27,2026-04-21,2026-05-05,14,6.53,80565.34,136324.31,70554.46,19.9,Maharashtra,0.74,14
31,SUPPLIER,2026-03-02,132502.95,130383.83,2026-04-01,2026-03-30,-2,4.9,73425.56,89047.07,671004.25,6.84,Delhi,0.572,-2
1,SUPPLIER,2026-06-12,13668.3,14017.92,2026-07-12,2026-07-13,1,0.0,127743.28,75133.1,48032.58,12.87,Andhra Pradesh,0.843,1
25,SUPPLIER,2026-03-20,24197.32,23695.31,2026-03-27,2026-03-28,1,5.21,281399.4,59834.24,132664.39,4.06,Andhra Pradesh,0.534,1
36,SUPPLIER,2026-02-22,27136.51,26745.64,2026-03-24,2026-03-24,0,5.83,116561.84,209243.3,115171.29,4.93,Maharashtra,0.508,0
20,SUPPLIER,2026-04-21,39545.52,39460.28,2026-05-06,2026-05-07,1,4.23,428176.77,234060.5,157530.68,2.7,Tamil Nadu,0.771,1
22,SUPPLIER,2026-06-25,28352.76,27881.65,2026-07-02,2026-07-06,4,11.67,67096.19,29003.01,105255.58,3.18,Kerala,0.733,4
12,BUYER,2026-02-22,62202.99,63043.9,2026-03-09,,0,3.91,343201.47,306816.44,370007.08,16.16,Karnataka,0.465,0
34,BUYER,2026-06-04,42115.31,42083.69,2026-06-11,2026-06-09,-2,7.06,155383.39,242354.11,43769.45,10.52,Andhra Pradesh,0.927,-2
7,BUYER,2026-04-20,16790.19,16288.26,2026-05-05,2026-05-06,1,3.88,278566.01,22971.36,37068.97,16.0,Maharashtra,0.747,1
6,BUYER,2026-06-11,73329.47,74054.45,2026-06-18,2026-06-16,-2,0.0,224232.81,44219.13,429146.52,14.27,Andhra Pradesh,0.719,-2
17,SUPPLIER,2026-02-19,11957.01,12080.57,2026-03-06,2026-04-03,28,1.23,165717.19,25467.34,33532.05,8.75,Maharashtra,0.691,28
33,BUYER,2026-03-07,21245.56,21743.33,2026-04-06,2026-04-04,-2,6.62,428439.14,98022.84,34617.53,4.97,Karnataka,0.515,-2
6,BUYER,2026-02-24,34428.57,34918.87,2026-03-11,2026-03-21,10,0.0,208336.73,165819.23,108501.67,15.07,Andhra Pradesh,0.338,10
17,SUPPLIER,2026-01-28,35336.86,35411.07,2026-02-12,,3,0.0,186853.7,270216.47,48931.31,2.15,Maharashtra,0.324,3
34,BUYER,2026-01-28,16295.76,16088.49,2026-02-04,2026-02-05,1,7.46,133031.96,20556.48,56625.6,11.37,Andhra Pradesh,0.686,1
10,BUYER,2026-04-09,17348.69,17289.59,2026-04-16,,0,7.32,236011.34,13211.32,71514.06,8.62,Andhra Pradesh,0.941,0
18,SUPPLIER,2026-01-13,52511.08,51135.52,2026-01-28,,1,0.0,186704.44,164349.29,204301.5,8.25,Gujarat,0.628,1
32,SUPPLIER,2026-06-06,69260.31,71318.01,2026-06-13,2026-06-14,1,3.14,106445.25,513327.56,165932.77,7.11,Kerala,0.85,1
32,SUPPLIER,2026-01-03,31629.95,30717.36,2026-01-10,2026-01-14,4,8.25,128564.49,182047.4,68682.99,7.77,Kerala,0.657,4
9,SUPPLIER,2026-03-02,65096.55,64271.54,2026-03-09,2026-03-08,-1,1.67,97719.62,100385.49,256498.93,19.31,Delhi,0.36,-1
22,SUPPLIER,2026-01-10,92865.07,91165.48,2026-01-25,2026-01-27,2,9.41,79571.85,143137.11,92950.76,9.6,Kerala,0.631,2
31,SUPPLIER,2026-01-27,37496.39,38567.28,2026-02-26,2026-02-24,-2,1.48,96179.03,26825.52,191793.02,19.51,Delhi,0.619,-2
28,SUPPLIER,2026-06-03,14829.68,15216.71,2026-06-10,2026-06-11,1,4.22,230044.72,84101.04,10849.53,4.69,Delhi,0.933,1
37,SUPPLIER,2026-04-06,36744.96,37713.54,2026-04-13,2026-04-14,1,7.65,474844.94,20618.69,24878.96,15.16,Kerala,0.804,1
32,SUPPLIER,2026-01-03,15641.55,15451.15,2026-01-10,,-1,9.74,110163.98,54253.93,11132.15,10.58,Kerala,0.541,-1
1,SUPPLIER,2026-01-14,42001.29,42851.42,2026-01-21,2026-01-21,0,1.82,105713.25,95157.8,44195.96,10.47,Andhra Pradesh,0.53,0
38,SUPPLIER,2026-06-01,26618.68,26830.51,2026-06-16,,26,3.24,300848.52,64932.25,128527.21,8.93,Maharashtra,0.799,26
20,SUPPLIER,2026-05-17,37227.08,37200.02,2026-06-16,2026-06-14,-2,2.78,533174.35,121435.32,87757.32,6.88,Tamil Nadu,0.967,-2
14,SUPPLIER,2026-01-22,12482.42,12649.61,2026-02-06,2026-02-05,-1,6.36,372917.88,84773.47,26071.94,2.36,Karnataka,0.363,-1
37,SUPPLIER,2026-05-15,33601.55,33219.48,2026-05-22,2026-06-15,24,9.03,466294.19,31847.03,80307.91,17.85,Kerala,0.758,24
5,BUYER,2026-05-31,33755.77,33473.9,2026-06-15,2026-06-16,1,7.53,93277.36,239565.35,107751.73,11.81,Tamil Nadu,0.782,1
38,SUPPLIER,2026-04-01,24288.77,24651.36,2026-04-16,2026-04-15,-1,2.45,314235.0,188190.56,94502.46,10.46,Maharashtra,0.751,-1
18,SUPPLIER,2026-02-18,124851.67,122642.33,2026-03-20,2026-03-22,2,0.0,235734.56,561822.59,467911.64,14.76,Gujarat,0.446,2
22,SUPPLIER,2026-06-26,16278.43,16085.27,2026-07-11,2026-07-11,0,7.48,76630.34,113270.76,76887.7,4.31,Kerala,0.755,0
31,SUPPLIER,2026-06-05,60917.62,59872.25,2026-07-05,2026-07-10,5,4.61,69960.8,168240.61,137651.73,11.45,Delhi,0.826,5
33,BUYER,2026-04-24,10449.01,10485.38,2026-05-24,2026-05-22,-2,6.97,461850.99,74047.18,59027.45,17.09,Karnataka,0.865,-2
17,SUPPLIER,2026-06-23,30781.64,31579.03,2026-06-30,,-1,3.21,183169.27,55981.42,146225.2,17.18,Maharashtra,0.859,-1
35,BUYER,2026-02-24,119753.47,122827.9,2026-03-03,2026-03-16,13,10.14,523938.53,508004.76,161588.41,15.54,Maharashtra,0.542,13
3,BUYER,2026-04-03,23836.01,24275.17,2026-04-18,,-1,2.82,117805.75,55501.2,29822.95,9.92,Gujarat,0.757,-1
16,BUYER,2026-01-12,82518.3,84689.09,2026-02-11,2026-02-11,0,5.54,145522.96,285189.05,69737.58,16.07,Maharashtra,0.685,0
5,BUYER,2026-05-04,16489.73,16716.06,2026-05-19,2026-06-04,16,8.6,126941.6,123179.24,24962.89,5.19,Tamil Nadu,0.838,16
7,BUYER,2026-01-07,18747.55,18736.74,2026-01-14,2026-01-31,17,3.49,251903.03,111397.78,20931.19,10.04,Maharashtra,0.538,17
38,SUPPLIER,2026-06-21,37082.5,37115.7,2026-06-28,,0,6.3,286277.72,246213.24,118390.27,12.72,Maharashtra,0.744,0
7,BUYER,2026-01-10,224223.6,229208.12,2026-01-17,,-2,4.51,232202.47,1136432.81,316594.25,5.07,Maharashtra,0.355,-2
7,BUYER,2026-04-16,38481.02,37497.27,2026-04-23,2026-04-23,0,2.76,225374.53,258095.22,94881.82,6.25,Maharashtra,0.978,0
32,SUPPLIER,2026-04-12,20685.09,20136.39,2026-05-12,2026-05-13,1,5.93,121526.7,76102.34,58538.57,15.73,Kerala,0.948,1
39,SUPPLIER,2026-04-22,11574.91,11582.89,2026-05-22,,9,2.02,230652.64,79414.71,22500.84,11.52,Maharashtra,0.74,9
2,SUPPLIER,2026-03-03,24513.93,24146.81,2026-03-18,2026-03-16,-2,7.88,431366.81,161242.65,28930.74,15.71,Kerala,0.347,-2
7,BUYER,2026-01-25,22734.65,22377.21,2026-02-24,2026-02-25,1,2.33,317304.68,141039.65,51495.77,10.94,Maharashtra,0.38,1
18,SUPPLIER,2026-03-31,40122.73,39869.18,2026-04-07,2026-04-08,1,2.26,171253.36,146370.65,178419.57,14.99,Gujarat,0.365,1
37,SUPPLIER,2026-06-15,13139.66,13401.86,2026-07-15,,10,7.98,445510.69,73741.61,56115.75,10.82,Kerala,0.867,10
28,SUPPLIER,2026-03-07,15265.36,15274.16,2026-03-22,,-1,5.2,195735.69,101118.17,27760.7,14.01,Delhi,0.408,-1
9,SUPPLIER,2026-02-09,52507.3,53180.51,2026-02-16,,-1,5.62,77914.92,285825.85,303016.22,8.25,Delhi,0.487,-1
25,SUPPLIER,2026-01-01,23418.13,23809.32,2026-01-08,,0,7.68,251584.18,183953.5,13624.7,18.96,Andhra Pradesh,0.662,0
4,BUYER,2026-04-17,40567.48,40592.09,2026-05-02,2026-05-03,1,4.48,318363.48,76208.67,170624.74,14.88,Karnataka,0.928,1
14,SUPPLIER,2026-01-27,20505.16,21003.83,2026-02-11,,-2,7.9,471842.66,86464.69,50565.64,6.04,Karnataka,0.305,-2
19,BUYER,2026-01-31,9720.87,9709.35,2026-02-07,2026-02-07,0,2.85,482031.32,62149.7,11017.21,9.6,Andhra Pradesh,0.447,0
21,BUYER,2026-04-07,17104.49,16666.64,2026-04-22,,1,6.16,429841.59,45678.78,70662.96,2.94,Tamil Nadu,0.937,1
38,SUPPLIER,2026-01-21,60437.83,60601.0,2026-02-20,2026-02-19,-1,5.01,306993.92,237725.45,358885.71,11.63,Maharashtra,0.667,-1
17,SUPPLIER,2026-02-13,34317.41,33622.51,2026-02-28,2026-02-26,-2,2.38,138785.28,126812.54,172995.17,8.29,Maharashtra,0.329,-2
3,BUYER,2026-01-11,45120.2,44306.95,2026-01-18,,3,0.29,127791.73,207160.3,130851.02,19.61,Gujarat,0.472,3
15,BUYER,2026-03-30,72826.66,71791.11,2026-04-14,2026-04-22,8,6.08,483412.56,79118.66,427032.33,15.59,Karnataka,0.468,8
17,SUPPLIER,2026-03-30,51171.11,51449.16,2026-04-06,2026-04-06,0,2.73,205972.74,332951.54,294420.58,19.15,Maharashtra,0.378,0
15,BUYER,2026-04-26,86640.48,87301.13,2026-05-03,2026-05-26,23,4.75,527779.07,340069.49,375434.1,7.33,Karnataka,0.877,23
40,SUPPLIER,2026-01-27,13915.1,14061.7,2026-02-11,2026-02-11,0,3.39,208012.62,31777.38,60864.67,6.44,Kerala,0.626,0
14,SUPPLIER,2026-01-24,59872.95,60331.97,2026-02-23,,0,8.4,455843.98,305155.67,146903.81,19.97,Karnataka,0.484,0
10,BUYER,2026-02-11,48437.82,47060.94,2026-02-18,2026-02-20,2,8.82,273785.71,277680.01,52496.12,4.89,Andhra Pradesh,0.419,2
26,SUPPLIER,2026-06-23,12435.07,12170.49,2026-07-23,,1,7.5,364454.21,89530.28,16624.64,4.43,Delhi,0.71,1
40,SUPPLIER,2026-06-10,57311.49,56661.45,2026-06-25,2026-06-25,0,1.5,203593.74,305390.77,96012.05,6.63,Kerala,0.928,0
16,BUYER,2026-04-09,19975.36,20422.06,2026-04-16,2026-04-15,-1,6.98,126934.09,43948.97,39841.64,7.43,Maharashtra,0.839,-1
13,BUYER,2026-06-01,162707.24,159910.43,2026-06-08,2026-06-11,3,12.59,124069.21,1116863.54,173665.66,11.68,Maharashtra,0.775,3
38,SUPPLIER,2026-06-20,21409.07,21602.01,2026-07-05,2026-07-24,19,3.44,302798.05,61950.58,54376.13,18.04,Maharashtra,0.97,19
24,SUPPLIER,2026-04-20,24601.77,24872.34,2026-04-27,,2,10.64,185667.44,22856.56,13066.46,11.2,Maharashtra,0.823,2
21,BUYER,2026-05-10,65481.52,67108.96,2026-06-09,2026-06-15,6,6.97,425542.57,333529.46,168696.38,5.62,Tamil Nadu,0.791,6
24,SUPPLIER,2026-05-31,15629.03,15808.72,2026-06-15,2026-06-16,1,8.74,224984.44,35152.27,30660.53,11.71,Maharashtra,0.882,1
19,BUYER,2026-05-15,55661.66,55410.07,2026-05-30,2026-06-16,17,1.56,422822.51,250864.74,169171.46,11.83,Andhra Pradesh,0.928,17
36,SUPPLIER,2026-05-31,74508.84,73691.24,2026-06-07,2026-06-06,-1,4.38,87918.41,327921.53,322369.75,12.48,Maharashtra,0.874,-1
17,SUPPLIER,2026-03-10,28976.1,29055.42,2026-03-25,2026-03-26,1,2.39,173323.89,224824.6,80259.07,9.41,Maharashtra,0.694,1
20,SUPPLIER,2026-06-05,75654.7,76996.3,2026-07-05,,10,4.18,500965.58,239573.53,270243.14,11.07,Tamil Nadu,0.747,10
30,BUYER,2026-04-08,45784.23,47015.24,2026-05-08,,-1,7.06,165377.94,286028.33,216618.38,12.94,Telangana,0.708,-1
16,BUYER,2026-01-25,21605.93,21865.04,2026-02-01,2026-01-30,-2,8.29,137410.27,169965.32,122067.46,18.62,Maharashtra,0.346,-2
4,BUYER,2026-05-09,40667.19,39953.43,2026-05-16,,-2,2.22,301074.51,93578.72,42566.28,13.47,Karnataka,0.983,-2
31,SUPPLIER,2026-01-21,101219.68,99956.14,2026-01-28,2026-01-28,0,0.03,85830.31,480500.74,274651.76,4.92,Delhi,0.572,0
33,BUYER,2026-03-20,54561.01,54771.43,2026-03-27,2026-04-04,8,6.29,487876.19,158120.53,132786.85,14.08,Karnataka,0.531,8
26,SUPPLIER,2026-04-18,28645.91,29232.21,2026-05-03,2026-05-03,0,6.71,421696.24,186777.46,87293.59,4.73,Delhi,0.882,0
35,BUYER,2026-06-20,48120.37,46781.53,2026-06-27,2026-06-26,-1,8.96,474686.21,88629.53,144521.5,3.07,Maharashtra,0.757,-1
18,SUPPLIER,2026-03-22,88425.6,90098.48,2026-04-06,2026-04-07,1,0.47,173285.39,469573.13,220162.05,7.59,Gujarat,0.461,1
28,SUPPLIER,2026-06-16,47206.44,45850.39,2026-06-23,2026-06-24,1,6.6,250001.16,15444.99,130786.24,12.11,Delhi,0.914,1
36,SUPPLIER,2026-02-15,62135.65,63904.34,2026-02-22,2026-02-23,1,4.93,95994.71,345560.36,289409.15,15.84,Maharashtra,0.459,1
28,SUPPLIER,2026-02-28,28073.29,28840.2,2026-03-15,2026-03-14,-1,5.75,257099.65,33641.24,120658.14,17.13,Delhi,0.58,-1
1,SUPPLIER,2026-04-20,7971.13,7734.24,2026-05-05,2026-05-04,-1,0.0,138453.15,54364.09,27634.44,6.72,Andhra Pradesh,0.775,-1
1,SUPPLIER,2026-03-24,22846.14,22650.47,2026-03-31,2026-03-30,-1,2.43,121288.66,135729.57,38909.18,13.39,Andhra Pradesh,0.301,-1
3,BUYER,2026-02-23,46803.39,46975.14,2026-03-25,,0,0.52,141300.83,109463.65,278068.35,19.25,Gujarat,0.316,0
1,SUPPLIER,2026-03-21,47782.9,47432.14,2026-03-28,2026-03-29,1,0.63,132779.19,94000.96,211379.73,18.54,Andhra Pradesh,0.354,1
25,SUPPLIER,2026-06-29,16087.27,16319.17,2026-07-06,2026-07-06,0,6.32,305606.61,34791.31,87417.85,7.78,Andhra Pradesh,0.705,0
13,BUYER,2026-04-17,54452.22,54446.31,2026-04-24,2026-05-03,9,11.81,159573.75,388244.05,245306.08,2.39,Maharashtra,0.937,9
35,BUYER,2026-06-19,24405.89,24779.61,2026-07-04,2026-07-04,0,8.75,466782.64,115721.89,109455.48,10.72,Maharashtra,0.861,0
24,SUPPLIER,2026-04-17,21628.81,21335.23,2026-04-24,2026-04-28,4,8.02,235085.67,33031.79,37352.6,8.57,Maharashtra,0.952,4
1,SUPPLIER,2026-02-26,31625.88,31640.57,2026-03-13,,0,1.0,106808.97,151276.62,29213.19,6.25,Andhra Pradesh,0.447,0
19,BUYER,2026-03-18,29214.99,28809.77,2026-03-25,2026-03-24,-1,0.0,379892.61,87158.22,170277.19,15.8,Andhra Pradesh,0.633,-1
10,BUYER,2026-06-06,43518.16,42489.82,2026-06-21,2026-06-20,-1,10.02,221708.58,110863.28,195406.6,10.1,Andhra Pradesh,0.842,-1
16,BUYER,2026-04-18,24264.1,24631.96,2026-04-25,2026-04-30,5,7.85,134931.86,128494.67,59662.63,6.03,Maharashtra,0.975,5
3,BUYER,2026-04-10,19597.16,19139.24,2026-04-25,2026-04-26,1,4.25,155844.39,49296.65,107469.05,2.01,Gujarat,0.931,1
1,SUPPLIER,2026-01-20,8301.35,8235.74,2026-02-04,2026-02-03,-1,2.51,119617.89,52328.38,49720.89,13.41,Andhra Pradesh,0.672,-1
35,BUYER,2026-03-20,19708.97,19310.71,2026-03-27,2026-03-27,0,8.86,408905.74,11853.19,25831.11,10.0,Maharashtra,0.401,0
34,BUYER,2026-02-15,20025.39,19764.48,2026-02-22,2026-02-25,3,8.58,108048.83,120872.79,44737.65,11.05,Andhra Pradesh,0.466,3
25,SUPPLIER,2026-05-14,40038.46,41082.46,2026-05-29,2026-06-05,7,4.22,221995.5,152355.42,164135.99,8.1,Andhra Pradesh,0.723,7
24,SUPPLIER,2026-02-23,17472.56,16970.68,2026-03-02,2026-03-09,7,8.98,229601.05,28706.27,42622.41,19.66,Maharashtra,0.361,7
30,BUYER,2026-03-04,34865.33,35756.89,2026-03-11,2026-03-26,15,7.57,156038.35,90932.44,47216.33,14.19,Telangana,0.605,15
13,BUYER,2026-01-07,27080.99,27151.12,2026-01-14,2026-01-14,0,12.68,145067.8,58626.75,155762.39,14.93,Maharashtra,0.335,0
28,SUPPLIER,2026-05-23,44000.97,43416.59,2026-06-07,2026-06-08,1,8.51,262707.87,63499.04,190850.2,17.66,Delhi,0.956,1
33,BUYER,2026-06-16,59711.2,58851.78,2026-07-01,2026-07-01,0,6.3,401006.89,473147.16,241210.21,16.77,Karnataka,0.865,0
13,BUYER,2026-02-01,44568.92,44439.85,2026-02-16,,2,11.42,133875.46,58962.89,163815.82,9.06,Maharashtra,0.499,2
34,BUYER,2026-01-01,22946.85,22322.99,2026-01-08,,10,7.24,124593.63,147039.96,124382.79,12.3,Andhra Pradesh,0.677,10
18,SUPPLIER,2026-04-04,20760.89,20951.71,2026-04-19,2026-04-17,-2,0.0,199661.3,39841.63,16203.79,18.65,Gujarat,0.891,-2
17,SUPPLIER,2026-06-12,53875.73,53687.83,2026-06-27,2026-06-27,0,2.75,140826.89,71221.01,258964.93,3.26,Maharashtra,0.875,0
25,SUPPLIER,2026-05-23,73170.88,73319.85,2026-05-30,2026-06-02,3,7.51,306157.01,441951.49,331514.11,8.58,Andhra Pradesh,0.752,3
24,SUPPLIER,2026-03-31,45065.14,44025.36,2026-04-30,2026-04-29,-1,9.91,225792.93,318212.04,252985.68,15.33,Maharashtra,0.5,-1
3,BUYER,2026-01-28,75752.66,75707.39,2026-02-12,2026-02-20,8,5.46,126229.59,228040.25,259857.36,4.32,Gujarat,0.394,8
9,SUPPLIER,2026-01-24,42144.35,41593.88,2026-02-08,2026-02-08,0,3.49,77985.04,135073.12,167892.43,18.13,Delhi,0.399,0
36,SUPPLIER,2026-04-10,39196.83,38393.0,2026-04-17,2026-04-18,1,4.14,107743.79,226376.41,101502.89,11.02,Maharashtra,0.737,1
24,SUPPLIER,2026-01-06,13896.2,13618.31,2026-01-21,2026-01-24,3,9.4,164040.43,53144.46,19868.81,9.4,Maharashtra,0.341,3
16,BUYER,2026-04-14,21812.82,21967.7,2026-05-14,,33,8.6,153874.17,92159.35,115723.7,2.24,Maharashtra,0.989,33
22,SUPPLIER,2026-02-08,60980.01,62276.19,2026-02-15,,2,8.19,79361.32,131339.28,343349.32,9.23,Kerala,0.374,2
2,SUPPLIER,2026-03-18,40192.59,39368.89,2026-04-17,2026-04-18,1,6.83,480013.22,22897.67,114124.66,18.88,Kerala,0.417,1
25,SUPPLIER,2026-03-19,21058.4,21178.34,2026-04-03,,2,9.49,295402.46,163811.6,59980.98,3.13,Andhra Pradesh,0.622,2
10,BUYER,2026-02-27,28607.1,28984.79,2026-03-06,2026-03-05,-1,8.16,263336.54,145986.73,52660.29,3.93,Andhra Pradesh,0.442,-1
1,SUPPLIER,2026-06-10,22475.45,23121.13,2026-06-17,2026-06-17,0,0.0,129280.6,122539.43,87601.66,19.6,Andhra Pradesh,0.889,0
10,BUYER,2026-04-18,31547.39,31631.41,2026-05-18,2026-06-11,24,9.56,248031.13,13842.19,42298.69,4.41,Andhra Pradesh,0.709,24
33,BUYER,2026-02-19,74038.44,74654.88,2026-02-26,2026-03-08,10,5.86,367141.91,318314.91,32513.12,18.82,Karnataka,0.522,10
35,BUYER,2026-05-21,61257.63,61081.47,2026-06-05,2026-06-06,1,7.74,474021.38,393727.81,314572.07,3.26,Maharashtra,0.929,1
34,BUYER,2026-05-13,28117.23,27632.43,2026-06-12,,29,7.34,159279.99,23218.8,44832.18,9.5,Andhra Pradesh,0.902,29
15,BUYER,2026-05-24,26209.21,26578.47,2026-06-08,2026-06-08,0,4.15,431661.41,21434.51,115650.64,11.05,Karnataka,0.98,0
5,BUYER,2026-05-18,62484.64,61594.1,2026-05-25,2026-05-27,2,8.97,104975.48,465296.89,306991.32,19.16,Tamil Nadu,0.715,2
6,BUYER,2026-05-04,15031.75,14852.38,2026-05-19,2026-05-17,-2,1.22,193382.4,108908.77,28529.13,11.02,Andhra Pradesh,0.758,-2
30,BUYER,2026-05-10,52308.8,52346.93,2026-05-25,2026-05-25,0,5.99,168037.7,59958.55,306054.44,10.55,Telangana,0.74,0
37,SUPPLIER,2026-05-17,54884.76,56338.71,2026-05-24,,0,6.88,497516.66,114082.42,183503.23,3.64,Kerala,0.707,0
22,SUPPLIER,2026-01-21,18193.4,18204.84,2026-01-28,2026-02-05,8,8.3,88321.26,143146.16,60273.26,12.21,Kerala,0.562,8
39,SUPPLIER,2026-02-12,22463.61,22779.55,2026-02-27,2026-02-28,1,4.39,185816.35,42574.44,52626.58,9.3,Maharashtra,0.64,1
33,BUYER,2026-03-14,6516.17,6387.53,2026-04-13,2026-04-12,-1,4.94,382288.63,41665.08,15940.56,17.65,Karnataka,0.681,-1
27,SUPPLIER,2026-01-13,20760.62,20347.7,2026-01-20,2026-01-20,0,9.34,313481.89,22544.3,116194.53,4.45,Telangana,0.35,0
2,SUPPLIER,2026-02-13,10366.9,10375.44,2026-02-28,2026-02-27,-1,4.42,412792.15,82641.13,13736.39,4.85,Kerala,0.565,-1
3,BUYER,2026-03-08,20974.87,20365.66,2026-03-15,2026-03-16,1,4.4,119226.59,167604.05,17611.28,11.29,Gujarat,0.327,1
18,SUPPLIER,2026-01-31,46497.64,45707.1,2026-02-15,2026-02-14,-1,0.0,175866.13,363403.03,11618.78,3.15,Gujarat,0.383,-1
40,SUPPLIER,2026-03-04,37381.29,37277.79,2026-03-11,2026-03-10,-1,2.85,186962.14,134154.82,197157.21,15.14,Kerala,0.495,-1
19,BUYER,2026-03-13,23740.81,23374.31,2026-03-28,,1,2.2,429618.95,160439.48,102191.35,18.68,Andhra Pradesh,0.562,1
6,BUYER,2026-04-09,13897.42,14283.17,2026-04-16,2026-04-16,0,0.1,201288.19,84876.72,82479.71,11.29,Andhra Pradesh,0.883,0
27,SUPPLIER,2026-05-16,23229.28,23507.52,2026-05-23,2026-05-24,1,6.25,287989.6,84547.29,53811.62,14.31,Telangana,0.809,1
36,SUPPLIER,2026-05-10,9909.56,9717.86,2026-06-09,2026-06-08,-1,4.81,104097.29,11671.01,37721.22,4.47,Maharashtra,0.805,-1
38,SUPPLIER,2026-06-03,24697.0,24954.59,2026-07-03,2026-07-03,0,2.49,231260.4,117530.45,66136.48,6.47,Maharashtra,0.974,0
10,BUYER,2026-06-02,14938.48,14597.34,2026-06-17,,-2,6.95,265695.43,116121.62,85874.71,17.43,Andhra Pradesh,0.766,-2
27,SUPPLIER,2026-04-07,41167.2,41356.48,2026-04-14,2026-04-13,-1,9.42,323768.21,131376.29,32768.26,9.77,Telangana,0.835,-1
26,SUPPLIER,2026-04-04,19024.81,18478.71,2026-05-04,2026-05-03,-1,9.42,374516.92,20164.36,86904.32,17.92,Delhi,1.0,-1
4,BUYER,2026-03-17,29604.68,29256.6,2026-03-24,,4,2.83,264177.96,80344.18,176305.17,10.14,Karnataka,0.631,4
38,SUPPLIER,2026-03-01,32370.09,32370.95,2026-03-31,,-2,2.44,329952.21,124775.34,143619.24,9.04,Maharashtra,0.4,-2
23,SUPPLIER,2026-01-29,22791.75,22429.44,2026-02-05,,-2,0.81,77960.87,156351.16,30308.03,3.0,Karnataka,0.693,-2
23,SUPPLIER,2026-05-21,41507.67,40887.43,2026-06-05,2026-06-16,11,0.07,63602.77,206037.5,116121.38,8.36,Karnataka,0.713,11
21,BUYER,2026-01-17,35843.29,36264.43,2026-01-24,2026-01-23,-1,4.88,438145.73,204647.92,180374.05,5.67,Tamil Nadu,0.658,-1
32,SUPPLIER,2026-02-03,93291.61,91775.45,2026-02-18,2026-02-24,6,6.4,100822.66,647873.52,44967.92,2.98,Kerala,0.657,6
35,BUYER,2026-02-17,44415.36,43790.83,2026-02-24,2026-03-07,11,9.2,527172.77,194549.4,178788.58,17.63,Maharashtra,0.536,11
28,SUPPLIER,2026-05-21,40739.82,39677.48,2026-06-05,2026-06-03,-2,6.23,236228.3,215843.8,163489.8,9.43,Delhi,0.835,-2
37,SUPPLIER,2026-03-25,18564.45,18544.7,2026-04-09,2026-04-09,0,7.64,446540.48,126647.61,101911.35,13.8,Kerala,0.379,0
40,SUPPLIER,2026-03-25,76869.25,76197.01,2026-04-01,2026-05-01,30,2.15,222215.61,172001.88,398875.66,6.57,Kerala,0.404,30
18,SUPPLIER,2026-04-25,66468.65,67889.38,2026-05-02,2026-05-12,10,1.88,177464.43,522566.85,25184.5,16.3,Gujarat,0.965,10
7,BUYER,2026-02-22,73280.73,73641.52,2026-03-24,2026-03-24,0,1.08,295706.49,145172.03,227286.9,8.48,Maharashtra,0.385,0
9,SUPPLIER,2026-06-02,38718.29,37799.77,2026-07-02,2026-07-12,10,2.56,98895.99,107594.18,22069.88,13.78,Delhi,0.798,10
39,SUPPLIER,2026-04-07,14303.76,14088.88,2026-05-07,2026-05-06,-1,1.79,200638.88,87629.09,10105.65,9.55,Maharashtra,0.753,-1
35,BUYER,2026-06-03,18666.69,18284.41,2026-07-03,2026-07-04,1,9.53,540767.51,68131.69,62514.67,10.37,Maharashtra,0.756,1
7,BUYER,2026-01-29,61404.54,63179.57,2026-02-05,2026-02-06,1,0.13,297231.35,44699.23,164146.57,3.7,Maharashtra,0.498,1
5,BUYER,2026-03-29,20335.74,20342.42,2026-04-05,2026-04-06,1,8.85,106755.83,155771.56,14300.29,17.57,Tamil Nadu,0.579,1
1,SUPPLIER,2026-02-08,12113.82,12269.06,2026-02-23,2026-02-23,0,0.0,120893.3,35353.19,43403.48,13.79,Andhra Pradesh,0.513,0
31,SUPPLIER,2026-02-08,14398.78,14090.78,2026-02-15,2026-02-18,3,2.78,83436.66,93311.03,20221.5,10.78,Delhi,0.454,3
3,BUYER,2026-06-10,27171.86,27554.59,2026-06-17,,1,0.0,119316.68,143761.76,103679.34,14.41,Gujarat,0.907,1
40,SUPPLIER,2026-05-19,26622.16,27390.84,2026-05-26,2026-06-02,7,3.16,176081.49,177017.79,123034.12,10.26,Kerala,0.957,7
38,SUPPLIER,2026-06-12,51029.11,50168.13,2026-07-12,2026-07-10,-2,5.38,286711.77,129235.47,291536.59,4.24,Maharashtra,0.975,-2
17,SUPPLIER,2026-02-12,8670.53,8612.19,2026-02-19,2026-02-18,-1,2.51,160707.05,17791.73,39572.87,13.81,Maharashtra,0.519,-1
16,BUYER,2026-06-11,25700.45,25107.57,2026-06-26,2026-06-28,2,9.12,127727.08,39329.38,124201.78,12.67,Maharashtra,0.758,2
10,BUYER,2026-01-10,72598.67,73710.31,2026-01-17,2026-01-27,10,6.35,256737.04,433773.61,20059.67,11.05,Andhra Pradesh,0.451,10
39,SUPPLIER,2026-02-18,17939.69,17754.78,2026-03-05,,-2,3.62,211568.06,77841.56,61837.68,12.69,Maharashtra,0.649,-2
33,BUYER,2026-03-13,13317.13,13662.07,2026-03-28,2026-04-15,18,5.06,477464.8,11790.45,53776.5,13.19,Karnataka,0.594,18
22,SUPPLIER,2026-05-10,36756.04,35660.96,2026-05-25,2026-06-13,19,6.64,83092.05,205379.21,98629.56,3.02,Kerala,0.713,19
12,BUYER,2026-01-24,20219.55,20534.0,2026-01-31,2026-01-30,-1,4.09,399916.96,44394.98,38253.45,19.26,Karnataka,0.666,-1
33,BUYER,2026-01-04,75041.93,76018.5,2026-01-11,2026-01-18,7,5.24,442767.12,299407.01,406241.34,14.57,Karnataka,0.455,7
6,BUYER,2026-05-14,133347.21,135568.89,2026-05-29,2026-06-07,9,0.83,173114.93,277613.69,420420.04,17.65,Andhra Pradesh,0.818,9
15,BUYER,2026-06-24,59044.47,58257.02,2026-07-09,2026-07-10,1,6.43,376298.12,69683.42,179019.7,7.59,Karnataka,0.775,1
26,SUPPLIER,2026-04-13,9615.68,9570.24,2026-05-13,2026-05-14,1,4.58,321437.77,47058.85,15204.68,17.51,Delhi,0.803,1
32,SUPPLIER,2026-06-23,28926.53,29455.42,2026-06-30,2026-07-01,1,7.91,138232.0,196423.95,85920.17,10.01,Kerala,0.911,1
40,SUPPLIER,2026-06-13,97226.31,96623.84,2026-06-28,2026-06-28,0,3.87,192381.06,81334.57,494494.74,19.12,Kerala,0.763,0
1,SUPPLIER,2026-05-28,42096.89,41166.82,2026-06-12,,-1,0.1,139997.12,110188.81,101460.86,7.83,Andhra Pradesh,0.749,-1
29,BUYER,2026-03-14,24430.49,24794.01,2026-03-21,2026-03-22,1,0.0,294744.93,136453.01,109451.15,6.69,Andhra Pradesh,0.569,1
6,BUYER,2026-05-02,85646.24,85968.12,2026-05-09,2026-05-10,1,0.0,190653.23,234822.82,20234.78,17.63,Andhra Pradesh,0.849,1
37,SUPPLIER,2026-06-04,9971.42,10270.34,2026-06-11,2026-06-12,1,7.89,498001.56,43280.45,51267.49,2.64,Kerala,0.948,1
2,SUPPLIER,2026-03-01,82832.31,80465.34,2026-03-08,2026-03-18,10,4.54,433737.22,527448.6,187301.2,17.0,Kerala,0.323,10
16,BUYER,2026-05-29,46947.41,46982.32,2026-06-13,2026-06-14,1,7.45,139631.48,222198.02,219047.53,13.64,Maharashtra,0.98,1
10,BUYER,2026-06-12,23468.57,23331.41,2026-06-19,,5,7.52,280541.91,68308.98,87304.23,3.3,Andhra Pradesh,0.968,5
23,SUPPLIER,2026-05-03,70864.84,70737.08,2026-05-10,2026-05-17,7,1.97,80474.22,427631.84,23716.97,16.8,Karnataka,0.724,7
25,SUPPLIER,2026-03-11,27581.53,26999.14,2026-03-18,,5,7.38,255664.05,147269.94,17488.85,6.32,Andhra Pradesh,0.388,5
2,SUPPLIER,2026-03-16,26857.59,26655.49,2026-03-23,2026-04-02,10,0.79,496942.54,211218.45,35959.25,10.42,Kerala,0.61,10
36,SUPPLIER,2026-04-17,51306.6,50599.28,2026-05-02,,-2,4.66,97925.25,202568.21,146367.53,9.22,Maharashtra,0.957,-2
15,BUYER,2026-03-16,36976.82,37006.92,2026-03-23,2026-03-25,2,8.27,522644.94,120394.75,40552.02,14.43,Karnataka,0.41,2
32,SUPPLIER,2026-02-02,24003.33,24011.09,2026-02-09,2026-03-09,28,4.24,114847.25,22148.07,73303.29,11.5,Kerala,0.572,28
5,BUYER,2026-04-29,43736.57,44485.87,2026-05-14,2026-05-15,1,8.41,93282.68,78421.08,48301.66,7.82,Tamil Nadu,0.945,1
5,BUYER,2026-05-20,28806.64,28864.47,2026-06-04,,1,6.63,95683.11,129728.62,17138.19,2.06,Tamil Nadu,0.923,1
24,SUPPLIER,2026-05-06,44124.51,43572.95,2026-05-21,,-1,4.49,162232.62,32898.93,245006.94,15.11,Maharashtra,0.885,-1
5,BUYER,2026-02-24,66970.45,65985.6,2026-03-11,2026-03-12,1,6.85,113278.29,172100.97,283073.15,14.68,Tamil Nadu,0.372,1
29,BUYER,2026-03-11,36073.06,35730.06,2026-03-18,2026-03-23,5,0.17,248344.3,255732.98,112095.5,18.51,Andhra Pradesh,0.651,5
21,BUYER,2026-04-24,20571.98,20188.21,2026-05-09,,-1,7.32,363197.15,12849.09,100629.93,9.06,Tamil Nadu,0.965,-1
1,SUPPLIER,2026-03-10,36064.43,36504.31,2026-03-25,2026-03-26,1,2.2,124534.72,257804.13,170133.09,4.25,Andhra Pradesh,0.663,1
10,BUYER,2026-03-05,23775.37,24274.48,2026-04-04,2026-04-02,-2,5.18,258894.3,180577.08,46905.83,4.28,Andhra Pradesh,0.549,-2
1,SUPPLIER,2026-03-09,8373.25,8343.51,2026-03-16,2026-03-14,-2,3.59,122318.75,13310.56,39132.94,2.28,Andhra Pradesh,0.55,-2
33,BUYER,2026-02-06,9665.03,9905.42,2026-03-08,2026-03-12,4,9.06,476486.29,12577.99,29185.33,8.5,Karnataka,0.54,4
28,SUPPLIER,2026-03-03,24225.32,23500.06,2026-04-02,2026-04-06,4,3.37,243090.21,192690.76,83267.78,19.24,Delhi,0.363,4
33,BUYER,2026-02-27,5734.41,5630.31,2026-03-06,2026-03-06,0,7.06,389881.41,18582.46,11406.73,10.88,Karnataka,0.495,0
28,SUPPLIER,2026-03-15,12189.95,12429.71,2026-03-30,,1,1.28,248080.18,95043.03,68495.16,11.84,Delhi,0.681,1
22,SUPPLIER,2026-05-05,15684.23,15975.1,2026-05-12,2026-05-20,8,3.99,79691.91,84814.24,77589.15,11.03,Kerala,0.742,8
9,SUPPLIER,2026-06-27,9017.71,9003.42,2026-07-12,,6,1.01,100555.54,30767.19,25554.43,8.21,Delhi,0.855,6
1,SUPPLIER,2026-02-22,15287.75,15739.45,2026-03-09,2026-03-10,1,0.23,140232.92,21785.56,34487.66,15.97,Andhra Pradesh,0.496,1
38,SUPPLIER,2026-05-19,15289.68,15539.96,2026-06-03,,-1,4.25,265733.38,72082.26,38049.21,17.16,Maharashtra,0.785,-1
11,SUPPLIER,2026-06-26,85855.88,86477.74,2026-07-11,,-2,1.79,477925.66,673838.86,222352.45,2.24,Andhra Pradesh,0.897,-2
11,SUPPLIER,2026-03-02,8886.16,9051.43,2026-03-09,2026-03-09,0,1.52,528202.03,27268.36,39736.56,8.21,Andhra Pradesh,0.505,0
6,BUYER,2026-02-16,53701.35,52802.78,2026-02-23,2026-02-22,-1,0.0,237905.35,188611.27,74518.0,19.87,Andhra Pradesh,0.319,-1
13,BUYER,2026-01-03,38107.4,37245.6,2026-01-10,2026-01-12,2,13.13,128169.85,168977.15,77907.48,10.22,Maharashtra,0.661,2
3,BUYER,2026-01-11,35211.13,34852.89,2026-01-18,2026-01-17,-1,0.87,148121.67,103520.32,105273.57,10.13,Gujarat,0.616,-1
32,SUPPLIER,2026-06-13,25522.53,25083.59,2026-07-13,,-2,6.37,98611.0,156212.28,51305.63,10.96,Kerala,0.809,-2
35,BUYER,2026-02-25,45266.43,44891.06,2026-03-12,,-1,11.14,407852.21,46400.06,188358.1,16.17,Maharashtra,0.661,-1
10,BUYER,2026-06-08,30593.54,30388.94,2026-06-15,2026-06-14,-1,5.17,235093.31,200338.18,42907.8,17.47,Andhra Pradesh,0.988,-1
4,BUYER,2026-04-25,17834.15,18105.16,2026-05-25,2026-05-23,-2,3.81,276187.38,24491.11,37742.17,14.64,Karnataka,0.996,-2
28,SUPPLIER,2026-03-09,35413.83,35463.35,2026-03-16,2026-03-17,1,4.65,253117.95,234255.96,69793.56,17.95,Delhi,0.565,1
24,SUPPLIER,2026-03-10,25650.99,26224.29,2026-03-25,2026-03-28,3,8.57,222575.13,62196.23,146831.61,18.16,Maharashtra,0.602,3
10,BUYER,2026-02-22,12461.75,12741.73,2026-03-09,2026-03-10,1,7.43,254257.48,92140.99,24502.75,2.29,Andhra Pradesh,0.515,1
10,BUYER,2026-06-21,29760.06,29353.05,2026-06-28,,4,10.43,218862.01,33627.04,94152.53,10.42,Andhra Pradesh,0.876,4
19,BUYER,2026-03-01,24994.38,25673.39,2026-03-08,,0,1.06,329669.76,113067.49,32241.67,15.13,Andhra Pradesh,0.418,0
34,BUYER,2026-06-10,27743.17,28397.22,2026-07-10,,-1,8.14,148517.03,212118.92,20544.43,9.38,Andhra Pradesh,0.72,-1
37,SUPPLIER,2026-01-18,63624.56,63207.34,2026-01-25,2026-01-27,2,8.26,350584.05,154504.83,37001.51,16.36,Kerala,0.349,2
26,SUPPLIER,2026-02-04,57069.99,57203.67,2026-02-11,2026-02-11,0,4.9,382485.38,361211.92,240744.87,7.47,Delhi,0.448,0
16,BUYER,2026-05-03,39347.25,40116.65,2026-05-10,2026-05-12,2,9.43,162337.15,165737.58,166737.53,17.37,Maharashtra,0.749,2
39,SUPPLIER,2026-01-28,16512.38,16625.16,2026-02-04,2026-02-05,1,4.92,241196.62,55756.46,23052.32,9.59,Maharashtra,0.545,1
11,SUPPLIER,2026-02-22,25089.65,25033.0,2026-03-24,,-1,4.96,525778.3,61840.51,141659.68,9.21,Andhra Pradesh,0.591,-1
25,SUPPLIER,2026-01-11,16764.83,16655.35,2026-01-18,2026-01-17,-1,8.96,239773.31,55213.34,76043.52,19.53,Andhra Pradesh,0.682,-1
14,SUPPLIER,2026-03-23,24115.99,23921.52,2026-03-30,2026-04-09,10,7.77,442281.72,137418.57,109184.42,3.73,Karnataka,0.551,10
18,SUPPLIER,2026-01-10,36010.07,36585.99,2026-01-17,2026-01-16,-1,0.0,235905.12,211973.43,74443.37,15.14,Gujarat,0.627,-1
10,BUYER,2026-05-02,67824.15,67049.61,2026-06-01,2026-06-01,0,6.92,279616.55,296554.33,240247.64,2.08,Andhra Pradesh,0.945,0
35,BUYER,2026-01-27,21078.6,21591.97,2026-02-03,2026-02-04,1,10.82,531468.14,166599.39,54975.85,7.52,Maharashtra,0.618,1
9,SUPPLIER,2026-04-02,51754.52,53272.33,2026-04-09,2026-04-07,-2,3.04,103180.76,92489.51,212129.12,8.91,Delhi,0.989,-2
30,BUYER,2026-01-11,55638.47,55483.18,2026-01-18,,-2,7.64,167767.69,385227.31,333751.23,18.22,Telangana,0.325,-2
8,BUYER,2026-03-26,40633.57,40486.63,2026-04-02,2026-04-01,-1,5.26,63449.53,102081.78,241946.36,2.44,Tamil Nadu,0.529,-1
40,SUPPLIER,2026-03-15,57821.55,58625.45,2026-03-22,2026-03-21,-1,5.03,196951.42,65518.25,158053.16,3.09,Kerala,0.659,-1
10,BUYER,2026-05-20,12294.48,12424.52,2026-06-19,2026-06-28,9,5.85,238498.51,46974.91,41428.04,3.03,Andhra Pradesh,0.719,9
37,SUPPLIER,2026-02-28,28781.37,28274.91,2026-03-07,2026-03-10,3,7.89,358980.24,192634.44,65099.35,18.91,Kerala,0.533,3
17,SUPPLIER,2026-02-13,40309.64,40779.8,2026-02-20,2026-02-21,1,0.0,172167.35,139889.04,158598.36,15.85,Maharashtra,0.605,1
38,SUPPLIER,2026-05-12,62279.2,62699.77,2026-05-19,2026-05-20,1,1.64,271168.55,278608.47,290372.3,14.44,Maharashtra,0.772,1
22,SUPPLIER,2026-02-27,41664.23,40782.43,2026-03-06,2026-03-09,3,7.64,75234.99,63561.14,43955.72,18.29,Kerala,0.494,3
12,BUYER,2026-05-24,100680.5,101731.35,2026-06-23,2026-06-24,1,3.65,373568.05,751182.82,375689.47,7.9,Karnataka,0.815,1
24,SUPPLIER,2026-01-01,15009.11,14987.14,2026-01-08,2026-01-14,6,7.11,217066.92,104930.29,71876.79,9.68,Maharashtra,0.439,6
17,SUPPLIER,2026-04-26,20100.16,20289.2,2026-05-03,2026-05-06,3,2.94,189733.22,20504.98,99746.13,7.83,Maharashtra,0.759,3
30,BUYER,2026-05-10,75215.31,74272.37,2026-05-17,,9,8.03,160854.86,249811.51,330844.58,10.68,Telangana,0.855,9
22,SUPPLIER,2026-01-07,143568.66,140035.92,2026-01-22,2026-01-20,-2,7.42,82349.48,1036747.35,215714.4,11.95,Kerala,0.401,-2
17,SUPPLIER,2026-01-31,40812.38,40871.62,2026-02-15,2026-02-20,5,0.0,179180.76,144656.64,158734.85,12.06,Maharashtra,0.401,5
27,SUPPLIER,2026-05-06,12171.96,12132.57,2026-05-13,,0,10.77,312215.33,94925.67,39622.45,2.05,Telangana,0.941,0
32,SUPPLIER,2026-03-28,18163.5,18556.7,2026-04-04,2026-04-10,6,9.69,126900.5,68791.74,41972.45,15.47,Kerala,0.312,6
21,BUYER,2026-06-16,32594.61,32416.3,2026-07-01,2026-07-03,2,7.98,410342.58,29869.03,142532.67,9.63,Tamil Nadu,0.912,2
30,BUYER,2026-01-19,36789.08,37792.06,2026-02-18,2026-02-19,1,7.55,152771.84,68581.04,30567.26,7.3,Telangana,0.538,1
18,SUPPLIER,2026-05-01,13140.31,13106.01,2026-05-08,2026-05-07,-1,0.0,180361.07,11619.13,20922.67,16.93,Gujarat,0.878,-1
21,BUYER,2026-01-03,18827.71,18435.96,2026-01-18,2026-01-20,2,5.4,330246.76,33416.92,69005.75,19.4,Tamil Nadu,0.378,2
33,BUYER,2026-05-28,15443.64,15841.32,2026-06-04,2026-06-08,4,4.45,488604.1,83765.47,54643.28,14.08,Karnataka,0.988,4
6,BUYER,2026-02-09,29088.38,29077.34,2026-02-24,2026-02-25,1,0.0,215226.25,163699.62,66947.32,17.62,Andhra Pradesh,0.396,1
19,BUYER,2026-02-20,10764.77,10743.17,2026-02-27,,1,0.0,342560.87,85260.17,14741.72,4.1,Andhra Pradesh,0.394,1
4,BUYER,2026-06-01,29804.14,29037.34,2026-07-01,,21,1.85,233705.61,130652.57,116210.39,10.64,Karnataka,0.892,21
36,SUPPLIER,2026-02-09,19913.36,20099.87,2026-03-11,2026-03-10,-1,5.78,101096.14,101173.49,117642.81,11.8,Maharashtra,0.688,-1
26,SUPPLIER,2026-06-10,26765.96,27178.75,2026-06-17,2026-06-23,6,6.12,337023.55,20890.24,159610.83,19.38,Delhi,0.714,6
26,SUPPLIER,2026-03-29,113207.41,114615.67,2026-04-13,2026-05-03,20,6.15,403594.58,529329.81,132752.33,19.96,Delhi,0.31,20
23,SUPPLIER,2026-06-14,8919.92,8879.51,2026-07-14,,1,1.14,85146.92,14672.97,22630.58,9.15,Karnataka,0.86,1
6,BUYER,2026-01-07,14804.4,14915.97,2026-01-14,2026-01-13,-1,0.27,241133.42,20205.25,27298.07,19.28,Andhra Pradesh,0.406,-1
40,SUPPLIER,2026-05-18,22267.78,22218.53,2026-06-02,2026-06-03,1,2.32,209728.83,171705.02,121963.52,12.5,Kerala,0.841,1
1,SUPPLIER,2026-05-12,30906.85,31575.32,2026-05-19,2026-05-27,8,0.03,106287.69,225179.95,34203.9,13.0,Andhra Pradesh,0.787,8
16,BUYER,2026-05-19,24108.02,24302.69,2026-06-18,2026-06-19,1,6.66,159885.47,158475.23,74603.08,18.44,Maharashtra,0.825,1
35,BUYER,2026-03-01,27142.04,26744.1,2026-03-08,2026-04-02,25,6.35,373239.72,185368.51,108943.64,6.11,Maharashtra,0.429,25
39,SUPPLIER,2026-05-09,17696.97,17765.89,2026-05-16,,-2,3.57,192353.74,119243.47,31784.46,10.67,Maharashtra,0.786,-2
20,SUPPLIER,2026-02-01,27405.06,26640.81,2026-02-16,2026-02-15,-1,2.79,456697.97,155891.44,55949.46,10.3,Tamil Nadu,0.51,-1
39,SUPPLIER,2026-06-19,39702.69,40050.52,2026-07-19,,8,4.4,220445.08,174401.98,83133.86,10.83,Maharashtra,0.715,8
20,SUPPLIER,2026-06-25,27536.61,27074.03,2026-07-10,2026-07-14,4,4.13,424619.95,200403.0,22502.14,19.73,Tamil Nadu,0.802,4
3,BUYER,2026-02-02,33526.54,33533.95,2026-02-09,2026-02-08,-1,0.77,119568.59,137223.39,22177.73,5.1,Gujarat,0.471,-1
36,SUPPLIER,2026-03-07,20374.42,20255.39,2026-03-22,2026-03-22,0,5.29,91053.83,114116.0,91638.33,5.5,Maharashtra,0.624,0
35,BUYER,2026-05-07,32876.94,33397.57,2026-05-14,2026-05-12,-2,7.51,400736.49,233162.36,109681.51,9.14,Maharashtra,0.844,-2
9,SUPPLIER,2026-04-02,64333.18,64173.89,2026-04-17,2026-04-17,0,4.38,97246.36,159793.1,191599.96,11.66,Delhi,0.812,0
4,BUYER,2026-05-02,31549.63,30923.47,2026-05-09,2026-05-17,8,3.67,307418.62,79855.37,176145.54,3.21,Karnataka,0.928,8
26,SUPPLIER,2026-03-02,36168.96,35633.86,2026-03-09,2026-03-07,-2,4.84,300801.05,63206.08,157390.9,15.78,Delhi,0.412,-2
29,BUYER,2026-01-22,116828.36,115796.4,2026-02-06,2026-02-04,-2,0.41,321698.01,157165.9,165217.13,16.32,Andhra Pradesh,0.638,-2
22,SUPPLIER,2026-02-12,45038.4,45991.14,2026-02-27,2026-03-03,4,8.39,86579.29,115602.04,42058.93,2.37,Kerala,0.663,4
19,BUYER,2026-01-03,33948.87,34667.83,2026-01-10,2026-02-06,27,0.92,482264.98,233691.56,104642.04,9.68,Andhra Pradesh,0.384,27
12,BUYER,2026-04-30,62325.79,60944.76,2026-05-07,2026-05-05,-2,2.72,400281.64,141468.15,193495.75,18.52,Karnataka,0.88,-2
16,BUYER,2026-02-24,19579.87,19822.61,2026-03-03,2026-03-04,1,6.16,111586.54,90517.35,33943.26,17.34,Maharashtra,0.31,1
9,SUPPLIER,2026-06-17,38233.8,38098.73,2026-06-24,,1,2.77,110612.94,91745.29,192729.58,9.35,Delhi,0.811,1
23,SUPPLIER,2026-03-04,14391.74,14036.83,2026-03-11,2026-03-11,0,0.0,79340.39,103681.38,30631.24,10.46,Karnataka,0.534,0
10,BUYER,2026-05-13,35875.69,35549.59,2026-05-28,2026-05-28,0,9.04,232382.42,46303.38,190801.06,3.26,Andhra Pradesh,0.806,0
2,SUPPLIER,2026-03-03,97068.07,95262.46,2026-04-02,2026-04-06,4,6.2,518379.74,367853.61,526919.02,12.13,Kerala,0.358,4
33,BUYER,2026-02-26,35822.6,34978.06,2026-03-05,,7,8.08,496927.88,98336.75,38760.88,12.33,Karnataka,0.31,7
34,BUYER,2026-02-23,24428.09,24820.69,2026-03-25,2026-03-28,3,8.61,156516.99,115472.84,48858.35,2.61,Andhra Pradesh,0.302,3
37,SUPPLIER,2026-01-13,22081.12,22597.5,2026-01-28,2026-02-19,22,10.27,448994.7,74353.63,102385.99,17.61,Kerala,0.578,22
37,SUPPLIER,2026-05-05,37826.17,37458.87,2026-05-20,2026-05-18,-2,6.46,524520.31,119272.26,28694.28,9.67,Kerala,0.779,-2
16,BUYER,2026-05-13,80971.98,79393.89,2026-05-20,2026-05-18,-2,6.12,126734.5,39628.22,188252.26,16.73,Maharashtra,0.828,-2
12,BUYER,2026-06-14,80832.84,79285.21,2026-06-21,2026-06-19,-2,4.98,341715.09,119969.44,436453.85,7.19,Karnataka,0.915,-2
28,SUPPLIER,2026-04-26,56100.83,57713.46,2026-05-11,2026-05-12,1,3.09,198560.94,297140.34,62019.4,16.72,Delhi,0.885,1
25,SUPPLIER,2026-02-05,43435.2,42275.35,2026-02-12,2026-02-11,-1,9.86,257820.66,190421.99,178152.81,6.35,Andhra Pradesh,0.581,-1
34,BUYER,2026-04-17,11253.35,11448.54,2026-05-02,,-1,6.96,120977.57,53529.92,64855.85,3.36,Andhra Pradesh,0.887,-1
32,SUPPLIER,2026-03-06,38801.19,38809.22,2026-03-13,2026-03-18,5,7.61,134815.15,221600.25,176228.4,3.21,Kerala,0.309,5
30,BUYER,2026-05-14,25220.97,24539.49,2026-06-13,2026-06-12,-1,7.42,156887.65,60341.61,11167.89,4.61,Telangana,0.794,-1
29,BUYER,2026-01-23,50876.78,51934.04,2026-01-30,2026-01-31,1,0.0,303100.67,233598.17,145231.44,16.39,Andhra Pradesh,0.366,1
9,SUPPLIER,2026-06-18,45521.9,44677.24,2026-07-03,2026-07-13,10,4.13,104702.58,298553.9,143595.26,18.03,Delhi,0.794,10
36,SUPPLIER,2026-06-19,32363.07,31991.17,2026-06-26,2026-06-26,0,4.94,100983.45,91869.37,24269.23,6.12,Maharashtra,0.992,0
13,BUYER,2026-01-22,40958.48,41111.76,2026-02-06,,17,11.69,109098.5,214144.49,33963.06,19.78,Maharashtra,0.695,17
16,BUYER,2026-01-06,12068.77,11879.56,2026-01-21,,5,8.36,128676.32,81825.71,53373.48,10.93,Maharashtra,0.337,5
2,SUPPLIER,2026-06-02,10026.03,10189.71,2026-06-17,2026-06-17,0,4.94,442844.84,11726.01,40144.39,10.71,Kerala,0.786,0
3,BUYER,2026-02-10,40979.92,40316.64,2026-03-12,2026-03-25,13,3.45,148021.12,234608.89,159814.05,7.2,Gujarat,0.446,13
25,SUPPLIER,2026-01-19,37021.77,35971.16,2026-02-03,2026-02-07,4,8.73,254218.06,278402.44,192077.1,12.99,Andhra Pradesh,0.413,4
19,BUYER,2026-03-10,49991.74,51435.55,2026-03-17,2026-03-15,-2,1.93,491699.3,265197.64,100051.35,6.43,Andhra Pradesh,0.429,-2
11,SUPPLIER,2026-06-07,7456.6,7677.88,2026-06-14,2026-06-14,0,1.07,370600.86,16822.86,35244.42,4.34,Andhra Pradesh,0.885,0
12,BUYER,2026-02-24,20167.06,20585.29,2026-03-11,2026-03-09,-2,1.33,332542.73,146186.15,43901.44,9.5,Karnataka,0.319,-2
15,BUYER,2026-03-03,20903.48,21174.97,2026-03-10,2026-03-11,1,8.54,447194.62,125126.58,49424.09,3.58,Karnataka,0.362,1
3,BUYER,2026-06-01,29576.76,30128.4,2026-06-08,,20,4.25,115495.32,64972.52,131046.2,19.97,Gujarat,0.795,20
34,BUYER,2026-01-20,55445.05,54947.19,2026-02-04,2026-02-05,1,5.46,111661.83,353418.86,253882.64,14.04,Andhra Pradesh,0.587,1
16,BUYER,2026-05-23,25967.02,25978.19,2026-05-30,2026-05-31,1,8.6,120104.77,100619.21,103784.91,17.5,Maharashtra,0.86,1
24,SUPPLIER,2026-02-17,42427.97,42961.44,2026-02-24,,9,8.61,208094.51,252450.18,79778.6,11.3,Maharashtra,0.492,9
23,SUPPLIER,2026-02-17,70157.37,68411.86,2026-02-24,2026-03-02,6,1.12,93784.85,420702.95,12292.68,17.33,Karnataka,0.454,6
21,BUYER,2026-01-10,53304.14,53808.56,2026-02-09,2026-02-10,1,5.02,333165.94,37245.45,100699.17,14.45,Tamil Nadu,0.578,1
40,SUPPLIER,2026-04-03,43448.19,42588.01,2026-05-03,2026-05-01,-2,2.36,193491.92,247104.07,68670.66,11.34,Kerala,0.786,-2
16,BUYER,2026-05-14,47645.33,47890.47,2026-05-21,2026-05-21,0,5.07,125323.16,318848.87,69124.81,15.74,Maharashtra,0.868,0
8,BUYER,2026-01-28,29837.32,29692.69,2026-02-12,2026-02-13,1,6.46,71840.63,120705.2,118593.95,8.37,Tamil Nadu,0.319,1
16,BUYER,2026-06-05,15252.8,14805.38,2026-07-05,2026-07-09,4,8.44,153223.07,35053.33,17079.63,15.81,Maharashtra,0.718,4
19,BUYER,2026-01-06,45842.88,46097.47,2026-01-13,2026-01-13,0,0.0,366734.72,178090.64,198612.69,13.61,Andhra Pradesh,0.691,0
24,SUPPLIER,2026-04-03,49978.02,50369.15,2026-05-03,2026-05-15,12,8.41,163266.04,46637.72,164617.83,13.99,Maharashtra,0.741,12
24,SUPPLIER,2026-02-21,71925.46,71043.38,2026-03-23,2026-03-24,1,7.49,195241.86,209348.05,14964.97,12.34,Maharashtra,0.401,1
4,BUYER,2026-01-08,25484.39,25443.58,2026-01-23,2026-01-22,-1,1.33,287437.44,198299.33,46111.47,16.83,Karnataka,0.55,-1
9,SUPPLIER,2026-04-22,100343.61,102217.62,2026-05-07,2026-05-08,1,2.61,99205.8,669232.81,255449.14,19.97,Delhi,0.709,1
31,SUPPLIER,2026-01-01,46242.73,45307.74,2026-01-08,2026-01-06,-2,1.65,71859.66,43875.18,67077.11,11.91,Delhi,0.526,-2
28,SUPPLIER,2026-06-22,9768.13,9585.01,2026-06-29,2026-07-11,12,7.69,249120.89,61735.57,32208.39,3.94,Delhi,0.727,12
28,SUPPLIER,2026-01-21,25660.51,25860.44,2026-01-28,2026-02-07,10,2.62,223215.67,177446.35,49930.43,15.74,Delhi,0.622,10
16,BUYER,2026-03-25,51064.48,51997.31,2026-04-09,2026-04-07,-2,6.35,112186.92,368574.3,170399.69,17.2,Maharashtra,0.675,-2
23,SUPPLIER,2026-05-28,29224.68,28949.46,2026-06-12,2026-06-25,13,1.76,70961.11,75737.49,108887.99,7.06,Karnataka,0.998,13
24,SUPPLIER,2026-02-15,30214.0,29947.73,2026-02-22,2026-02-23,1,8.11,223707.42,128101.74,110914.3,18.27,Maharashtra,0.613,1
21,BUYER,2026-01-12,38579.28,38668.47,2026-01-27,,10,6.23,398098.17,135991.67,21416.8,18.27,Tamil Nadu,0.553,10
27,SUPPLIER,2026-05-26,39941.74,38903.84,2026-06-10,2026-06-10,0,10.09,282370.38,126818.82,123672.09,16.17,Telangana,0.872,0
22,SUPPLIER,2026-02-16,17719.11,18187.56,2026-02-23,2026-03-24,29,7.14,76268.24,141308.74,56819.36,17.07,Kerala,0.564,29
15,BUYER,2026-04-25,51407.31,50319.43,2026-05-02,2026-05-09,7,7.96,491207.35,93015.39,206995.33,6.67,Karnataka,0.74,7
2,SUPPLIER,2026-05-12,43370.8,43433.48,2026-05-27,2026-05-28,1,3.86,499486.87,241610.99,181017.16,16.72,Kerala,0.946,1
7,BUYER,2026-05-19,58795.75,60466.96,2026-05-26,2026-05-27,1,1.2,267973.56,373561.48,121701.7,12.68,Maharashtra,0.945,1
1,SUPPLIER,2026-05-27,7629.21,7771.13,2026-06-11,2026-06-09,-2,0.32,138006.28,49876.65,38919.41,8.79,Andhra Pradesh,0.799,-2
39,SUPPLIER,2026-04-07,38956.91,37880.38,2026-04-14,2026-04-12,-2,4.01,171957.71,97313.38,105793.68,7.47,Maharashtra,0.792,-2
31,SUPPLIER,2026-02-14,20882.01,20601.32,2026-02-21,2026-02-21,0,0.0,76395.88,11081.21,36993.57,6.37,Delhi,0.461,0
39,SUPPLIER,2026-06-01,137619.12,138087.51,2026-06-08,2026-06-17,9,5.11,210840.0,716652.5,592622.92,17.96,Maharashtra,0.996,9
5,BUYER,2026-03-18,49919.67,50005.78,2026-04-17,2026-04-26,9,9.5,110417.13,155789.44,212684.26,11.51,Tamil Nadu,0.552,9
33,BUYER,2026-03-23,19402.45,19475.6,2026-04-07,,-1,5.55,448067.69,41414.26,90475.48,4.42,Karnataka,0.676,-1
30,BUYER,2026-04-09,12165.37,12279.49,2026-04-16,2026-04-16,0,8.69,194005.58,72730.37,71067.38,2.52,Telangana,0.96,0
11,SUPPLIER,2026-05-23,51801.28,53353.9,2026-05-30,2026-05-28,-2,4.79,412201.2,89147.12,307527.33,5.57,Andhra Pradesh,0.803,-2
37,SUPPLIER,2026-01-01,34992.35,35356.78,2026-01-08,2026-01-08,0,9.04,363665.66,219201.87,56520.17,3.54,Kerala,0.513,0
23,SUPPLIER,2026-03-20,45909.3,47124.62,2026-03-27,,13,1.53,64861.41,29639.25,212098.64,8.3,Karnataka,0.472,13
10,BUYER,2026-04-28,9122.77,8998.38,2026-05-13,2026-05-14,1,7.46,296617.12,21784.37,26530.86,9.49,Andhra Pradesh,0.97,1
40,SUPPLIER,2026-02-06,49110.47,49164.45,2026-02-21,2026-02-21,0,4.07,175881.49,339307.53,245896.93,10.41,Kerala,0.612,0
19,BUYER,2026-03-21,35462.66,34471.48,2026-04-05,2026-04-06,1,1.44,418638.45,238940.96,63758.31,12.91,Andhra Pradesh,0.425,1
26,SUPPLIER,2026-05-24,45716.48,46680.19,2026-06-08,2026-06-09,1,5.3,420776.44,252208.39,144519.14,11.83,Delhi,0.772,1
9,SUPPLIER,2026-04-07,12866.36,13230.95,2026-04-22,2026-04-22,0,2.03,84090.9,30154.23,11534.89,12.05,Delhi,0.898,0
35,BUYER,2026-02-14,20543.67,20872.53,2026-03-01,2026-03-02,1,6.49,496213.35,48487.51,100509.33,6.25,Maharashtra,0.646,1
18,SUPPLIER,2026-05-13,29437.93,29006.67,2026-05-20,,-1,0.44,244139.56,183485.23,49943.86,3.53,Gujarat,0.913,-1
8,BUYER,2026-02-03,14248.33,14524.99,2026-02-18,2026-02-17,-1,7.72,68795.48,29613.06,80621.82,17.88,Tamil Nadu,0.594,-1
21,BUYER,2026-02-03,32702.79,32105.77,2026-02-10,2026-02-10,0,6.45,341716.09,135711.02,69350.19,10.84,Tamil Nadu,0.522,0
10,BUYER,2026-06-18,12707.16,13005.06,2026-06-25,2026-06-27,2,8.67,294024.86,12634.69,42506.39,17.36,Andhra Pradesh,0.815,2
35,BUYER,2026-06-16,32384.14,32945.41,2026-06-23,2026-06-24,1,10.37,390650.24,253109.23,116532.96,7.37,Maharashtra,0.721,1
18,SUPPLIER,2026-05-07,77055.1,76695.55,2026-05-22,2026-05-23,1,0.5,245395.05,291486.58,207781.5,16.98,Gujarat,0.772,1
34,BUYER,2026-05-22,16970.39,17471.72,2026-06-06,2026-06-08,2,8.28,149439.41,71110.47,13313.06,14.08,Andhra Pradesh,0.964,2
29,BUYER,2026-06-23,65950.98,65275.9,2026-06-30,2026-07-27,27,0.53,246207.79,279034.81,339453.7,15.51,Andhra Pradesh,0.75,27
9,SUPPLIER,2026-03-05,25681.15,25962.58,2026-03-12,2026-03-31,19,4.73,77269.47,103885.44,132322.39,16.65,Delhi,0.429,19
37,SUPPLIER,2026-05-18,72812.45,71591.25,2026-06-02,2026-05-31,-2,7.52,379262.88,414148.66,74419.51,16.56,Kerala,0.746,-2
13,BUYER,2026-01-21,71782.57,73519.39,2026-02-20,2026-03-03,11,14.16,148005.57,126910.83,395781.45,2.6,Maharashtra,0.656,11
7,BUYER,2026-02-09,9479.52,9606.76,2026-03-11,2026-03-10,-1,3.49,304008.27,28350.37,19449.27,13.04,Maharashtra,0.696,-1
7,BUYER,2026-02-27,45117.62,45183.03,2026-03-29,2026-03-30,1,1.75,260733.24,275564.1,200391.59,2.53,Maharashtra,0.46,1
22,SUPPLIER,2026-01-14,68812.46,70742.85,2026-01-21,2026-01-24,3,8.59,80626.97,426177.94,85030.71,8.02,Kerala,0.346,3
30,BUYER,2026-05-12,20602.9,20945.07,2026-05-27,2026-05-27,0,7.31,182621.45,132141.26,94570.98,16.33,Telangana,0.929,0
5,BUYER,2026-01-16,24982.06,24759.95,2026-02-15,,-1,8.46,113424.85,108030.92,38231.21,13.02,Tamil Nadu,0.695,-1
27,SUPPLIER,2026-01-16,42545.56,42445.23,2026-01-23,2026-01-30,7,10.49,302279.42,174575.78,250072.58,9.78,Telangana,0.41,7
19,BUYER,2026-03-24,71400.65,72690.66,2026-03-31,2026-04-08,8,1.22,393149.36,90153.79,284865.72,19.67,Andhra Pradesh,0.42,8
22,SUPPLIER,2026-06-10,11861.35,12026.76,2026-06-25,,-1,4.82,95196.41,85436.17,23215.53,11.63,Kerala,0.774,-1
26,SUPPLIER,2026-03-18,53637.96,52951.81,2026-04-17,2026-04-15,-2,4.83,444337.52,93995.7,204580.45,13.88,Delhi,0.464,-2
5,BUYER,2026-02-06,26838.85,26915.3,2026-02-21,2026-02-23,2,8.49,111779.2,99091.45,63385.71,7.24,Tamil Nadu,0.691,2
33,BUYER,2026-01-09,11380.46,11386.66,2026-01-24,2026-01-23,-1,5.32,507112.0,29122.44,11622.21,16.63,Karnataka,0.427,-1
25,SUPPLIER,2026-02-09,13155.39,13054.75,2026-02-24,2026-02-22,-2,5.8,235394.33,46748.41,10992.48,12.72,Andhra Pradesh,0.568,-2
15,BUYER,2026-03-25,28087.56,28170.77,2026-04-01,2026-03-31,-1,5.18,420711.04,154639.47,34043.29,18.16,Karnataka,0.568,-1
40,SUPPLIER,2026-05-11,62743.66,61332.56,2026-05-26,2026-06-11,16,3.35,174318.06,270121.24,139185.99,18.68,Kerala,0.884,16
8,BUYER,2026-04-15,17486.38,17764.55,2026-04-22,2026-04-23,1,6.48,72865.08,107957.74,98144.54,15.92,Tamil Nadu,0.824,1
22,SUPPLIER,2026-02-08,45227.66,44092.68,2026-02-15,2026-03-06,19,7.41,98910.38,193151.78,68002.4,19.65,Kerala,0.54,19
32,SUPPLIER,2026-02-17,20453.59,20894.36,2026-03-19,2026-03-20,1,6.29,103265.03,72365.43,89413.33,14.21,Kerala,0.609,1
20,SUPPLIER,2026-03-31,16992.29,17077.15,2026-04-07,2026-04-06,-1,6.24,501791.6,65895.09,81816.35,18.05,Tamil Nadu,0.465,-1
31,SUPPLIER,2026-01-27,92388.45,91541.91,2026-02-03,2026-02-01,-2,2.17,97268.36,690815.54,101890.98,9.64,Delhi,0.475,-2
10,BUYER,2026-06-21,19077.22,18580.23,2026-07-21,2026-07-22,1,8.96,253964.41,116193.94,64641.01,7.94,Andhra Pradesh,0.982,1
19,BUYER,2026-01-11,18937.4,18463.52,2026-01-26,2026-01-27,1,0.0,395591.22,51868.87,76649.11,13.91,Andhra Pradesh,0.512,1
34,BUYER,2026-02-08,50048.98,50847.46,2026-02-23,,10,5.32,117667.4,72857.9,145380.74,8.16,Andhra Pradesh,0.339,10
6,BUYER,2026-01-09,29863.95,29341.93,2026-01-16,2026-01-23,7,0.95,250219.56,93461.66,116504.63,7.04,Andhra Pradesh,0.34,7
13,BUYER,2026-01-12,57648.67,58280.01,2026-01-19,2026-01-21,2,11.98,116902.8,435092.17,10054.73,10.7,Maharashtra,0.588,2
20,SUPPLIER,2026-06-07,69676.26,69228.96,2026-06-14,2026-06-13,-1,4.94,522484.78,81089.44,85428.11,10.27,Tamil Nadu,0.71,-1
38,SUPPLIER,2026-01-25,53626.36,52069.57,2026-02-01,2026-02-02,1,2.25,300646.03,198692.14,237603.59,15.23,Maharashtra,0.636,1
15,BUYER,2026-04-22,35325.51,34547.34,2026-04-29,2026-05-03,4,5.63,470128.39,237836.64,49425.76,2.3,Karnataka,0.947,4
9,SUPPLIER,2026-05-04,24363.53,23825.68,2026-05-11,2026-05-09,-2,1.68,107702.44,40095.2,120652.56,8.07,Delhi,0.91,-2
8,BUYER,2026-01-25,19610.11,20042.12,2026-02-24,,1,6.8,67613.95,154104.64,72872.94,10.57,Tamil Nadu,0.427,1
15,BUYER,2026-05-16,17164.65,16819.29,2026-05-23,2026-05-22,-1,4.52,398301.0,43952.72,42106.91,15.12,Karnataka,0.739,-1
13,BUYER,2026-06-08,42267.54,42111.31,2026-07-08,2026-07-11,3,11.76,116578.34,93989.02,165921.5,10.06,Maharashtra,0.763,3
24,SUPPLIER,2026-04-18,61935.46,62135.56,2026-04-25,2026-04-23,-2,7.22,168301.21,241894.13,331879.45,6.58,Maharashtra,0.977,-2
11,SUPPLIER,2026-01-16,8000.78,7860.53,2026-02-15,2026-02-16,1,3.5,527355.04,13211.31,13771.11,9.75,Andhra Pradesh,0.643,1
11,SUPPLIER,2026-05-25,36659.34,37171.31,2026-06-01,,1,3.39,546498.72,152463.73,143800.0,15.01,Andhra Pradesh,0.804,1
13,BUYER,2026-03-06,21842.1,22068.73,2026-03-21,2026-04-01,11,12.16,130989.95,46925.31,14761.55,13.27,Maharashtra,0.692,11
4,BUYER,2026-04-18,37380.82,36905.13,2026-05-03,2026-05-03,0,2.26,263466.65,45918.7,34197.22,15.11,Karnataka,0.925,0
22,SUPPLIER,2026-05-24,36814.41,36063.3,2026-06-08,,-1,5.76,68287.4,266373.34,166924.86,13.54,Kerala,0.702,-1
29,BUYER,2026-02-19,51402.33,52621.45,2026-02-26,2026-03-04,6,0.0,333681.15,307427.23,128571.99,12.82,Andhra Pradesh,0.52,6
22,SUPPLIER,2026-05-31,8227.06,7981.24,2026-06-30,,1,6.58,91138.88,13999.21,20337.29,5.84,Kerala,0.78,1
7,BUYER,2026-01-17,8369.32,8524.55,2026-01-24,2026-01-24,0,2.33,242532.23,43741.62,39753.3,7.95,Maharashtra,0.381,0
3,BUYER,2026-03-26,29211.88,29834.14,2026-04-10,,7,1.59,158208.66,61701.48,151956.39,4.9,Gujarat,0.533,7
7,BUYER,2026-05-05,34177.45,34828.01,2026-05-12,2026-05-22,10,1.64,288229.84,93861.77,98351.04,16.7,Maharashtra,0.958,10
30,BUYER,2026-05-02,24707.72,24690.6,2026-06-01,2026-05-30,-2,7.14,178690.5,151192.81,32852.41,5.3,Telangana,0.97,-2
23,SUPPLIER,2026-02-18,26078.74,26607.37,2026-02-25,2026-03-17,20,2.71,63006.39,11981.35,123201.03,9.37,Karnataka,0.562,20
18,SUPPLIER,2026-02-25,14652.58,14350.2,2026-03-12,2026-03-13,1,0.16,238439.0,54428.81,37283.44,19.62,Gujarat,0.547,1
15,BUYER,2026-02-07,29125.93,29640.5,2026-02-22,,26,3.32,422714.04,123013.37,165093.31,7.11,Karnataka,0.388,26
7,BUYER,2026-05-21,27349.06,27359.77,2026-05-28,2026-05-29,1,0.0,282964.82,22231.35,22315.12,11.3,Maharashtra,0.9,1
40,SUPPLIER,2026-06-17,23656.96,23639.51,2026-07-02,2026-07-03,1,3.5,203192.32,162115.18,127392.46,19.73,Kerala,0.973,1
38,SUPPLIER,2026-05-12,12663.72,12664.81,2026-05-27,2026-05-31,4,1.37,246613.48,77240.06,73632.34,6.95,Maharashtra,0.765,4
28,SUPPLIER,2026-05-26,23208.93,23527.8,2026-06-10,2026-06-09,-1,4.17,228947.78,12797.64,53991.27,7.61,Delhi,0.822,-1
30,BUYER,2026-04-23,23508.1,23032.47,2026-05-08,2026-05-09,1,9.4,132390.28,32142.77,60147.54,9.23,Telangana,0.971,1
25,SUPPLIER,2026-05-07,29874.67,30561.53,2026-05-22,,-2,7.96,292815.52,39468.88,114970.25,19.64,Andhra Pradesh,0.907,-2
32,SUPPLIER,2026-01-08,22904.45,22936.24,2026-02-07,2026-02-08,1,5.51,144202.67,139664.19,71407.83,17.75,Kerala,0.551,1
21,BUYER,2026-02-15,18546.63,18596.13,2026-03-02,2026-03-10,8,8.69,372319.64,45367.67,88183.14,8.22,Tamil Nadu,0.47,8
23,SUPPLIER,2026-02-27,30179.32,29555.64,2026-03-14,2026-03-12,-2,0.14,69905.82,223444.22,17003.78,14.06,Karnataka,0.457,-2
14,SUPPLIER,2026-04-16,43350.84,42165.38,2026-05-01,2026-04-29,-2,6.59,338762.63,151146.52,47837.31,3.41,Karnataka,0.872,-2
3,BUYER,2026-05-04,33962.89,34350.26,2026-05-11,2026-05-11,0,2.19,135410.87,192776.64,98712.13,17.37,Gujarat,0.733,0
18,SUPPLIER,2026-02-09,17346.31,17060.77,2026-03-11,2026-03-12,1,0.74,184219.37,100511.48,57161.53,7.87,Gujarat,0.496,1
1,SUPPLIER,2026-03-07,42703.34,42552.67,2026-03-22,2026-03-23,1,1.47,118037.2,59779.14,203971.81,4.28,Andhra Pradesh,0.539,1
5,BUYER,2026-01-30,8853.23,8667.66,2026-02-14,2026-02-27,13,9.11,92863.76,33368.75,42097.88,13.97,Tamil Nadu,0.328,13
21,BUYER,2026-03-14,11391.27,11317.87,2026-04-13,2026-04-22,9,7.87,354415.19,53013.51,19201.45,6.34,Tamil Nadu,0.472,9
20,SUPPLIER,2026-04-20,20708.68,20389.81,2026-05-05,2026-05-06,1,5.8,439113.71,87902.89,67965.8,4.5,Tamil Nadu,0.945,1
9,SUPPLIER,2026-05-17,18847.44,19018.12,2026-05-24,,0,3.38,110149.16,132179.17,99666.41,12.55,Delhi,0.976,0
6,BUYER,2026-03-21,19003.11,19561.59,2026-04-05,2026-04-06,1,0.27,203815.99,19173.54,93049.52,13.99,Andhra Pradesh,0.477,1
30,BUYER,2026-03-27,34045.51,34704.13,2026-04-26,2026-04-30,4,9.09,179987.49,175707.74,133197.05,3.13,Telangana,0.371,4
25,SUPPLIER,2026-03-29,24598.6,24235.31,2026-04-05,2026-04-14,9,6.47,240892.51,126189.55,59538.6,9.62,Andhra Pradesh,0.668,9
10,BUYER,2026-05-03,18663.96,18813.92,2026-06-02,2026-06-03,1,5.18,278037.13,135657.76,10852.22,6.9,Andhra Pradesh,0.88,1
7,BUYER,2026-06-17,32369.09,31451.69,2026-07-02,2026-07-03,1,2.19,288680.22,73879.61,76325.1,11.95,Maharashtra,0.885,1
21,BUYER,2026-06-04,59368.03,61063.84,2026-06-11,2026-06-09,-2,5.77,364251.58,82870.17,321404.51,13.72,Tamil Nadu,0.802,-2
33,BUYER,2026-02-26,17197.37,17680.83,2026-03-05,2026-03-23,18,6.33,426963.34,51947.05,36552.37,15.62,Karnataka,0.403,18
27,SUPPLIER,2026-02-18,37060.59,37510.42,2026-03-20,2026-03-18,-2,8.45,287068.31,296455.48,186783.19,12.56,Telangana,0.336,-2
11,SUPPLIER,2026-04-03,8445.63,8390.0,2026-05-03,2026-05-02,-1,2.72,422668.64,56521.92,50610.33,4.07,Andhra Pradesh,0.988,-1
6,BUYER,2026-01-19,17520.4,17828.5,2026-01-26,2026-01-24,-2,0.94,195691.82,45103.19,17463.16,13.09,Andhra Pradesh,0.448,-2
9,SUPPLIER,2026-03-08,11322.4,11171.92,2026-04-07,2026-04-15,8,2.01,95627.92,18840.91,44233.61,15.67,Delhi,0.381,8
6,BUYER,2026-06-13,34912.11,33930.37,2026-06-20,2026-06-21,1,0.0,206911.92,57402.65,53017.73,4.72,Andhra Pradesh,0.845,1
26,SUPPLIER,2026-03-26,36453.99,36913.62,2026-04-10,2026-04-11,1,7.23,306838.32,147744.29,138965.98,5.91,Delhi,0.414,1
34,BUYER,2026-04-20,19553.58,19320.17,2026-05-20,2026-05-22,2,9.2,151000.69,152155.57,54076.8,2.55,Andhra Pradesh,0.888,2
16,BUYER,2026-05-20,55260.7,55131.92,2026-05-27,2026-05-26,-1,3.98,159221.64,302090.98,260280.7,11.05,Maharashtra,0.714,-1
19,BUYER,2026-03-06,14992.93,15117.95,2026-03-21,2026-03-21,0,1.92,414741.87,64284.87,15573.58,15.06,Andhra Pradesh,0.566,0
32,SUPPLIER,2026-05-19,15968.38,16374.49,2026-06-03,2026-06-08,5,5.47,134787.59,60015.75,52307.51,8.83,Kerala,0.862,5
36,SUPPLIER,2026-01-22,28754.63,29191.68,2026-02-21,2026-02-21,0,2.94,119248.72,139261.89,105844.85,12.07,Maharashtra,0.414,0
38,SUPPLIER,2026-01-08,16792.28,16796.67,2026-01-23,2026-01-23,0,2.95,293175.83,10789.82,85805.85,16.0,Maharashtra,0.48,0
23,SUPPLIER,2026-05-10,21568.71,21942.43,2026-06-09,2026-06-10,1,0.3,84567.84,80896.34,83594.61,15.1,Karnataka,0.915,1
4,BUYER,2026-01-25,129950.71,128493.06,2026-02-09,2026-02-09,0,6.0,292321.64,112949.65,664428.71,6.47,Karnataka,0.694,0
7,BUYER,2026-03-09,28523.86,27683.59,2026-04-08,2026-04-08,0,0.0,299543.74,152074.3,58054.02,9.74,Maharashtra,0.323,0
6,BUYER,2026-06-18,20061.74,20636.03,2026-06-25,2026-06-24,-1,0.0,251998.59,22477.14,63998.77,13.44,Andhra Pradesh,0.893,-1
28,SUPPLIER,2026-06-25,27044.91,27742.69,2026-07-10,2026-07-09,-1,5.86,276979.25,10104.25,30510.85,16.71,Delhi,0.793,-1
14,SUPPLIER,2026-05-17,75363.11,76876.45,2026-05-24,2026-05-26,2,8.37,343959.46,290980.46,236007.37,15.11,Karnataka,0.822,2
25,SUPPLIER,2026-02-12,17907.41,17754.3,2026-02-27,2026-02-25,-2,7.57,258515.46,125799.97,87134.65,4.2,Andhra Pradesh,0.604,-2
38,SUPPLIER,2026-04-06,38262.69,39117.86,2026-04-21,2026-04-22,1,2.91,330809.56,74737.07,99482.59,14.09,Maharashtra,0.811,1
20,SUPPLIER,2026-02-26,12572.4,12294.34,2026-03-28,2026-03-31,3,5.2,438663.74,41887.37,38186.31,15.58,Tamil Nadu,0.661,3
9,SUPPLIER,2026-03-17,21038.86,20989.64,2026-03-24,2026-04-02,9,2.06,78422.94,50148.51,29784.0,15.1,Delhi,0.635,9
19,BUYER,2026-06-12,7800.84,7605.4,2026-06-27,2026-06-29,2,1.96,417107.81,40947.66,32147.02,13.74,Andhra Pradesh,0.773,2
3,BUYER,2026-02-06,39579.34,40064.21,2026-02-21,2026-02-20,-1,3.28,145346.06,160889.25,191449.45,9.71,Gujarat,0.435,-1
12,BUYER,2026-03-09,27072.72,26736.63,2026-03-16,2026-03-14,-2,5.12,304162.97,50314.82,27052.6,13.43,Karnataka,0.63,-2
7,BUYER,2026-01-04,5656.64,5651.95,2026-01-19,2026-01-20,1,3.21,319978.91,27512.8,20184.68,3.97,Maharashtra,0.31,1
35,BUYER,2026-02-09,58902.6,58218.1,2026-02-24,2026-03-28,32,9.9,387511.44,193051.54,177828.51,2.64,Maharashtra,0.334,32
33,BUYER,2026-03-15,16652.42,16273.66,2026-04-14,,19,3.12,454305.28,94868.03,26484.22,9.53,Karnataka,0.509,19
17,SUPPLIER,2026-01-19,42325.28,41490.65,2026-02-03,2026-02-04,1,3.9,181869.07,37038.01,167978.07,14.75,Maharashtra,0.611,1
38,SUPPLIER,2026-03-11,11961.32,11891.51,2026-03-18,,-1,2.49,274424.02,31279.1,70416.67,8.65,Maharashtra,0.602,-1
28,SUPPLIER,2026-05-01,29415.24,28852.94,2026-05-16,2026-05-20,4,4.6,274339.64,179237.04,78120.09,14.94,Delhi,0.856,4
8,BUYER,2026-01-23,20422.37,20681.65,2026-01-30,2026-03-01,30,6.89,63421.76,134070.34,22018.24,8.33,Tamil Nadu,0.596,30
6,BUYER,2026-06-22,17607.6,17693.51,2026-07-22,2026-07-21,-1,0.56,229585.87,115316.5,46503.96,4.09,Andhra Pradesh,0.918,-1
29,BUYER,2026-01-06,56928.33,55864.63,2026-02-05,2026-02-08,3,0.0,287631.6,126102.77,168450.15,6.32,Andhra Pradesh,0.549,3
4,BUYER,2026-02-14,19157.73,18983.07,2026-03-01,2026-03-02,1,3.11,302223.66,145145.43,100061.31,14.5,Karnataka,0.497,1
4,BUYER,2026-06-25,7382.99,7178.43,2026-07-02,2026-07-03,1,1.91,286340.34,54212.47,26730.98,19.93,Karnataka,0.715,1
23,SUPPLIER,2026-05-06,11961.34,11966.67,2026-05-13,2026-05-18,5,0.0,67350.97,32382.31,46346.04,4.9,Karnataka,0.818,5
19,BUYER,2026-06-14,18729.91,18742.78,2026-06-21,2026-06-20,-1,2.06,339551.78,71412.09,47609.5,12.04,Andhra Pradesh,0.982,-1
27,SUPPLIER,2026-05-21,27516.83,27366.21,2026-05-28,,1,10.75,261950.92,115243.9,163595.48,6.92,Telangana,0.776,1
32,SUPPLIER,2026-03-09,142099.16,139712.85,2026-04-08,2026-04-07,-1,6.77,112619.65,491011.85,156890.39,19.79,Kerala,0.686,-1
26,SUPPLIER,2026-04-21,43379.63,43683.3,2026-04-28,2026-05-03,5,4.95,395949.57,333307.46,143651.77,9.51,Delhi,0.98,5
1,SUPPLIER,2026-05-15,38712.11,38517.33,2026-05-22,2026-05-29,7,0.0,125802.22,263693.83,163029.71,5.09,Andhra Pradesh,0.787,7
39,SUPPLIER,2026-01-31,36946.01,36107.87,2026-02-07,,5,0.97,174278.43,216063.33,210638.29,16.25,Maharashtra,0.506,5
34,BUYER,2026-06-18,19157.1,19205.59,2026-07-18,2026-07-17,-1,6.32,131944.45,57933.32,86676.56,12.14,Andhra Pradesh,0.843,-1
32,SUPPLIER,2026-05-06,29605.38,29819.36,2026-05-13,2026-05-13,0,7.16,114117.49,173164.47,101957.57,8.4,Kerala,0.756,0
30,BUYER,2026-06-20,12643.92,12585.28,2026-07-20,2026-07-20,0,8.46,156380.24,89125.76,17430.71,18.71,Telangana,0.966,0
23,SUPPLIER,2026-02-17,24898.41,25244.89,2026-03-04,2026-03-08,4,0.0,78656.01,176173.39,83849.53,18.91,Karnataka,0.43,4
20,SUPPLIER,2026-01-30,20795.92,21149.65,2026-03-01,2026-03-08,7,6.07,489732.0,106711.04,24898.12,7.92,Tamil Nadu,0.638,7
12,BUYER,2026-06-28,50565.98,51586.66,2026-07-13,2026-07-14,1,0.1,284134.77,372220.67,220132.25,7.21,Karnataka,0.855,1
3,BUYER,2026-05-17,22550.37,22764.12,2026-06-16,2026-06-24,8,3.21,131956.84,158144.03,64754.14,15.42,Gujarat,0.922,8
8,BUYER,2026-06-08,14558.12,14631.71,2026-06-15,2026-06-15,0,7.27,73603.16,58495.68,50373.89,18.58,Tamil Nadu,0.763,0
21,BUYER,2026-06-17,22169.24,22244.86,2026-06-24,2026-06-24,0,7.77,313591.14,167691.81,86080.96,16.76,Tamil Nadu,0.769,0
18,SUPPLIER,2026-06-07,21756.94,21276.93,2026-06-22,2026-06-23,1,1.49,232443.12,76773.87,64248.28,15.24,Gujarat,0.992,1
34,BUYER,2026-03-15,24138.4,24019.45,2026-03-22,2026-03-22,0,8.22,118551.63,182747.56,144262.36,15.71,Andhra Pradesh,0.597,0
38,SUPPLIER,2026-03-13,28214.85,27948.39,2026-03-28,2026-03-29,1,2.9,265899.08,188133.38,86995.63,9.09,Maharashtra,0.467,1
6,BUYER,2026-04-12,25033.94,24950.08,2026-04-19,2026-04-20,1,0.49,194151.39,198829.88,92529.49,12.51,Andhra Pradesh,0.842,1
29,BUYER,2026-01-31,33234.5,32829.3,2026-02-07,2026-02-08,1,0.14,270913.16,96575.08,23391.78,2.4,Andhra Pradesh,0.469,1
30,BUYER,2026-04-19,53200.78,53593.34,2026-04-26,2026-04-24,-2,8.5,188927.93,150706.68,141271.17,3.88,Telangana,0.851,-2
25,SUPPLIER,2026-01-28,37826.1,37774.09,2026-02-12,2026-02-12,0,7.56,216601.31,60504.89,139327.53,16.32,Andhra Pradesh,0.697,0
35,BUYER,2026-02-03,21653.7,22279.34,2026-03-05,2026-03-10,5,10.16,531321.62,24587.06,118101.73,2.53,Maharashtra,0.477,5
21,BUYER,2026-06-19,27502.05,27758.72,2026-07-04,2026-07-05,1,5.7,318150.33,34016.9,44883.86,6.62,Tamil Nadu,0.982,1
18,SUPPLIER,2026-02-14,12551.12,12678.59,2026-03-01,2026-02-28,-1,0.0,196927.08,34940.09,58344.07,11.68,Gujarat,0.423,-1
8,BUYER,2026-03-07,31106.38,31132.89,2026-03-22,,-2,4.22,76411.72,120601.2,43117.95,4.27,Tamil Nadu,0.533,-2
25,SUPPLIER,2026-01-07,13048.49,12661.56,2026-01-14,2026-01-19,5,4.61,255624.25,88063.58,13449.72,8.29,Andhra Pradesh,0.386,5
26,SUPPLIER,2026-06-19,25506.68,25180.3,2026-07-04,2026-07-03,-1,5.71,378611.34,151941.2,90316.21,19.22,Delhi,0.773,-1
7,BUYER,2026-01-19,23874.1,24035.98,2026-02-18,2026-02-18,0,1.62,230440.91,17589.89,80113.01,2.86,Maharashtra,0.464,0
5,BUYER,2026-06-26,21358.95,21096.44,2026-07-11,2026-07-14,3,8.78,96320.01,50784.93,56157.68,8.37,Tamil Nadu,0.715,3
37,SUPPLIER,2026-04-18,18167.79,17879.83,2026-05-18,2026-05-18,0,8.84,452570.6,75974.64,39914.75,3.24,Kerala,0.917,0
10,BUYER,2026-04-08,63413.6,64000.47,2026-04-23,2026-04-26,3,8.5,225560.66,200886.97,224419.34,7.82,Andhra Pradesh,0.945,3
9,SUPPLIER,2026-04-09,10548.91,10311.53,2026-04-16,,0,2.15,78997.23,22913.06,18418.08,17.19,Delhi,0.832,0
8,BUYER,2026-02-06,11227.92,11383.46,2026-02-21,2026-03-15,22,7.39,66694.92,29928.94,44007.25,11.06,Tamil Nadu,0.405,22
6,BUYER,2026-03-18,38073.84,38682.9,2026-04-02,2026-03-31,-2,1.68,239636.17,97263.75,119100.08,17.64,Andhra Pradesh,0.679,-2
37,SUPPLIER,2026-06-11,14807.99,14555.26,2026-06-18,2026-06-16,-2,7.91,391413.89,28712.56,29845.99,17.25,Kerala,0.912,-2
25,SUPPLIER,2026-03-02,37685.09,38019.67,2026-04-01,,1,7.14,255853.76,258298.62,45295.9,14.24,Andhra Pradesh,0.627,1
2,SUPPLIER,2026-01-08,23064.71,23632.45,2026-01-23,2026-01-25,2,7.25,508433.67,167782.17,48462.81,13.42,Kerala,0.657,2
23,SUPPLIER,2026-02-28,36106.9,36521.02,2026-03-15,2026-03-13,-2,0.33,87097.56,71378.36,176349.27,10.2,Karnataka,0.595,-2
22,SUPPLIER,2026-03-12,19557.68,19392.47,2026-03-27,,-1,8.88,74469.79,35244.99,78420.03,19.17,Kerala,0.302,-1
14,SUPPLIER,2026-01-11,57057.21,57565.47,2026-01-26,2026-02-23,28,8.37,387584.45,355495.24,256866.42,2.04,Karnataka,0.67,28
27,SUPPLIER,2026-05-16,54916.08,54722.69,2026-06-15,2026-06-27,12,9.17,222817.57,309890.81,112065.6,13.58,Telangana,0.838,12
23,SUPPLIER,2026-02-07,35099.68,34178.54,2026-02-22,2026-02-22,0,0.0,88251.22,204612.79,73805.89,12.61,Karnataka,0.525,0
1,SUPPLIER,2026-01-04,37162.61,37358.48,2026-01-19,2026-01-18,-1,1.09,135597.4,114606.26,188370.44,17.61,Andhra Pradesh,0.592,-1
18,SUPPLIER,2026-03-19,12763.32,12501.7,2026-03-26,2026-03-27,1,1.02,229373.42,27112.57,68038.13,5.63,Gujarat,0.504,1
37,SUPPLIER,2026-02-14,112365.09,114621.58,2026-02-21,2026-02-25,4,8.14,415155.41,731755.71,16814.94,10.98,Kerala,0.516,4
24,SUPPLIER,2026-06-03,21483.97,21886.37,2026-06-18,2026-06-17,-1,8.54,202219.94,79905.92,125999.87,12.58,Maharashtra,0.981,-1
28,SUPPLIER,2026-01-11,14863.99,14544.17,2026-01-18,2026-01-25,7,6.75,287718.66,52761.87,88619.93,6.71,Delhi,0.505,7
6,BUYER,2026-02-13,25102.57,24375.01,2026-02-28,2026-03-01,1,0.0,189175.04,44515.87,11496.71,11.17,Andhra Pradesh,0.334,1
10,BUYER,2026-03-03,78905.18,79956.71,2026-03-18,2026-03-25,7,5.45,259518.08,324528.8,306630.44,8.36,Andhra Pradesh,0.614,7
21,BUYER,2026-02-11,21281.19,21801.8,2026-03-13,2026-03-12,-1,6.65,363723.8,50421.8,56981.33,11.79,Tamil Nadu,0.411,-1
22,SUPPLIER,2026-05-28,25002.12,24472.0,2026-06-04,2026-06-09,5,8.5,69556.81,135115.79,81714.52,15.55,Kerala,0.82,5
36,SUPPLIER,2026-05-03,10534.56,10390.1,2026-05-10,2026-05-10,0,3.74,87204.58,21039.41,30349.97,9.67,Maharashtra,0.997,0
36,SUPPLIER,2026-01-04,113078.83,113910.26,2026-01-11,2026-01-09,-2,1.92,108072.11,700535.42,15003.03,8.34,Maharashtra,0.55,-2
8,BUYER,2026-03-01,71172.31,72352.17,2026-03-08,,3,4.76,58548.49,288995.27,76773.53,6.88,Tamil Nadu,0.384,3
24,SUPPLIER,2026-02-25,28672.28,29317.83,2026-03-04,2026-03-08,4,9.98,188724.91,61257.6,65063.19,5.89,Maharashtra,0.443,4
4,BUYER,2026-04-03,95625.27,97942.06,2026-04-10,2026-04-10,0,3.21,292686.36,331294.07,369590.04,14.65,Karnataka,0.767,0
23,SUPPLIER,2026-02-22,27605.83,26844.06,2026-03-01,2026-02-28,-1,0.0,84088.25,59684.9,56339.16,18.98,Karnataka,0.583,-1
12,BUYER,2026-04-15,30608.15,29701.87,2026-04-22,2026-04-30,8,4.49,332953.13,142011.57,173367.99,15.94,Karnataka,0.929,8
30,BUYER,2026-03-02,48109.39,47578.96,2026-04-01,2026-04-03,2,8.06,135307.88,140819.87,23574.35,15.21,Telangana,0.574,2
3,BUYER,2026-05-25,18903.69,19320.47,2026-06-09,2026-06-07,-2,3.35,113777.0,53332.69,41714.07,14.68,Gujarat,0.904,-2
5,BUYER,2026-06-21,40914.95,41458.27,2026-07-21,2026-07-20,-1,4.53,91324.73,293626.73,150057.81,16.32,Tamil Nadu,0.77,-1
10,BUYER,2026-04-30,46206.46,45285.12,2026-05-15,2026-05-17,2,10.87,235466.52,31976.11,169515.48,13.91,Andhra Pradesh,0.764,2
19,BUYER,2026-01-06,20515.91,20521.17,2026-02-05,2026-02-05,0,0.0,469004.12,45711.2,78341.58,7.3,Andhra Pradesh,0.455,0
27,SUPPLIER,2026-01-22,26722.51,27271.91,2026-02-06,2026-02-07,1,7.25,289453.0,11146.62,130239.75,18.57,Telangana,0.41,1
37,SUPPLIER,2026-04-28,52212.84,52949.82,2026-05-05,2026-05-06,1,4.59,426982.98,95569.97,29708.04,13.09,Kerala,0.751,1
4,BUYER,2026-04-13,47216.37,47825.36,2026-04-28,,0,2.77,276542.96,188469.47,163343.46,11.98,Karnataka,0.749,0
2,SUPPLIER,2026-05-30,35220.08,35598.17,2026-06-14,2026-06-14,0,9.15,521663.79,152813.08,66656.11,15.86,Kerala,0.994,0
13,BUYER,2026-04-09,120533.62,121053.21,2026-04-16,,1,10.69,152507.99,569740.89,600957.53,4.11,Maharashtra,0.802,1
8,BUYER,2026-05-05,20908.34,21317.58,2026-05-20,2026-05-18,-2,6.39,69504.36,99232.48,18783.14,12.44,Tamil Nadu,0.878,-2
11,SUPPLIER,2026-02-21,17525.84,17237.79,2026-02-28,2026-02-27,-1,2.96,512777.17,83253.24,41435.37,7.69,Andhra Pradesh,0.648,-1
8,BUYER,2026-01-23,27058.07,26519.6,2026-02-22,2026-02-20,-2,5.43,70640.9,207860.09,72555.15,4.97,Tamil Nadu,0.623,-2
32,SUPPLIER,2026-02-19,19633.14,19197.31,2026-03-21,2026-03-23,2,8.72,142669.15,14100.68,66516.14,8.55,Kerala,0.474,2
25,SUPPLIER,2026-03-17,26088.37,26471.91,2026-03-24,2026-03-22,-2,4.5,295339.05,89223.31,34053.02,4.44,Andhra Pradesh,0.661,-2
27,SUPPLIER,2026-02-15,45004.86,44473.8,2026-02-22,2026-02-26,4,10.41,301815.51,345688.43,75672.7,6.98,Telangana,0.42,4
19,BUYER,2026-05-18,58825.83,57726.17,2026-05-25,2026-06-02,8,3.59,470770.03,17280.95,183536.96,11.14,Andhra Pradesh,0.964,8
30,BUYER,2026-05-26,16076.31,15631.17,2026-06-10,2026-06-14,4,8.15,167392.0,122826.32,20609.99,8.06,Telangana,0.855,4
35,BUYER,2026-05-15,28190.19,28723.37,2026-05-22,2026-05-20,-2,6.28,415450.08,204415.56,118342.25,4.54,Maharashtra,0.817,-2
4,BUYER,2026-01-16,50576.76,49406.37,2026-01-31,2026-01-31,0,2.24,304370.46,218994.69,23574.43,4.05,Karnataka,0.567,0
30,BUYER,2026-05-20,32773.69,31885.69,2026-05-27,,2,7.0,163162.86,90245.75,101830.63,19.97,Telangana,0.886,2
16,BUYER,2026-01-31,12455.43,12786.9,2026-02-07,2026-02-05,-2,7.89,158645.25,19901.92,74440.33,6.97,Maharashtra,0.381,-2
21,BUYER,2026-02-14,7972.37,7908.7,2026-03-01,2026-03-29,28,2.53,392774.14,24955.5,11466.68,4.45,Tamil Nadu,0.437,28
32,SUPPLIER,2026-05-31,20126.3,19698.3,2026-06-15,2026-06-16,1,6.82,143664.0,55915.18,78560.28,11.59,Kerala,0.759,1
28,SUPPLIER,2026-06-05,6755.71,6574.2,2026-06-12,2026-06-11,-1,6.32,233896.84,37924.6,18623.48,6.68,Delhi,0.945,-1
9,SUPPLIER,2026-05-04,19337.75,18961.33,2026-05-19,2026-05-29,10,2.03,101366.54,91260.8,32480.28,10.87,Delhi,0.913,10
14,SUPPLIER,2026-02-14,69653.65,71734.43,2026-03-01,2026-03-01,0,7.39,461396.29,465852.36,66545.57,3.03,Karnataka,0.613,0
39,SUPPLIER,2026-04-12,36846.03,36045.22,2026-04-19,,-2,0.0,165859.49,65050.42,10773.72,13.0,Maharashtra,0.836,-2
13,BUYER,2026-01-03,32019.23,31095.03,2026-01-10,2026-01-12,2,13.43,136694.28,118241.51,92117.66,6.24,Maharashtra,0.356,2
23,SUPPLIER,2026-03-26,24507.7,24924.06,2026-04-02,,17,0.0,71268.45,56662.05,19050.33,3.69,Karnataka,0.433,17
33,BUYER,2026-06-13,26679.78,26821.4,2026-06-28,2026-06-27,-1,4.28,427005.83,56232.48,92285.04,4.9,Karnataka,0.965,-1
27,SUPPLIER,2026-01-13,18620.6,18137.74,2026-01-20,2026-01-21,1,8.04,292141.49,11488.92,60389.68,18.62,Telangana,0.385,1
35,BUYER,2026-04-05,15389.73,15404.66,2026-04-20,2026-04-22,2,9.13,382336.27,75685.21,38280.81,8.97,Maharashtra,0.756,2
8,BUYER,2026-05-22,7651.09,7472.51,2026-06-21,2026-06-19,-2,7.97,71368.1,29621.24,10318.53,11.78,Tamil Nadu,0.721,-2
9,SUPPLIER,2026-04-10,25389.44,25578.96,2026-04-25,,-1,2.09,90500.03,195138.38,66329.29,7.21,Delhi,0.736,-1
24,SUPPLIER,2026-05-03,26326.04,26286.59,2026-06-02,2026-05-31,-2,6.77,208656.51,190882.79,82201.82,12.47,Maharashtra,0.792,-2
28,SUPPLIER,2026-03-31,16158.9,16075.18,2026-04-07,,-1,3.96,242258.45,125288.73,60397.77,14.54,Delhi,0.451,-1
35,BUYER,2026-01-12,21114.78,20704.32,2026-01-19,2026-01-18,-1,6.41,463863.19,102428.4,117233.67,18.19,Maharashtra,0.514,-1
8,BUYER,2026-04-27,48616.63,48913.6,2026-05-12,2026-06-04,23,10.26,74472.18,207381.21,128944.72,10.4,Tamil Nadu,0.884,23
19,BUYER,2026-05-27,31822.03,32762.58,2026-06-11,2026-06-19,8,0.93,356093.04,150949.0,171372.45,12.5,Andhra Pradesh,0.96,8
19,BUYER,2026-05-09,23727.87,23127.32,2026-05-24,2026-05-25,1,2.57,369610.51,19038.52,110569.54,3.23,Andhra Pradesh,0.972,1
18,SUPPLIER,2026-02-13,19853.02,20387.49,2026-02-20,2026-02-24,4,1.93,247628.75,137147.57,40694.92,14.08,Gujarat,0.556,4
25,SUPPLIER,2026-04-26,36010.11,36472.3,2026-05-03,2026-05-04,1,7.39,268596.72,167629.97,164012.52,11.27,Andhra Pradesh,0.79,1
16,BUYER,2026-04-06,21476.45,21646.2,2026-04-21,2026-04-20,-1,6.71,122875.4,139586.89,47935.65,15.22,Maharashtra,0.739,-1
23,SUPPLIER,2026-04-04,22711.49,22256.65,2026-04-19,2026-04-29,10,1.95,78166.22,152450.14,83449.19,5.49,Karnataka,0.792,10
21,BUYER,2026-05-24,29893.29,29927.59,2026-05-31,2026-06-01,1,5.23,340499.13,191313.27,174908.47,6.2,Tamil Nadu,0.838,1
1,SUPPLIER,2026-04-11,21058.68,20625.12,2026-04-18,2026-04-19,1,0.0,138164.61,42318.11,60456.79,10.77,Andhra Pradesh,0.868,1
31,SUPPLIER,2026-02-02,30488.04,30671.64,2026-03-04,,-1,2.02,79835.29,177878.54,100413.85,12.64,Delhi,0.338,-1
12,BUYER,2026-01-25,13997.85,14181.83,2026-02-01,2026-02-01,0,3.24,370812.57,15122.57,41604.77,7.01,Karnataka,0.314,0
33,BUYER,2026-06-28,70801.3,72797.16,2026-07-13,2026-07-12,-1,5.93,519439.39,482840.53,84976.68,5.48,Karnataka,0.978,-1
17,SUPPLIER,2026-01-28,128045.63,130775.57,2026-02-12,2026-02-22,10,0.63,169966.17,262035.95,328138.36,2.37,Maharashtra,0.429,10
27,SUPPLIER,2026-06-03,27656.52,27639.01,2026-06-10,2026-06-10,0,10.25,299933.67,135173.82,17889.73,4.9,Telangana,0.95,0
40,SUPPLIER,2026-01-29,13018.98,12631.95,2026-02-05,2026-02-15,10,5.62,199586.31,102370.07,49952.28,15.27,Kerala,0.541,10
24,SUPPLIER,2026-02-22,122019.59,124497.99,2026-03-01,2026-03-21,20,6.96,168473.73,191474.04,620258.09,16.91,Maharashtra,0.627,20
16,BUYER,2026-04-08,22722.9,22544.08,2026-04-15,2026-04-20,5,6.47,144509.08,51420.59,132670.76,2.72,Maharashtra,0.794,5
6,BUYER,2026-01-04,13011.16,12644.11,2026-01-19,2026-01-17,-2,2.12,233996.74,83053.59,13124.94,9.12,Andhra Pradesh,0.58,-2
11,SUPPLIER,2026-01-22,60481.43,61754.99,2026-01-29,2026-01-28,-1,0.61,502476.65,416649.39,284917.4,12.08,Andhra Pradesh,0.679,-1
1,SUPPLIER,2026-04-10,17498.58,17730.96,2026-04-25,2026-04-24,-1,0.81,116291.95,40875.05,80604.71,5.3,Andhra Pradesh,0.989,-1
27,SUPPLIER,2026-02-03,14166.92,14144.05,2026-03-05,2026-03-04,-1,8.9,265731.13,62653.78,61831.81,3.55,Telangana,0.65,-1
34,BUYER,2026-01-29,41932.89,42387.12,2026-02-05,2026-02-07,2,10.31,134793.67,334881.02,52504.01,6.21,Andhra Pradesh,0.529,2
4,BUYER,2026-04-25,28768.39,28849.1,2026-05-02,,1,2.29,292573.42,207481.58,36831.88,3.75,Karnataka,0.906,1
23,SUPPLIER,2026-01-12,35836.37,35469.73,2026-01-27,2026-01-25,-2,0.7,65503.63,98666.58,134076.62,11.07,Karnataka,0.646,-2
14,SUPPLIER,2026-06-18,8357.65,8415.27,2026-07-03,2026-07-03,0,6.22,377378.09,52633.19,37946.5,5.17,Karnataka,0.97,0
5,BUYER,2026-01-19,43556.55,42993.37,2026-02-03,,0,7.64,107341.74,273249.4,215069.84,9.2,Tamil Nadu,0.579,0
27,SUPPLIER,2026-04-16,15464.4,15595.05,2026-05-01,2026-05-03,2,9.71,231025.36,39881.84,39953.39,16.21,Telangana,0.753,2
7,BUYER,2026-01-15,16752.14,16334.78,2026-02-14,2026-03-13,27,1.06,301858.47,21028.21,98503.29,10.7,Maharashtra,0.501,27
23,SUPPLIER,2026-05-25,51775.45,52466.06,2026-06-01,2026-06-02,1,0.0,76942.2,275166.35,238380.76,15.4,Karnataka,0.804,1
30,BUYER,2026-04-10,20749.2,20994.54,2026-04-17,,4,8.17,138313.97,32427.2,59058.88,17.74,Telangana,0.755,4
22,SUPPLIER,2026-02-25,22420.46,22274.61,2026-03-04,,-2,7.33,70285.06,56383.14,100558.05,15.43,Kerala,0.34,-2
27,SUPPLIER,2026-02-18,135416.09,136349.58,2026-03-20,2026-03-29,9,10.67,250405.9,441217.51,366639.68,3.52,Telangana,0.546,9
6,BUYER,2026-01-08,32658.15,31877.44,2026-01-15,,22,0.58,219009.92,110965.48,16073.16,3.06,Andhra Pradesh,0.54,22
14,SUPPLIER,2026-02-27,21152.22,21752.3,2026-03-06,2026-03-12,6,8.78,421142.32,125267.23,117081.09,6.83,Karnataka,0.454,6
30,BUYER,2026-02-07,108479.35,108015.63,2026-03-09,2026-03-09,0,3.39,162742.31,633234.95,79801.66,14.46,Telangana,0.492,0
36,SUPPLIER,2026-04-21,43434.39,42525.34,2026-05-06,2026-05-07,1,3.54,100502.36,197347.35,215390.49,7.14,Maharashtra,0.747,1
23,SUPPLIER,2026-06-24,28284.02,27842.11,2026-07-01,2026-06-29,-2,0.0,72473.66,210824.16,10497.15,19.58,Karnataka,0.902,-2
1,SUPPLIER,2026-03-07,114845.48,115483.21,2026-03-22,2026-03-23,1,0.0,98893.25,330281.96,170623.49,3.55,Andhra Pradesh,0.528,1
3,BUYER,2026-05-06,28849.59,28411.97,2026-05-21,2026-05-20,-1,3.33,122710.27,77175.82,119830.05,16.79,Gujarat,0.73,-1
27,SUPPLIER,2026-02-07,77035.33,78048.71,2026-02-14,2026-02-17,3,8.81,222090.53,475242.32,63067.66,7.74,Telangana,0.463,3
12,BUYER,2026-06-19,18685.19,19066.03,2026-07-04,2026-07-10,6,4.99,400534.13,17686.03,32565.01,12.18,Karnataka,0.76,6
11,SUPPLIER,2026-03-10,19423.82,18907.35,2026-03-17,2026-03-17,0,4.04,473142.8,85957.05,82378.29,11.48,Andhra Pradesh,0.572,0
20,SUPPLIER,2026-03-21,19249.21,19622.55,2026-04-05,2026-04-04,-1,5.86,446581.25,127906.67,21270.37,2.04,Tamil Nadu,0.48,-1
26,SUPPLIER,2026-02-07,30187.89,29822.54,2026-02-22,2026-02-22,0,6.54,411778.31,172170.36,110782.2,18.32,Delhi,0.461,0
7,BUYER,2026-01-22,21252.77,21720.88,2026-01-29,,-1,0.66,306519.33,67033.25,123189.18,14.62,Maharashtra,0.438,-1
17,SUPPLIER,2026-04-15,10772.99,10655.87,2026-04-30,2026-04-28,-2,0.0,176909.16,19833.64,30992.62,7.97,Maharashtra,0.807,-2
31,SUPPLIER,2026-06-16,24577.07,25281.64,2026-07-01,2026-06-29,-2,5.07,75512.59,97229.19,18746.35,18.38,Delhi,0.812,-2
12,BUYER,2026-06-13,113417.44,113621.77,2026-06-20,2026-06-21,1,5.06,356097.88,704685.75,335989.69,17.31,Karnataka,0.805,1
2,SUPPLIER,2026-04-02,13691.88,13606.54,2026-04-09,2026-04-07,-2,6.01,526721.22,109373.49,16982.68,16.09,Kerala,0.933,-2
9,SUPPLIER,2026-03-29,25708.65,25190.56,2026-04-28,2026-04-26,-2,2.76,101639.56,131963.57,84514.94,4.48,Delhi,0.675,-2
19,BUYER,2026-06-20,36132.36,35667.29,2026-06-27,2026-07-06,9,1.09,468622.26,81294.23,190223.68,6.53,Andhra Pradesh,0.939,9
28,SUPPLIER,2026-04-15,50788.61,51201.91,2026-04-30,2026-05-09,9,5.02,263157.42,150789.19,134388.35,16.86,Delhi,0.762,9
10,BUYER,2026-04-13,33125.63,33506.07,2026-04-20,2026-04-28,8,6.36,229348.26,197678.76,47816.55,6.09,Andhra Pradesh,0.981,8
16,BUYER,2026-01-11,45837.03,45069.75,2026-01-18,2026-01-17,-1,5.06,135917.53,269797.57,61640.29,9.53,Maharashtra,0.509,-1
15,BUYER,2026-04-04,49722.66,50096.09,2026-04-11,2026-04-10,-1,4.5,392252.22,76652.11,178198.56,13.13,Karnataka,0.879,-1
14,SUPPLIER,2026-04-14,22174.72,21841.5,2026-05-14,2026-05-16,2,10.47,358946.1,82038.46,114312.12,6.78,Karnataka,0.782,2
36,SUPPLIER,2026-06-01,40766.17,40086.16,2026-07-01,2026-06-30,-1,7.13,96939.91,142591.44,164495.01,2.2,Maharashtra,0.713,-1
34,BUYER,2026-06-19,41850.17,40853.31,2026-07-19,2026-07-21,2,8.88,136464.24,228121.6,54907.91,13.64,Andhra Pradesh,0.912,2
10,BUYER,2026-06-25,37196.42,36558.45,2026-07-02,2026-07-19,17,6.05,286985.73,130078.7,45275.91,5.83,Andhra Pradesh,0.864,17
25,SUPPLIER,2026-03-31,43549.8,44363.41,2026-04-30,2026-05-08,8,6.09,288179.32,155571.05,257827.97,7.9,Andhra Pradesh,0.302,8
10,BUYER,2026-05-27,14025.02,14242.63,2026-06-03,2026-06-03,0,7.22,295321.67,101368.63,31896.47,3.8,Andhra Pradesh,0.799,0
32,SUPPLIER,2026-02-25,18561.43,19023.57,2026-03-04,2026-03-05,1,7.39,146307.81,98848.22,66744.41,19.03,Kerala,0.503,1
18,SUPPLIER,2026-03-31,16828.06,17041.88,2026-04-30,2026-04-29,-1,0.0,212330.97,72952.62,99646.83,16.92,Gujarat,0.567,-1
38,SUPPLIER,2026-02-17,11825.71,11740.74,2026-02-24,2026-03-24,28,2.63,332698.13,27274.24,37099.27,7.15,Maharashtra,0.428,28
14,SUPPLIER,2026-01-31,17727.73,17453.98,2026-02-15,2026-02-15,0,7.39,410745.78,101230.89,16749.52,8.29,Karnataka,0.402,0
29,BUYER,2026-05-24,19426.0,19165.04,2026-06-08,2026-06-06,-2,0.0,332820.49,98449.32,108283.96,8.63,Andhra Pradesh,0.976,-2
32,SUPPLIER,2026-06-07,46803.29,48102.14,2026-06-14,2026-06-22,8,7.33,141113.22,72381.47,39533.99,16.13,Kerala,0.72,8
40,SUPPLIER,2026-05-13,26493.05,26845.82,2026-05-28,,24,4.02,227714.81,186132.17,13058.62,12.2,Kerala,0.857,24
20,SUPPLIER,2026-06-05,59496.39,61212.02,2026-06-20,2026-06-18,-2,4.32,528221.77,101707.6,156809.18,17.31,Tamil Nadu,0.898,-2
25,SUPPLIER,2026-01-08,132776.45,134398.99,2026-01-15,2026-01-18,3,5.52,245922.75,1031634.35,38788.16,8.29,Andhra Pradesh,0.538,3
30,BUYER,2026-05-10,25423.7,25826.84,2026-05-25,,19,7.14,174515.54,142077.49,105636.96,11.23,Telangana,0.726,19
6,BUYER,2026-05-03,11046.1,11135.44,2026-05-10,2026-05-11,1,1.26,246622.09,23342.87,55265.24,3.0,Andhra Pradesh,0.701,1
23,SUPPLIER,2026-04-22,19866.7,19902.06,2026-04-29,2026-05-07,8,1.36,80811.42,147264.61,101218.02,19.9,Karnataka,0.987,8
13,BUYER,2026-04-04,41347.45,42241.57,2026-04-11,2026-04-15,4,13.65,106772.13,64180.69,106949.41,2.09,Maharashtra,0.995,4
23,SUPPLIER,2026-02-27,21053.84,20806.71,2026-03-29,,0,1.56,69705.14,33447.17,44054.83,6.1,Karnataka,0.7,0
17,SUPPLIER,2026-04-03,29971.82,30803.8,2026-04-18,,-2,3.34,174137.4,41647.67,30982.93,17.66,Maharashtra,0.734,-2
17,SUPPLIER,2026-05-30,56638.09,55773.6,2026-06-06,2026-06-06,0,0.39,200308.75,37695.15,139173.92,18.59,Maharashtra,0.909,0
17,SUPPLIER,2026-01-31,9401.87,9567.11,2026-02-07,2026-02-13,6,0.67,181730.61,62252.89,42524.48,12.79,Maharashtra,0.687,6
29,BUYER,2026-04-20,136580.01,138559.51,2026-05-20,2026-06-02,13,2.33,268802.7,1057575.69,237683.76,6.24,Andhra Pradesh,0.727,13
39,SUPPLIER,2026-04-17,56483.02,55629.05,2026-05-02,,-2,3.4,162569.0,101776.46,71442.53,8.17,Maharashtra,0.951,-2
4,BUYER,2026-03-18,27736.42,27652.27,2026-04-17,2026-04-17,0,2.2,256398.91,69447.35,67121.44,18.99,Karnataka,0.524,0
9,SUPPLIER,2026-06-22,63525.2,63944.33,2026-07-07,,-2,2.88,99255.54,391277.88,59862.6,11.01,Delhi,0.973,-2
21,BUYER,2026-05-07,13604.15,13601.58,2026-05-14,2026-05-13,-1,7.36,445038.29,89316.09,77253.32,14.76,Tamil Nadu,0.738,-1
11,SUPPLIER,2026-01-20,17296.39,17683.36,2026-01-27,2026-01-25,-2,3.04,401635.04,136335.49,79346.11,14.01,Andhra Pradesh,0.673,-2
24,SUPPLIER,2026-01-09,22624.72,22781.93,2026-01-24,2026-01-27,3,8.63,220462.69,166399.39,29126.03,19.9,Maharashtra,0.417,3
18,SUPPLIER,2026-01-08,60950.83,59762.55,2026-01-15,2026-01-13,-2,2.52,196785.72,265019.52,68867.06,11.38,Gujarat,0.533,-2
34,BUYER,2026-01-06,93699.81,91397.44,2026-01-13,,-1,6.36,131761.91,494725.02,316250.34,15.94,Andhra Pradesh,0.338,-1
24,SUPPLIER,2026-03-21,21615.71,21243.87,2026-04-05,,0,6.55,223310.65,138159.86,99362.65,3.91,Maharashtra,0.599,0
29,BUYER,2026-06-11,22696.63,22967.1,2026-06-26,2026-06-24,-2,1.22,316936.29,27223.81,87038.22,12.0,Andhra Pradesh,0.758,-2
3,BUYER,2026-05-15,19570.41,19325.16,2026-05-22,2026-05-22,0,3.06,143667.15,33249.14,59933.22,10.61,Gujarat,0.872,0
15,BUYER,2026-06-17,29701.93,29724.25,2026-06-24,2026-06-22,-2,5.35,477231.88,105245.77,43637.71,3.4,Karnataka,0.905,-2
23,SUPPLIER,2026-04-12,47347.21,48287.61,2026-04-27,,8,0.92,66896.0,110648.14,163788.63,5.1,Karnataka,0.737,8
32,SUPPLIER,2026-06-12,32230.18,32689.34,2026-06-19,,0,5.8,118416.78,164379.41,88242.87,15.06,Kerala,0.771,0
2,SUPPLIER,2026-05-28,19130.88,19022.34,2026-06-12,2026-06-11,-1,6.07,483986.47,107409.23,32799.29,18.42,Kerala,0.934,-1
28,SUPPLIER,2026-06-03,15737.18,15623.23,2026-06-18,2026-06-17,-1,7.54,236280.1,86905.59,37534.66,5.07,Delhi,0.797,-1
36,SUPPLIER,2026-01-24,40730.78,41770.54,2026-01-31,,15,2.88,83521.43,277972.21,12678.93,5.46,Maharashtra,0.558,15
27,SUPPLIER,2026-01-02,19074.72,19172.91,2026-02-01,2026-02-10,9,8.64,275484.04,60676.63,96285.77,5.68,Telangana,0.397,9
32,SUPPLIER,2026-06-07,25697.82,25991.4,2026-06-14,2026-06-13,-1,5.27,141160.77,91048.06,65127.02,16.88,Kerala,0.761,-1
9,SUPPLIER,2026-03-02,147909.41,149390.48,2026-04-01,2026-04-01,0,3.95,91291.75,1029221.51,41916.9,2.63,Delhi,0.622,0
10,BUYER,2026-04-11,33164.55,34101.89,2026-04-26,2026-05-06,10,7.54,237735.96,139013.54,85281.33,17.03,Andhra Pradesh,0.816,10
7,BUYER,2026-03-20,17455.69,17869.42,2026-04-04,2026-04-13,9,3.11,297926.01,24636.02,14242.54,6.16,Maharashtra,0.375,9
36,SUPPLIER,2026-04-05,76036.16,76058.92,2026-04-20,,0,4.08,92251.37,44887.73,235199.59,19.38,Maharashtra,0.845,0
20,SUPPLIER,2026-06-08,24516.55,24164.85,2026-06-15,2026-06-14,-1,4.75,480747.26,140457.65,41306.34,16.18,Tamil Nadu,0.946,-1
4,BUYER,2026-06-18,23017.03,22368.52,2026-07-18,2026-07-17,-1,4.47,248544.81,156989.28,61372.7,14.38,Karnataka,0.963,-1
14,SUPPLIER,2026-04-26,11330.95,11499.09,2026-05-03,2026-05-15,12,7.42,429275.89,17206.89,17457.15,2.51,Karnataka,0.884,12
39,SUPPLIER,2026-03-02,29764.39,30539.27,2026-04-01,2026-03-30,-2,1.16,219422.3,225155.27,57582.99,13.41,Maharashtra,0.557,-2
37,SUPPLIER,2026-02-12,32341.09,32699.39,2026-02-19,2026-02-22,3,8.16,384690.89,236443.4,169376.46,15.68,Kerala,0.498,3
18,SUPPLIER,2026-01-13,40631.26,41702.16,2026-02-12,,-1,0.0,236516.78,169279.29,215995.96,13.02,Gujarat,0.545,-1
24,SUPPLIER,2026-05-30,3317.05,3271.63,2026-06-06,2026-06-06,0,7.91,168614.04,15864.7,15807.18,17.51,Maharashtra,0.975,0
34,BUYER,2026-04-18,17798.25,18144.08,2026-05-18,2026-05-18,0,6.65,125940.31,77034.1,29926.23,3.49,Andhra Pradesh,0.827,0
31,SUPPLIER,2026-04-26,36604.46,36359.44,2026-05-03,2026-05-04,1,0.0,72178.18,216157.19,29976.45,11.36,Delhi,0.748,1
17,SUPPLIER,2026-02-27,26262.01,26959.58,2026-03-29,2026-04-07,9,3.06,176530.32,174887.92,132498.35,11.18,Maharashtra,0.678,9
6,BUYER,2026-02-15,21882.4,21765.22,2026-03-17,2026-03-25,8,0.0,205428.37,31685.67,38392.48,10.19,Andhra Pradesh,0.696,8
17,SUPPLIER,2026-05-15,16606.99,17027.19,2026-06-14,2026-06-12,-2,1.88,165667.93,62649.1,55261.75,9.05,Maharashtra,0.923,-2
16,BUYER,2026-04-30,15477.35,15902.19,2026-05-07,2026-05-08,1,4.79,135204.44,72353.47,12648.48,10.58,Maharashtra,0.738,1
9,SUPPLIER,2026-01-16,20647.07,20257.09,2026-01-23,,0,1.18,105194.06,151726.71,105660.34,7.91,Delhi,0.448,0
38,SUPPLIER,2026-02-15,52374.9,51935.2,2026-03-02,2026-03-02,0,4.69,306359.97,183176.03,115344.25,10.8,Maharashtra,0.626,0
23,SUPPLIER,2026-03-18,54565.32,53781.51,2026-04-02,2026-04-01,-1,0.0,87851.58,269085.68,261457.24,18.81,Karnataka,0.656,-1
13,BUYER,2026-04-30,45394.48,45887.87,2026-05-07,2026-05-10,3,14.51,148879.75,227066.13,144983.8,15.97,Maharashtra,0.932,3
25,SUPPLIER,2026-06-14,58009.35,58654.41,2026-06-21,2026-06-23,2,6.6,256268.82,147009.35,208994.68,12.12,Andhra Pradesh,0.936,2
8,BUYER,2026-04-05,20406.75,19886.93,2026-04-12,2026-04-13,1,3.64,63657.45,129107.67,51220.07,19.56,Tamil Nadu,0.855,1
8,BUYER,2026-03-02,44049.62,44027.13,2026-03-09,2026-03-10,1,4.63,60593.79,49065.07,103404.96,10.67,Tamil Nadu,0.445,1
25,SUPPLIER,2026-05-19,51372.82,50802.84,2026-06-03,2026-06-01,-2,5.68,250210.88,174345.69,30340.2,19.76,Andhra Pradesh,0.863,-2
17,SUPPLIER,2026-02-07,43137.13,42213.3,2026-02-14,2026-03-02,16,1.08,139780.15,138506.89,213597.78,19.17,Maharashtra,0.691,16
40,SUPPLIER,2026-04-02,15706.12,15414.45,2026-04-09,2026-04-10,1,4.07,162786.2,88422.06,70309.49,6.91,Kerala,0.807,1
39,SUPPLIER,2026-05-09,47671.96,47866.12,2026-06-08,2026-06-06,-2,3.53,219956.31,270179.89,36961.61,19.95,Maharashtra,0.998,-2
16,BUYER,2026-01-09,34753.76,34156.2,2026-01-16,2026-01-21,5,8.02,131369.35,116047.74,52315.36,7.18,Maharashtra,0.655,5
33,BUYER,2026-03-10,87114.82,87370.33,2026-03-17,2026-03-15,-2,5.03,407434.77,201754.8,205014.61,13.41,Karnataka,0.571,-2
36,SUPPLIER,2026-03-09,56654.65,55841.08,2026-03-16,2026-03-14,-2,4.41,82065.82,379044.41,136523.87,12.1,Maharashtra,0.642,-2
34,BUYER,2026-06-28,13101.73,13028.89,2026-07-13,2026-07-14,1,9.07,140722.05,41015.78,45333.49,19.4,Andhra Pradesh,0.911,1
39,SUPPLIER,2026-06-29,46441.79,45136.19,2026-07-06,,9,1.74,226521.26,310789.67,263011.74,17.34,Maharashtra,0.797,9
15,BUYER,2026-04-27,20694.48,20975.01,2026-05-04,2026-05-14,10,1.75,486140.4,92818.02,34091.33,14.96,Karnataka,0.939,10
32,SUPPLIER,2026-04-30,31423.26,31268.18,2026-05-07,2026-05-08,1,7.45,136240.78,68961.18,49253.38,5.37,Kerala,0.745,1
19,BUYER,2026-02-14,17984.07,18013.96,2026-03-01,2026-03-02,1,2.8,397653.77,25530.09,55382.48,9.2,Andhra Pradesh,0.412,1
39,SUPPLIER,2026-03-07,17376.74,17302.66,2026-03-14,2026-03-30,16,5.17,215769.46,69129.27,91095.37,18.02,Maharashtra,0.517,16
33,BUYER,2026-03-29,12147.65,12342.34,2026-04-05,2026-04-06,1,4.08,442715.19,15364.37,12058.02,16.72,Karnataka,0.656,1
4,BUYER,2026-04-25,18976.86,18429.11,2026-05-25,2026-05-24,-1,2.35,271860.13,138638.84,96467.09,10.86,Karnataka,0.807,-1
35,BUYER,2026-01-13,54469.11,54896.53,2026-01-20,2026-01-19,-1,8.27,377760.46,52194.27,259561.59,9.07,Maharashtra,0.542,-1
40,SUPPLIER,2026-03-17,64476.67,63086.42,2026-04-01,2026-03-30,-2,3.6,197093.29,211686.94,240512.5,2.51,Kerala,0.441,-2
4,BUYER,2026-03-17,111026.94,113710.03,2026-04-01,2026-04-02,1,3.55,262666.5,796341.63,446364.4,14.6,Karnataka,0.635,1
8,BUYER,2026-06-14,16411.17,16738.36,2026-06-21,2026-06-22,1,5.54,67430.74,108514.26,77565.11,12.66,Tamil Nadu,0.759,1
37,SUPPLIER,2026-04-07,73508.96,71382.33,2026-04-14,2026-04-15,1,6.15,489134.68,126439.0,421278.49,18.18,Kerala,0.779,1
38,SUPPLIER,2026-06-17,8412.6,8470.15,2026-07-17,,1,3.92,245412.51,51095.01,44358.3,5.97,Maharashtra,0.885,1
20,SUPPLIER,2026-06-08,35910.51,36023.71,2026-07-08,2026-07-06,-2,5.63,486871.28,32485.96,108110.0,12.58,Tamil Nadu,0.965,-2
33,BUYER,2026-06-15,29206.45,29014.58,2026-07-15,2026-07-13,-2,7.49,357206.18,17260.24,110635.89,10.13,Karnataka,0.982,-2
7,BUYER,2026-06-01,54838.08,56324.67,2026-06-16,2026-06-15,-1,5.61,328310.02,58436.92,22900.65,12.43,Maharashtra,0.762,-1
14,SUPPLIER,2026-03-25,42687.74,41431.41,2026-04-24,2026-04-29,5,6.53,429940.98,97217.2,227731.55,5.82,Karnataka,0.552,5
12,BUYER,2026-01-19,37061.9,36511.25,2026-01-26,2026-02-05,10,3.84,280387.04,46784.57,15750.85,18.65,Karnataka,0.457,10
11,SUPPLIER,2026-04-07,34718.45,33831.44,2026-05-07,2026-05-06,-1,2.35,428624.11,171914.38,19483.39,12.56,Andhra Pradesh,0.741,-1
8,BUYER,2026-01-29,45411.05,45957.1,2026-02-05,2026-02-03,-2,5.35,57245.55,126292.63,99314.04,15.73,Tamil Nadu,0.499,-2
12,BUYER,2026-03-15,52431.11,53530.42,2026-03-22,2026-03-23,1,1.41,302540.96,194634.01,90199.22,4.93,Karnataka,0.632,1
9,SUPPLIER,2026-01-12,29804.05,30303.44,2026-01-19,2026-01-17,-2,4.09,107467.7,227435.6,161944.0,15.9,Delhi,0.626,-2
21,BUYER,2026-01-14,19917.91,20230.7,2026-01-21,2026-01-30,9,7.53,406103.26,137942.07,91150.64,4.04,Tamil Nadu,0.517,9
25,SUPPLIER,2026-06-03,27462.86,27647.08,2026-06-10,2026-07-05,25,6.78,213445.6,119208.84,17285.47,13.74,Andhra Pradesh,0.706,25
21,BUYER,2026-01-24,56369.94,55314.03,2026-02-23,2026-02-22,-1,6.37,423073.59,432737.34,61770.61,6.51,Tamil Nadu,0.645,-1
10,BUYER,2026-06-07,34275.71,33792.61,2026-06-22,2026-06-23,1,5.63,290584.48,257886.09,104004.59,10.34,Andhra Pradesh,0.876,1
32,SUPPLIER,2026-03-15,20664.62,20329.83,2026-03-22,2026-03-23,1,7.68,114465.74,161556.46,16625.35,13.59,Kerala,0.593,1
18,SUPPLIER,2026-05-19,52741.71,53495.88,2026-05-26,2026-05-27,1,1.05,201303.73,209204.35,74918.97,14.19,Gujarat,0.916,1
28,SUPPLIER,2026-02-09,14143.56,14416.53,2026-02-16,2026-02-14,-2,5.86,284847.71,27063.82,27140.15,19.04,Delhi,0.4,-2
13,BUYER,2026-01-27,39744.61,39847.61,2026-02-03,2026-02-07,4,13.94,143258.6,57590.29,113371.18,16.75,Maharashtra,0.339,4
21,BUYER,2026-05-20,48728.13,48360.09,2026-05-27,2026-05-31,4,5.61,363632.51,67688.24,133435.82,11.71,Tamil Nadu,0.961,4
4,BUYER,2026-04-29,61668.33,62583.65,2026-05-14,,1,5.65,263028.95,487028.0,191563.73,16.91,Karnataka,0.983,1
25,SUPPLIER,2026-02-14,32338.11,31860.26,2026-02-21,2026-02-22,1,7.0,271402.66,71871.64,115956.31,7.62,Andhra Pradesh,0.303,1
7,BUYER,2026-03-20,29134.04,28964.4,2026-04-04,2026-04-03,-1,1.95,227198.79,42328.38,135727.15,2.15,Maharashtra,0.598,-1
12,BUYER,2026-05-21,78372.21,76197.57,2026-05-28,2026-06-03,6,5.15,346034.31,68956.87,124517.55,11.4,Karnataka,0.863,6
31,SUPPLIER,2026-05-07,38740.83,39601.7,2026-05-22,2026-06-16,25,4.46,72738.95,58654.31,108773.45,7.01,Delhi,0.974,25
27,SUPPLIER,2026-03-06,22813.08,22322.12,2026-03-21,,3,8.6,228746.19,96498.22,87717.74,17.9,Telangana,0.504,3
10,BUYER,2026-04-07,61418.0,60779.6,2026-04-14,2026-04-15,1,5.82,266764.9,307376.96,45466.72,12.29,Andhra Pradesh,0.772,1
21,BUYER,2026-06-17,11471.8,11667.86,2026-07-02,2026-06-30,-2,4.95,335407.45,35682.47,50162.1,5.24,Tamil Nadu,0.76,-2
18,SUPPLIER,2026-06-04,8768.21,8966.71,2026-06-11,2026-06-19,8,0.74,246086.91,17443.15,38594.37,18.52,Gujarat,0.987,8
29,BUYER,2026-03-29,75693.25,77823.29,2026-04-13,2026-04-22,9,0.97,228835.12,584080.25,253281.13,8.52,Andhra Pradesh,0.677,9
26,SUPPLIER,2026-01-03,80267.19,82345.26,2026-01-10,2026-01-09,-1,5.11,334630.95,628034.84,366977.62,15.88,Delhi,0.516,-1
16,BUYER,2026-04-21,14015.25,14018.35,2026-04-28,2026-04-29,1,7.3,155490.57,36490.67,53822.71,6.78,Maharashtra,0.822,1
12,BUYER,2026-05-10,12678.49,12912.15,2026-05-17,2026-05-17,0,4.26,364126.72,50235.61,32718.69,8.26,Karnataka,0.754,0
17,SUPPLIER,2026-02-25,36521.64,36757.85,2026-03-04,,-1,1.01,192334.79,211496.35,71801.76,12.36,Maharashtra,0.303,-1
3,BUYER,2026-01-18,56137.47,55734.52,2026-01-25,2026-02-06,12,1.31,155916.51,318569.16,157638.79,11.96,Gujarat,0.687,12
22,SUPPLIER,2026-02-12,45801.89,45890.37,2026-02-27,2026-02-28,1,6.11,74149.72,171738.56,135979.24,14.16,Kerala,0.307,1
18,SUPPLIER,2026-05-16,42909.05,43612.83,2026-05-23,2026-05-21,-2,0.0,196673.73,61132.2,254594.72,16.22,Gujarat,0.865,-2
27,SUPPLIER,2026-06-15,33553.59,33909.13,2026-06-22,2026-06-20,-2,7.58,245163.89,234538.19,107363.33,6.52,Telangana,0.985,-2
27,SUPPLIER,2026-06-08,47193.81,48211.94,2026-06-15,2026-06-17,2,11.59,275129.13,263762.03,61988.24,8.2,Telangana,0.974,2
15,BUYER,2026-03-27,13732.65,13716.24,2026-04-03,2026-04-09,6,6.49,540170.26,29697.42,79333.92,11.86,Karnataka,0.579,6
20,SUPPLIER,2026-05-20,42969.21,42952.86,2026-06-04,2026-06-02,-2,4.19,486850.01,140508.74,227782.45,9.3,Tamil Nadu,0.964,-2
29,BUYER,2026-02-21,21620.91,21985.47,2026-03-08,2026-03-18,10,0.0,302503.34,11743.62,44120.26,5.88,Andhra Pradesh,0.324,10
9,SUPPLIER,2026-04-08,28094.7,28497.17,2026-04-15,2026-04-16,1,2.44,110613.97,135643.78,99991.92,2.69,Delhi,0.975,1
15,BUYER,2026-06-03,11713.53,12015.02,2026-06-10,2026-07-09,29,4.16,516623.3,65348.76,60800.67,2.76,Karnataka,0.841,29
15,BUYER,2026-02-15,9396.43,9267.77,2026-02-22,2026-02-20,-2,5.56,480089.96,11565.2,18060.97,6.07,Karnataka,0.341,-2
15,BUYER,2026-05-23,14162.66,14422.45,2026-06-22,2026-06-22,0,7.03,425350.42,58061.44,27258.0,13.29,Karnataka,0.9,0
32,SUPPLIER,2026-06-02,71073.36,73075.68,2026-07-02,,-2,7.44,105061.83,124095.34,379874.75,5.9,Kerala,0.905,-2
3,BUYER,2026-03-07,32830.35,32764.86,2026-03-14,2026-03-28,14,2.64,132157.34,53161.35,27634.09,5.7,Gujarat,0.68,14
25,SUPPLIER,2026-02-20,80633.37,78892.99,2026-03-07,,5,6.31,239499.04,120840.96,397192.92,3.36,Andhra Pradesh,0.467,5
30,BUYER,2026-02-05,18675.38,18625.11,2026-02-20,2026-02-22,2,10.32,194087.4,144558.22,97387.88,13.38,Telangana,0.678,2
26,SUPPLIER,2026-01-28,49078.89,50348.77,2026-02-04,2026-02-05,1,4.37,432388.43,55663.44,210610.64,9.69,Delhi,0.597,1
38,SUPPLIER,2026-04-30,29881.81,29273.61,2026-05-07,2026-05-06,-1,3.65,290800.48,169392.01,61529.98,7.55,Maharashtra,0.944,-1
28,SUPPLIER,2026-03-19,40027.58,40157.23,2026-04-03,2026-04-04,1,6.19,283661.31,17488.95,120210.63,12.83,Delhi,0.628,1
13,BUYER,2026-01-08,13054.11,13407.88,2026-02-07,2026-02-18,11,13.44,120283.91,92110.45,43501.66,17.95,Maharashtra,0.633,11
39,SUPPLIER,2026-03-22,32179.49,32253.43,2026-04-06,2026-04-05,-1,1.97,219821.26,213644.67,138911.98,4.95,Maharashtra,0.67,-1
16,BUYER,2026-04-28,13693.23,13651.96,2026-05-13,2026-05-12,-1,7.73,129982.31,73976.64,25189.84,5.94,Maharashtra,0.991,-1
1,SUPPLIER,2026-03-24,12995.58,13314.15,2026-04-23,,-2,1.4,138035.97,35012.54,67413.35,18.14,Andhra Pradesh,0.658,-2
3,BUYER,2026-05-08,87909.61,89737.48,2026-05-15,2026-05-15,0,3.34,116170.07,246528.91,466065.68,16.6,Gujarat,0.736,0
40,SUPPLIER,2026-02-28,35380.81,36229.05,2026-03-07,2026-03-08,1,1.8,223672.39,252997.92,81974.71,11.49,Kerala,0.644,1
40,SUPPLIER,2026-03-22,17489.44,17935.79,2026-03-29,2026-03-27,-2,4.45,190803.47,32570.79,88163.58,18.9,Kerala,0.389,-2
26,SUPPLIER,2026-02-16,30028.95,30168.92,2026-03-03,2026-03-02,-1,4.16,387431.72,121095.83,124404.25,7.79,Delhi,0.661,-1
20,SUPPLIER,2026-05-07,41847.73,42641.46,2026-05-22,2026-05-23,1,2.43,434618.68,286507.95,104666.61,2.71,Tamil Nadu,0.995,1
9,SUPPLIER,2026-01-18,55355.06,55068.77,2026-02-02,2026-01-31,-2,1.57,84210.53,224259.4,214564.11,13.3,Delhi,0.387,-2
3,BUYER,2026-01-08,47235.57,46957.91,2026-01-15,2026-01-20,5,2.09,121000.9,322162.21,242797.41,8.59,Gujarat,0.507,5
24,SUPPLIER,2026-03-11,11884.36,11879.02,2026-04-10,2026-04-09,-1,10.29,194403.24,12559.67,22459.61,7.77,Maharashtra,0.313,-1
12,BUYER,2026-06-23,24931.64,24423.02,2026-07-08,2026-07-08,0,4.17,410861.46,53629.76,10598.7,2.28,Karnataka,0.819,0
24,SUPPLIER,2026-06-12,21413.36,21180.46,2026-06-19,,-2,6.64,226244.36,59134.28,15855.71,13.26,Maharashtra,0.808,-2
37,SUPPLIER,2026-06-02,27028.76,26801.01,2026-06-09,2026-06-09,0,7.62,410508.58,212321.58,151541.27,4.56,Kerala,0.894,0
20,SUPPLIER,2026-05-14,14463.48,14283.49,2026-05-29,,-1,5.58,569664.05,54059.39,62779.57,19.79,Tamil Nadu,0.886,-1
18,SUPPLIER,2026-01-10,18068.52,18140.78,2026-01-17,2026-01-22,5,0.0,227097.82,39243.69,61190.7,10.32,Gujarat,0.329,5
27,SUPPLIER,2026-03-14,7470.72,7469.56,2026-04-13,2026-04-16,3,9.89,294520.93,20038.7,29480.7,10.86,Telangana,0.544,3
36,SUPPLIER,2026-03-01,36573.46,37179.94,2026-03-16,,-1,4.79,110908.2,85337.88,71014.46,13.19,Maharashtra,0.497,-1
21,BUYER,2026-02-16,39136.46,39387.39,2026-03-03,2026-03-09,6,7.87,420669.6,24046.0,120461.47,10.6,Tamil Nadu,0.343,6
22,SUPPLIER,2026-01-14,71158.78,71309.87,2026-02-13,2026-02-13,0,8.67,88508.39,100926.55,250678.86,6.68,Kerala,0.439,0
7,BUYER,2026-06-07,23044.72,23504.75,2026-06-14,2026-06-20,6,5.46,241750.8,41446.24,46878.41,9.32,Maharashtra,0.764,6
13,BUYER,2026-01-08,24218.65,24702.02,2026-01-23,2026-01-26,3,16.16,140204.23,12437.48,17645.86,4.11,Maharashtra,0.584,3
40,SUPPLIER,2026-02-26,28189.48,27876.64,2026-03-05,2026-03-06,1,4.4,169401.46,170258.09,65114.63,14.98,Kerala,0.481,1
7,BUYER,2026-03-29,42639.98,41845.72,2026-04-05,2026-04-06,1,3.01,276451.26,148977.08,211980.53,2.66,Maharashtra,0.391,1
13,BUYER,2026-01-04,50365.61,50173.69,2026-02-03,2026-02-04,1,14.88,158667.22,87730.57,274909.37,3.37,Maharashtra,0.303,1
38,SUPPLIER,2026-03-04,23334.03,22980.39,2026-03-19,2026-03-18,-1,6.9,230965.79,31386.83,74962.38,11.68,Maharashtra,0.512,-1
32,SUPPLIER,2026-05-29,8805.42,8709.05,2026-06-13,2026-06-14,1,5.9,132992.08,29330.37,47642.6,2.48,Kerala,0.896,1
8,BUYER,2026-02-11,10673.78,10602.76,2026-02-26,2026-03-25,27,6.88,63492.95,68140.95,52418.75,16.8,Tamil Nadu,0.469,27
39,SUPPLIER,2026-02-22,41704.28,41147.48,2026-03-09,2026-03-11,2,3.19,240258.38,257220.97,246134.43,12.0,Maharashtra,0.486,2
12,BUYER,2026-06-25,44025.78,43737.68,2026-07-10,2026-07-09,-1,3.28,315192.65,192390.52,186462.33,16.54,Karnataka,0.71,-1
20,SUPPLIER,2026-05-02,53244.59,51958.18,2026-05-09,2026-05-08,-1,2.83,530777.33,93552.27,219533.71,6.42,Tamil Nadu,0.748,-1
30,BUYER,2026-01-23,35448.62,34617.6,2026-01-30,2026-02-04,5,8.33,144228.83,267802.05,191077.44,12.5,Telangana,0.341,5
20,SUPPLIER,2026-01-31,35388.09,36061.55,2026-02-15,,-1,6.99,478506.4,134080.09,160382.75,10.26,Tamil Nadu,0.622,-1
10,BUYER,2026-02-09,26193.29,26214.09,2026-02-16,2026-02-17,1,6.24,251770.63,65992.3,20221.37,9.71,Andhra Pradesh,0.562,1
14,SUPPLIER,2026-04-27,55099.06,55123.11,2026-05-04,2026-05-10,6,7.88,327776.51,138440.16,296186.67,6.24,Karnataka,0.809,6
17,SUPPLIER,2026-04-02,53221.4,53948.9,2026-04-09,2026-04-26,17,0.83,171844.11,276135.85,39157.23,18.73,Maharashtra,0.746,17
35,BUYER,2026-03-17,35384.67,36092.7,2026-04-01,2026-04-19,18,10.74,538790.36,33267.37,188380.92,4.99,Maharashtra,0.354,18
31,SUPPLIER,2026-03-20,32395.59,33172.28,2026-04-19,,-1,0.54,99470.75,251403.72,62440.81,16.43,Delhi,0.652,-1
7,BUYER,2026-02-12,27951.0,28750.32,2026-02-19,2026-02-17,-2,3.76,308811.57,79566.38,72105.51,10.01,Maharashtra,0.644,-2
40,SUPPLIER,2026-03-06,22860.84,23526.01,2026-04-05,2026-04-03,-2,1.37,200746.47,25074.03,71031.29,5.93,Kerala,0.41,-2
10,BUYER,2026-05-04,29689.95,29450.6,2026-05-11,2026-05-14,3,10.1,270384.34,193603.87,63817.76,10.13,Andhra Pradesh,0.765,3
22,SUPPLIER,2026-02-02,15100.37,15394.17,2026-02-09,2026-02-07,-2,6.85,81902.69,62505.18,32512.86,10.51,Kerala,0.556,-2
32,SUPPLIER,2026-04-06,51535.03,52286.5,2026-04-21,,0,5.75,120220.8,302856.39,85235.42,17.76,Kerala,0.934,0
23,SUPPLIER,2026-01-23,22973.68,23030.89,2026-01-30,2026-01-30,0,0.0,91447.46,132984.68,29794.83,5.27,Karnataka,0.356,0
26,SUPPLIER,2026-05-20,20636.55,20431.69,2026-06-04,2026-06-26,22,2.26,444088.09,133785.8,103060.36,15.03,Delhi,0.705,22
27,SUPPLIER,2026-03-15,28668.71,28734.16,2026-04-14,2026-04-15,1,8.86,297553.71,27156.46,57545.86,16.77,Telangana,0.596,1
35,BUYER,2026-05-30,31294.12,32134.61,2026-06-06,2026-06-05,-1,9.13,452505.83,38474.2,96454.37,14.37,Maharashtra,0.981,-1
37,SUPPLIER,2026-04-11,30339.84,30555.55,2026-04-26,2026-04-27,1,7.39,498310.07,92752.0,100737.3,6.83,Kerala,0.771,1
20,SUPPLIER,2026-01-17,25994.54,26156.68,2026-02-01,,4,9.08,482171.0,10614.16,112093.09,4.18,Tamil Nadu,0.348,4
18,SUPPLIER,2026-02-14,26160.02,26602.13,2026-03-01,2026-02-27,-2,0.63,196600.17,18169.29,85950.61,17.26,Gujarat,0.48,-2
33,BUYER,2026-02-17,13649.05,13722.47,2026-03-04,,-1,5.95,366472.84,67901.82,22225.89,18.43,Karnataka,0.441,-1
24,SUPPLIER,2026-02-21,38373.59,38911.68,2026-02-28,2026-03-01,1,8.52,227592.59,202488.96,203338.72,4.8,Maharashtra,0.582,1
15,BUYER,2026-02-28,13607.98,13999.18,2026-03-30,2026-04-04,5,4.71,411927.58,97034.41,39540.52,5.73,Karnataka,0.627,5
32,SUPPLIER,2026-02-25,27310.69,27148.82,2026-03-12,2026-03-15,3,8.72,103166.15,108357.99,160455.54,12.24,Kerala,0.675,3
32,SUPPLIER,2026-04-29,13399.94,13718.97,2026-05-29,2026-05-30,1,5.74,99031.28,100810.76,30190.77,2.22,Kerala,0.956,1
12,BUYER,2026-06-06,23887.66,23299.87,2026-06-21,2026-06-21,0,4.81,305296.73,150499.55,139942.68,18.62,Karnataka,0.796,0
6,BUYER,2026-06-19,25609.83,26186.81,2026-07-04,,1,0.0,224753.36,197497.02,38135.52,17.52,Andhra Pradesh,0.979,1
12,BUYER,2026-05-28,33381.2,33926.36,2026-06-04,2026-06-06,2,7.14,353231.17,109644.87,22657.16,2.87,Karnataka,0.841,2
33,BUYER,2026-05-30,19189.85,19202.95,2026-06-14,2026-06-22,8,7.74,386694.84,130985.66,55251.3,9.39,Karnataka,0.993,8
31,SUPPLIER,2026-02-06,65274.45,66652.49,2026-02-21,,0,0.37,72761.23,208558.74,358944.09,16.48,Delhi,0.629,0
3,BUYER,2026-01-15,12707.2,12789.42,2026-02-14,2026-02-14,0,2.04,115559.53,84024.86,41482.3,16.27,Gujarat,0.649,0
31,SUPPLIER,2026-02-01,25930.76,26511.35,2026-03-03,2026-03-02,-1,5.87,77293.71,106320.87,32504.62,13.32,Delhi,0.608,-1
31,SUPPLIER,2026-02-25,26962.75,27462.2,2026-03-27,2026-04-02,6,0.21,80082.54,19778.33,138709.03,5.89,Delhi,0.355,6
5,BUYER,2026-05-12,42845.3,42932.95,2026-05-19,2026-05-20,1,5.23,101909.8,329474.9,223610.8,16.9,Tamil Nadu,0.821,1
20,SUPPLIER,2026-01-24,10048.89,9754.27,2026-02-23,2026-03-20,25,6.24,578302.23,77808.55,39440.19,6.25,Tamil Nadu,0.653,25
23,SUPPLIER,2026-04-26,82617.5,83691.01,2026-05-26,2026-05-27,1,0.0,71949.17,211217.04,170878.96,6.47,Karnataka,0.737,1
5,BUYER,2026-03-17,31741.2,31015.93,2026-03-24,2026-03-22,-2,5.7,126029.6,222789.0,140682.21,7.03,Tamil Nadu,0.439,-2
20,SUPPLIER,2026-04-19,34173.17,34034.93,2026-04-26,2026-04-26,0,3.58,458849.61,151646.91,191889.09,11.88,Tamil Nadu,0.933,0
3,BUYER,2026-05-28,10158.01,10309.07,2026-06-04,2026-06-04,0,2.02,157856.41,65433.9,20057.21,16.12,Gujarat,0.928,0
16,BUYER,2026-04-28,73852.8,72140.83,2026-05-28,,6,6.25,159617.86,34075.29,14711.16,6.69,Maharashtra,0.925,6
14,SUPPLIER,2026-02-22,24681.94,25190.0,2026-03-01,2026-03-10,9,3.91,328720.59,173643.72,45759.84,14.61,Karnataka,0.595,9
25,SUPPLIER,2026-04-25,36837.55,37908.12,2026-05-02,2026-05-26,24,5.18,283113.87,293565.87,139291.97,16.88,Andhra Pradesh,0.857,24
12,BUYER,2026-03-05,17070.15,17272.52,2026-04-04,2026-04-03,-1,2.89,347713.46,70283.73,55795.45,15.62,Karnataka,0.399,-1
17,SUPPLIER,2026-04-11,8708.3,8665.58,2026-04-26,2026-05-03,7,2.97,166393.91,58677.68,18945.31,14.9,Maharashtra,0.795,7
14,SUPPLIER,2026-06-23,8390.56,8504.78,2026-06-30,2026-07-03,3,7.47,424216.74,19307.05,42798.75,4.5,Karnataka,0.873,3
3,BUYER,2026-02-04,172325.78,177116.76,2026-02-19,2026-02-20,1,5.21,110811.61,463487.67,187923.98,13.28,Gujarat,0.418,1
29,BUYER,2026-04-02,138412.87,135502.41,2026-04-17,2026-04-15,-2,0.0,260469.61,217039.85,604439.15,18.89,Andhra Pradesh,0.978,-2
15,BUYER,2026-04-07,23880.66,24081.35,2026-05-07,,-2,5.31,392431.19,107484.78,47825.43,8.22,Karnataka,0.947,-2
19,BUYER,2026-03-08,27495.66,26933.46,2026-03-15,2026-04-12,28,1.21,419207.32,148687.82,149394.89,14.19,Andhra Pradesh,0.588,28
25,SUPPLIER,2026-01-13,44706.25,44741.26,2026-01-28,2026-01-30,2,6.01,259500.23,153321.81,215391.21,17.8,Andhra Pradesh,0.368,2
36,SUPPLIER,2026-06-17,21460.81,21118.25,2026-07-17,2026-07-15,-2,6.31,103497.81,170716.2,54326.72,11.09,Maharashtra,0.961,-2
10,BUYER,2026-04-27,21061.76,20470.4,2026-05-04,2026-05-03,-1,6.27,275661.5,103175.4,41425.27,3.03,Andhra Pradesh,0.716,-1
23,SUPPLIER,2026-01-17,44175.77,43998.06,2026-01-24,2026-02-21,28,0.0,86679.72,110628.84,105154.36,4.66,Karnataka,0.414,28
4,BUYER,2026-04-17,8325.53,8322.75,2026-04-24,2026-05-04,10,2.79,258070.75,42212.21,22163.08,13.37,Karnataka,0.877,10
38,SUPPLIER,2026-03-31,16801.12,16770.41,2026-04-07,2026-04-05,-2,2.74,260940.87,38954.84,48840.08,17.6,Maharashtra,0.59,-2
12,BUYER,2026-05-30,32512.53,32053.46,2026-06-29,2026-07-24,25,4.57,381177.43,183742.8,180608.28,4.73,Karnataka,0.836,25
35,BUYER,2026-01-22,11676.23,11448.96,2026-02-21,2026-03-15,22,10.73,497221.12,48467.43,58007.89,6.06,Maharashtra,0.46,22
37,SUPPLIER,2026-05-05,16360.82,16321.25,2026-05-12,,-2,5.63,374418.36,10052.71,36617.44,3.52,Kerala,0.719,-2
40,SUPPLIER,2026-04-28,7105.67,7049.24,2026-05-05,2026-05-30,25,2.51,160718.97,23890.33,35384.87,19.13,Kerala,0.93,25
36,SUPPLIER,2026-03-31,17182.26,17411.41,2026-04-15,,0,6.81,97210.98,34070.73,90724.68,9.6,Maharashtra,0.571,0
18,SUPPLIER,2026-05-19,49876.31,49397.49,2026-06-18,2026-06-22,4,0.51,200004.74,391306.89,154047.7,19.24,Gujarat,0.728,4
12,BUYER,2026-06-19,20018.62,19748.94,2026-07-04,2026-07-05,1,2.77,321362.39,104883.58,64873.22,9.48,Karnataka,0.901,1
20,SUPPLIER,2026-01-23,60927.03,61693.48,2026-01-30,2026-01-28,-2,4.76,530195.11,449384.12,62917.02,10.45,Tamil Nadu,0.495,-2
13,BUYER,2026-03-26,28878.29,28767.61,2026-04-02,,15,13.45,148929.89,123924.82,57241.38,4.16,Maharashtra,0.381,15
30,BUYER,2026-06-25,44892.85,45991.1,2026-07-02,2026-07-15,13,9.23,132691.88,318139.46,251453.67,14.86,Telangana,0.753,13
17,SUPPLIER,2026-04-14,70910.76,69570.62,2026-04-21,2026-04-22,1,0.0,163846.16,228194.43,96323.31,5.4,Maharashtra,0.93,1
25,SUPPLIER,2026-01-03,60619.1,61497.57,2026-02-02,,0,6.2,303595.19,88053.38,285600.58,9.54,Andhra Pradesh,0.411,0
38,SUPPLIER,2026-02-09,38075.17,38241.81,2026-02-24,,1,4.27,294321.62,104709.3,51930.65,4.26,Maharashtra,0.466,1
23,SUPPLIER,2026-03-25,11716.48,11535.17,2026-04-01,2026-04-02,1,0.3,78541.51,47387.21,21200.71,19.11,Karnataka,0.435,1
11,SUPPLIER,2026-02-09,49315.8,50433.93,2026-02-16,2026-02-17,1,4.63,377713.09,374367.99,73579.52,3.8,Andhra Pradesh,0.549,1
17,SUPPLIER,2026-03-27,26203.55,25675.58,2026-04-11,2026-04-11,0,2.41,157744.91,153766.74,69883.54,11.02,Maharashtra,0.653,0
22,SUPPLIER,2026-03-13,25088.04,24989.81,2026-03-20,,1,6.65,91114.89,39897.36,61127.7,10.56,Kerala,0.392,1
15,BUYER,2026-05-11,62765.27,60958.15,2026-05-26,2026-05-29,3,7.77,434154.89,412322.82,249060.52,13.65,Karnataka,0.79,3
37,SUPPLIER,2026-03-18,16384.16,16148.74,2026-03-25,,2,8.52,440795.48,101501.22,45055.73,4.82,Kerala,0.332,2
12,BUYER,2026-01-20,12398.76,12504.88,2026-02-04,2026-02-04,0,4.11,399495.66,35404.59,25591.9,16.08,Karnataka,0.615,0
7,BUYER,2026-06-23,50924.93,50160.4,2026-07-08,2026-07-06,-2,2.9,296740.06,246079.57,104346.16,3.07,Maharashtra,0.91,-2
26,SUPPLIER,2026-03-09,34660.64,33822.06,2026-03-16,2026-03-19,3,6.98,393834.93,82213.98,120770.24,5.95,Delhi,0.5,3
28,SUPPLIER,2026-02-25,56052.49,55875.19,2026-03-04,2026-03-02,-2,5.34,245700.06,70955.51,153451.24,18.85,Delhi,0.519,-2
15,BUYER,2026-03-09,16622.91,16571.51,2026-03-24,2026-04-01,8,7.14,411860.67,100696.66,30866.36,18.6,Karnataka,0.56,8
9,SUPPLIER,2026-04-24,69945.62,71914.12,2026-05-09,2026-05-08,-1,2.01,91808.0,89886.5,137041.81,19.01,Delhi,0.966,-1
13,BUYER,2026-01-28,7148.42,7331.05,2026-02-04,2026-02-14,10,12.72,155556.31,10508.33,28726.41,14.58,Maharashtra,0.431,10
4,BUYER,2026-04-29,19260.84,19010.69,2026-05-14,2026-06-07,24,3.06,323574.09,89139.54,43104.29,5.56,Karnataka,0.76,24
40,SUPPLIER,2026-04-23,78810.36,76684.11,2026-05-23,2026-05-29,6,3.77,205827.81,208959.67,240781.25,17.42,Kerala,0.841,6
13,BUYER,2026-01-09,21873.04,21348.47,2026-01-24,2026-01-29,5,12.06,157492.67,103696.6,96989.76,14.4,Maharashtra,0.372,5
4,BUYER,2026-03-16,21540.57,20896.67,2026-03-31,2026-03-29,-2,1.02,294742.17,93512.61,65356.46,8.2,Karnataka,0.361,-2
36,SUPPLIER,2026-05-24,16506.13,16841.22,2026-05-31,2026-05-29,-2,6.01,104190.68,40884.52,89037.47,17.0,Maharashtra,0.781,-2
16,BUYER,2026-05-26,30685.7,30066.21,2026-06-25,2026-07-18,23,7.04,155025.47,182961.89,37724.52,15.22,Maharashtra,0.886,23
37,SUPPLIER,2026-01-17,79755.67,80727.11,2026-01-24,,1,10.97,389604.44,452333.7,385681.85,12.06,Kerala,0.544,1
14,SUPPLIER,2026-01-27,31704.76,31529.34,2026-02-11,2026-02-10,-1,7.96,348136.75,100114.96,154722.02,14.54,Karnataka,0.624,-1
40,SUPPLIER,2026-01-13,10998.4,11219.13,2026-01-20,2026-01-20,0,2.48,164758.02,76207.92,25623.34,13.1,Kerala,0.404,0
37,SUPPLIER,2026-05-24,33714.59,33219.06,2026-05-31,,3,10.05,521558.61,160180.78,162625.72,4.03,Kerala,0.961,3
35,BUYER,2026-05-21,21167.21,21019.87,2026-06-05,2026-06-19,14,10.49,477513.23,37945.39,44510.28,3.9,Maharashtra,0.878,14
36,SUPPLIER,2026-05-05,26272.61,26458.76,2026-06-04,2026-06-02,-2,4.67,99152.77,134408.53,47183.92,7.92,Maharashtra,0.923,-2
33,BUYER,2026-02-24,14842.43,14502.55,2026-03-03,2026-03-01,-2,7.21,410470.77,83721.75,70747.18,16.53,Karnataka,0.379,-2
10,BUYER,2026-02-16,24207.22,23775.79,2026-02-23,,0,8.4,272134.05,104880.3,20920.31,7.19,Andhra Pradesh,0.447,0
39,SUPPLIER,2026-04-03,34389.81,34171.2,2026-05-03,2026-05-04,1,4.16,218476.83,224860.87,170500.33,9.58,Maharashtra,0.957,1
10,BUYER,2026-02-12,35203.62,35898.17,2026-02-27,2026-03-02,3,9.87,246818.68,213459.4,52226.41,13.5,Andhra Pradesh,0.447,3
14,SUPPLIER,2026-03-22,27824.98,27307.7,2026-03-29,,-1,9.21,376983.84,148948.41,96751.12,15.08,Karnataka,0.318,-1
35,BUYER,2026-02-10,7755.51,7743.54,2026-02-17,2026-02-19,2,6.8,460274.35,12677.91,39864.79,2.03,Maharashtra,0.495,2
29,BUYER,2026-03-02,26690.28,26368.43,2026-03-09,,1,0.15,328171.85,137106.22,79620.12,19.12,Andhra Pradesh,0.314,1
26,SUPPLIER,2026-05-25,21416.98,21128.95,2026-06-01,2026-06-01,0,3.77,310540.14,60468.74,109624.78,19.71,Delhi,0.922,0
25,SUPPLIER,2026-01-09,16714.04,16650.03,2026-01-24,,1,7.63,276199.27,63308.13,57298.56,10.04,Andhra Pradesh,0.676,1
28,SUPPLIER,2026-04-06,30569.08,29652.1,2026-04-13,,-2,4.3,288930.68,36970.62,22375.27,3.94,Delhi,0.88,-2
14,SUPPLIER,2026-04-16,7479.6,7451.3,2026-05-01,2026-04-30,-1,7.57,439019.98,46493.74,43453.66,9.21,Karnataka,0.989,-1
15,BUYER,2026-03-17,162044.87,164857.65,2026-03-24,2026-03-24,0,5.84,493829.18,863837.91,713031.68,13.5,Karnataka,0.355,0
37,SUPPLIER,2026-06-18,15089.71,15170.61,2026-06-25,2026-06-26,1,10.67,508829.19,57407.52,27519.49,18.93,Kerala,0.96,1
2,SUPPLIER,2026-03-26,112879.43,115453.14,2026-04-25,2026-04-25,0,4.1,432544.59,608286.08,192734.6,15.1,Kerala,0.31,0
1,SUPPLIER,2026-05-22,22746.74,22557.82,2026-06-06,2026-06-04,-2,1.98,108905.14,126141.3,93966.61,8.9,Andhra Pradesh,0.922,-2
33,BUYER,2026-05-09,86664.26,86972.57,2026-06-08,2026-06-10,2,6.83,398261.02,582156.23,277686.39,14.11,Karnataka,0.875,2
25,SUPPLIER,2026-01-11,63286.79,64230.02,2026-01-26,2026-02-19,24,6.34,250203.85,304748.88,69417.91,11.35,Andhra Pradesh,0.304,24
31,SUPPLIER,2026-05-31,44745.25,44330.54,2026-06-30,2026-06-30,0,0.5,81428.58,204777.52,46017.25,7.25,Delhi,0.816,0
32,SUPPLIER,2026-03-02,43076.5,42865.25,2026-03-17,2026-03-23,6,5.8,146526.77,140710.75,219272.82,18.87,Kerala,0.364,6
5,BUYER,2026-01-05,20413.71,20506.6,2026-01-12,,3,8.71,108153.29,75611.28,24282.18,9.7,Tamil Nadu,0.614,3
22,SUPPLIER,2026-02-12,52538.82,51142.68,2026-02-27,,1,7.95,98359.98,351454.64,90306.14,8.5,Kerala,0.618,1
27,SUPPLIER,2026-06-27,26200.34,25761.23,2026-07-04,2026-07-06,2,10.54,267919.11,97260.63,43941.55,5.12,Telangana,0.962,2
28,SUPPLIER,2026-01-10,25602.09,25160.94,2026-02-09,2026-02-07,-2,2.22,241465.31,40260.64,140617.26,5.63,Delhi,0.565,-2
9,SUPPLIER,2026-04-07,28964.32,29250.35,2026-05-07,2026-05-17,10,1.34,85946.48,224485.8,80310.07,4.51,Delhi,0.867,10
37,SUPPLIER,2026-02-19,12734.26,12540.9,2026-02-26,2026-02-26,0,9.98,399792.03,17863.84,10770.0,6.22,Kerala,0.311,0
35,BUYER,2026-02-03,30227.29,29887.26,2026-02-10,2026-02-27,17,7.18,445493.68,233071.7,72578.63,19.27,Maharashtra,0.695,17
34,BUYER,2026-01-18,46181.46,47340.34,2026-01-25,2026-02-01,7,7.12,153555.73,177197.7,76184.84,3.79,Andhra Pradesh,0.612,7
20,SUPPLIER,2026-04-23,33787.46,33210.26,2026-05-23,2026-05-21,-2,2.72,487215.8,178784.18,43571.8,16.32,Tamil Nadu,0.823,-2
24,SUPPLIER,2026-06-24,29411.94,30051.6,2026-07-01,2026-07-17,16,4.84,176356.53,201233.09,125697.9,7.97,Maharashtra,0.957,16
22,SUPPLIER,2026-03-11,14827.98,14568.95,2026-03-26,2026-03-24,-2,6.34,77288.79,49228.53,33645.83,17.38,Kerala,0.617,-2
16,BUYER,2026-03-16,52752.41,53937.78,2026-03-23,2026-03-23,0,6.69,143379.0,164948.46,184209.07,6.81,Maharashtra,0.57,0
2,SUPPLIER,2026-02-02,38272.89,37767.99,2026-03-04,,22,6.08,365851.28,151400.56,92003.28,13.37,Kerala,0.421,22
36,SUPPLIER,2026-04-22,77548.39,76734.75,2026-04-29,2026-04-29,0,6.93,86125.71,348092.83,431327.69,3.69,Maharashtra,0.817,0
23,SUPPLIER,2026-02-15,11230.15,11223.31,2026-03-02,2026-03-01,-1,1.97,81131.48,80075.87,61246.7,7.86,Karnataka,0.569,-1
26,SUPPLIER,2026-02-17,8499.57,8269.54,2026-03-04,2026-03-04,0,4.08,368847.99,30248.55,15803.09,3.09,Delhi,0.326,0
8,BUYER,2026-02-21,43794.19,42991.32,2026-02-28,2026-02-28,0,3.18,61731.01,57584.76,26051.22,5.89,Tamil Nadu,0.337,0
12,BUYER,2026-02-26,63385.18,63925.57,2026-03-28,2026-03-30,2,4.79,382075.87,291404.68,324513.56,15.04,Karnataka,0.617,2
40,SUPPLIER,2026-05-18,28881.09,29399.69,2026-06-17,2026-06-18,1,4.35,192492.97,183610.19,148931.05,6.6,Kerala,0.984,1
2,SUPPLIER,2026-04-01,51152.35,49910.37,2026-05-01,2026-04-30,-1,6.63,426846.56,136427.01,179235.18,14.87,Kerala,0.849,-1
35,BUYER,2026-02-13,50640.21,51409.21,2026-02-28,2026-03-04,4,9.0,514640.82,333709.05,226552.15,17.91,Maharashtra,0.529,4
29,BUYER,2026-02-14,17192.35,17070.57,2026-02-21,2026-03-06,13,0.56,323343.82,23226.25,12045.44,9.22,Andhra Pradesh,0.599,13
28,SUPPLIER,2026-02-15,28600.52,28323.99,2026-03-02,2026-02-28,-2,5.81,236718.78,195152.79,29985.06,11.29,Delhi,0.416,-2
17,SUPPLIER,2026-01-08,43778.37,43824.86,2026-01-15,2026-01-16,1,0.51,191030.91,336860.24,175749.56,8.58,Maharashtra,0.445,1
9,SUPPLIER,2026-05-02,24846.16,25121.71,2026-05-09,2026-05-10,1,0.38,98736.99,86653.18,25614.46,7.79,Delhi,0.732,1
2,SUPPLIER,2026-01-25,6173.06,6229.45,2026-02-01,2026-01-30,-2,5.18,478826.93,44893.47,18245.18,14.23,Kerala,0.435,-2
35,BUYER,2026-03-15,36581.56,36942.36,2026-03-30,2026-03-31,1,6.7,454066.26,96272.55,189492.08,3.61,Maharashtra,0.505,1
16,BUYER,2026-01-12,20291.45,20519.3,2026-01-19,2026-01-19,0,5.03,122166.23,72311.93,39894.9,2.57,Maharashtra,0.438,0
13,BUYER,2026-05-09,72880.56,72478.73,2026-05-24,2026-05-25,1,13.28,111926.7,243057.17,229147.03,17.68,Maharashtra,0.721,1
23,SUPPLIER,2026-05-26,22027.61,22500.12,2026-06-25,2026-06-23,-2,0.0,83793.44,78539.23,125961.94,11.35,Karnataka,0.76,-2
29,BUYER,2026-04-18,84828.55,83287.06,2026-04-25,2026-04-23,-2,0.38,264045.17,597834.64,161134.23,10.71,Andhra Pradesh,0.807,-2
11,SUPPLIER,2026-01-29,14812.21,14770.6,2026-02-28,2026-03-01,1,1.6,524954.64,40364.74,36766.29,18.64,Andhra Pradesh,0.336,1
31,SUPPLIER,2026-01-25,17153.78,17500.91,2026-02-01,2026-01-31,-1,1.36,101425.46,106123.55,35737.19,9.62,Delhi,0.485,-1
37,SUPPLIER,2026-03-14,50221.02,49240.06,2026-03-21,2026-03-19,-2,9.67,461141.15,401062.09,162178.2,11.65,Kerala,0.326,-2
21,BUYER,2026-06-06,14212.15,14251.69,2026-06-21,2026-06-22,1,7.36,391349.01,66591.01,65396.94,8.27,Tamil Nadu,0.875,1
5,BUYER,2026-01-21,43985.86,44015.07,2026-01-28,2026-01-27,-1,6.03,91846.14,261733.85,15106.62,10.49,Tamil Nadu,0.477,-1
4,BUYER,2026-04-25,50024.35,50406.81,2026-05-02,2026-05-01,-1,1.65,289024.93,314251.86,169729.37,8.14,Karnataka,0.817,-1
33,BUYER,2026-01-20,43211.8,42056.94,2026-02-19,2026-02-26,7,5.36,519304.61,124314.04,51083.17,2.17,Karnataka,0.311,7
39,SUPPLIER,2026-03-29,14737.83,14307.48,2026-04-05,2026-04-11,6,3.07,186391.43,86216.49,30859.96,7.19,Maharashtra,0.675,6
32,SUPPLIER,2026-05-24,13220.62,13530.99,2026-05-31,2026-06-01,1,6.56,141247.83,40459.16,27171.66,13.26,Kerala,0.905,1
18,SUPPLIER,2026-06-08,26448.3,26718.47,2026-06-23,,10,0.0,240560.14,119542.5,156851.3,3.55,Gujarat,0.828,10
30,BUYER,2026-05-12,46962.63,46687.71,2026-06-11,2026-06-09,-2,7.73,166250.14,29137.79,129603.12,4.22,Telangana,0.883,-2
7,BUYER,2026-01-28,38787.15,38849.69,2026-02-04,2026-03-06,30,3.28,268296.11,298882.45,83100.24,19.25,Maharashtra,0.319,30
31,SUPPLIER,2026-06-13,35434.6,35382.54,2026-07-13,2026-07-22,9,1.99,82091.29,118173.63,103729.22,3.49,Delhi,0.702,9
14,SUPPLIER,2026-01-21,10612.41,10669.84,2026-02-05,2026-02-06,1,8.59,421338.26,14003.83,50483.77,13.55,Karnataka,0.471,1
24,SUPPLIER,2026-05-26,61160.89,61335.33,2026-06-02,2026-06-04,2,8.67,193183.23,239425.1,360598.89,2.85,Maharashtra,0.902,2
1,SUPPLIER,2026-05-21,12734.91,12993.01,2026-05-28,2026-06-21,24,2.34,113599.9,67733.07,56586.27,19.26,Andhra Pradesh,0.8,24
28,SUPPLIER,2026-03-05,37889.0,37387.27,2026-03-12,2026-03-12,0,4.26,224828.83,184344.35,161545.4,6.8,Delhi,0.525,0
4,BUYER,2026-03-09,49579.27,48530.32,2026-04-08,2026-04-09,1,4.0,303697.54,130169.23,125773.36,13.62,Karnataka,0.518,1
29,BUYER,2026-03-21,132294.78,131634.61,2026-04-05,2026-04-03,-2,0.99,227877.33,697365.45,89038.17,3.06,Andhra Pradesh,0.334,-2
38,SUPPLIER,2026-02-16,26000.52,25927.62,2026-03-03,2026-03-10,7,3.31,322285.63,201978.11,74178.73,16.54,Maharashtra,0.652,7
34,BUYER,2026-06-16,33926.58,32940.63,2026-06-23,2026-06-23,0,8.06,121197.08,111355.52,146665.78,3.58,Andhra Pradesh,0.841,0
34,BUYER,2026-05-18,15644.14,15927.73,2026-06-02,2026-05-31,-2,7.31,157811.69,13819.06,78815.6,9.28,Andhra Pradesh,0.915,-2
13,BUYER,2026-04-21,16631.76,16722.62,2026-04-28,2026-04-28,0,11.31,157500.91,45512.32,94511.7,7.55,Maharashtra,0.927,0
15,BUYER,2026-03-20,16510.0,16291.96,2026-04-19,2026-04-17,-2,4.68,386001.36,37862.66,89040.08,16.54,Karnataka,0.321,-2
22,SUPPLIER,2026-04-19,56495.28,57777.01,2026-05-04,2026-05-08,4,9.2,96742.85,426622.87,252953.98,18.58,Kerala,0.779,4
8,BUYER,2026-01-11,42182.75,43223.3,2026-02-10,2026-02-09,-1,6.2,65090.31,156640.73,67574.49,14.35,Tamil Nadu,0.6,-1
26,SUPPLIER,2026-03-22,9317.95,9571.38,2026-03-29,2026-03-27,-2,2.46,430924.55,51146.37,28802.69,2.59,Delhi,0.688,-2
23,SUPPLIER,2026-02-13,24031.46,24696.53,2026-02-20,2026-02-22,2,0.25,87150.87,110779.89,18342.54,11.81,Karnataka,0.36,2
29,BUYER,2026-03-18,35766.37,35735.55,2026-04-02,,8,0.48,272929.66,190716.63,112009.13,8.87,Andhra Pradesh,0.684,8
22,SUPPLIER,2026-02-04,11617.6,11498.61,2026-02-11,2026-03-10,27,9.0,96479.37,36044.72,24865.27,19.14,Kerala,0.571,27
36,SUPPLIER,2026-02-06,24906.9,25427.2,2026-02-21,2026-02-20,-1,6.33,95711.41,148514.89,106131.04,14.29,Maharashtra,0.304,-1
3,BUYER,2026-01-06,60978.96,60378.0,2026-02-05,2026-02-04,-1,2.22,157787.02,134486.02,242896.08,15.15,Gujarat,0.477,-1
5,BUYER,2026-06-08,11438.19,11540.17,2026-07-08,2026-07-09,1,8.44,93254.86,52735.55,62926.25,18.9,Tamil Nadu,0.734,1
36,SUPPLIER,2026-02-20,15024.51,14927.14,2026-03-07,2026-03-10,3,4.3,110159.79,42175.09,14620.88,9.0,Maharashtra,0.552,3
32,SUPPLIER,2026-04-05,30640.88,29845.78,2026-04-12,,7,6.5,145973.89,103194.3,94042.29,5.33,Kerala,0.919,7
30,BUYER,2026-03-03,16173.15,16071.96,2026-03-18,2026-03-17,-1,6.49,137274.95,90691.56,61461.52,11.68,Telangana,0.582,-1
13,BUYER,2026-02-27,40184.68,40988.15,2026-03-06,,1,12.47,147885.95,185040.37,51044.38,2.57,Maharashtra,0.325,1
28,SUPPLIER,2026-02-13,14782.15,14555.59,2026-02-20,2026-02-19,-1,7.73,289704.3,23662.23,21259.62,9.27,Delhi,0.504,-1
9,SUPPLIER,2026-02-11,27203.04,27260.67,2026-02-26,2026-02-27,1,0.13,88452.94,116171.64,126046.6,17.18,Delhi,0.623,1
31,SUPPLIER,2026-06-11,33444.13,32449.49,2026-07-11,2026-07-17,6,0.0,96936.87,150612.16,137974.41,4.03,Delhi,0.709,6
24,SUPPLIER,2026-03-25,20401.22,20752.18,2026-04-24,,7,8.54,209331.03,131102.49,107443.48,16.58,Maharashtra,0.602,7
18,SUPPLIER,2026-01-22,32007.13,32935.4,2026-01-29,2026-01-29,0,0.0,204699.55,209529.32,79799.49,19.76,Gujarat,0.557,0
26,SUPPLIER,2026-02-23,19973.59,20425.15,2026-03-02,2026-03-03,1,6.47,433945.8,77779.0,81756.06,17.84,Delhi,0.359,1
11,SUPPLIER,2026-04-22,18435.81,18004.4,2026-05-07,2026-05-06,-1,6.34,411335.57,49505.57,47948.03,4.56,Andhra Pradesh,0.826,-1
27,SUPPLIER,2026-05-19,25082.6,24577.89,2026-05-26,2026-05-27,1,9.51,222748.45,26078.49,142151.82,17.76,Telangana,0.766,1
22,SUPPLIER,2026-01-04,6001.65,5958.08,2026-01-11,2026-01-11,0,5.76,96943.87,32441.53,34792.13,13.62,Kerala,0.399,0
10,BUYER,2026-01-30,44010.18,44152.38,2026-02-06,2026-02-08,2,8.69,216503.54,70954.18,86839.88,8.38,Andhra Pradesh,0.337,2
16,BUYER,2026-03-12,17740.0,17451.05,2026-04-11,2026-04-13,2,8.33,117266.54,95149.67,31299.17,11.46,Maharashtra,0.345,2
38,SUPPLIER,2026-05-05,32893.31,32808.63,2026-05-20,2026-05-19,-1,3.69,292759.04,124364.87,154462.2,12.95,Maharashtra,0.913,-1
5,BUYER,2026-02-15,41113.19,40588.42,2026-02-22,,29,2.61,130854.41,88353.33,109344.86,19.24,Tamil Nadu,0.375,29
38,SUPPLIER,2026-04-24,28376.41,27806.45,2026-05-01,2026-05-12,11,3.3,243480.23,226180.33,40525.43,12.19,Maharashtra,0.749,11
22,SUPPLIER,2026-05-16,38609.74,38582.78,2026-06-15,2026-06-16,1,8.88,81049.46,215930.62,136137.18,9.22,Kerala,0.719,1
22,SUPPLIER,2026-03-15,9595.48,9439.61,2026-03-30,2026-03-30,0,6.97,66715.28,47398.55,37193.16,9.7,Kerala,0.57,0
38,SUPPLIER,2026-04-07,10426.87,10411.31,2026-05-07,2026-05-07,0,0.44,250237.71,63795.19,40100.44,17.4,Maharashtra,0.786,0
15,BUYER,2026-05-24,8452.58,8629.45,2026-06-08,,1,4.23,403648.53,61407.65,11706.82,18.52,Karnataka,0.745,1
33,BUYER,2026-04-17,41253.66,42003.78,2026-05-17,2026-05-20,3,7.83,446462.23,77827.5,67827.6,3.84,Karnataka,0.789,3
23,SUPPLIER,2026-06-03,20120.12,20002.32,2026-06-18,2026-06-25,7,0.0,70446.56,132939.48,96587.63,19.1,Karnataka,0.826,7
35,BUYER,2026-05-29,7975.86,7756.83,2026-06-05,,0,5.88,445915.95,59431.22,28335.11,2.3,Maharashtra,0.853,0
34,BUYER,2026-01-19,37745.36,38144.14,2026-01-26,2026-01-27,1,5.7,109721.03,167366.02,45462.08,12.23,Andhra Pradesh,0.631,1
11,SUPPLIER,2026-06-04,14580.67,15008.27,2026-06-11,2026-06-09,-2,3.43,470266.68,65722.13,79290.61,3.93,Andhra Pradesh,0.942,-2
15,BUYER,2026-06-12,72517.22,71413.26,2026-06-27,2026-06-25,-2,4.03,532099.39,355012.66,337985.08,9.35,Karnataka,0.851,-2
18,SUPPLIER,2026-03-01,37311.04,36332.81,2026-03-31,,0,3.41,212311.63,123271.96,207258.66,8.14,Gujarat,0.371,0
16,BUYER,2026-01-03,27146.63,26387.95,2026-01-10,2026-01-09,-1,6.81,126722.75,151761.9,107649.14,4.78,Maharashtra,0.588,-1
26,SUPPLIER,2026-01-01,47754.18,46584.67,2026-01-08,,1,5.19,309514.89,314110.6,40603.04,15.92,Delhi,0.644,1
3,BUYER,2026-03-18,89173.62,88141.84,2026-03-25,2026-04-02,8,4.18,155280.49,227067.9,161377.52,9.31,Gujarat,0.408,8
21,BUYER,2026-06-08,18552.53,18666.75,2026-06-15,2026-06-13,-2,5.04,443940.26,37469.88,52751.61,2.19,Tamil Nadu,0.943,-2
38,SUPPLIER,2026-05-04,6569.23,6422.21,2026-05-11,2026-05-09,-2,5.52,254248.72,15793.92,21543.18,6.36,Maharashtra,0.963,-2
35,BUYER,2026-01-26,124729.11,126585.61,2026-02-02,,0,10.49,408802.78,297744.78,248436.83,8.34,Maharashtra,0.383,0
27,SUPPLIER,2026-01-18,23889.78,24402.48,2026-02-02,2026-02-05,3,8.82,262843.21,170849.85,58715.32,13.73,Telangana,0.588,3
37,SUPPLIER,2026-02-26,9868.77,9986.68,2026-03-28,2026-03-27,-1,5.35,454542.15,68137.49,12753.24,2.94,Kerala,0.326,-1
10,BUYER,2026-01-28,99667.86,100632.03,2026-02-04,2026-02-04,0,6.68,259024.98,80556.22,502240.54,8.4,Andhra Pradesh,0.344,0
19,BUYER,2026-04-04,30246.33,30530.93,2026-05-04,2026-05-05,1,0.0,350469.97,44315.01,160805.45,14.94,Andhra Pradesh,0.966,1
40,SUPPLIER,2026-06-02,108983.63,110990.51,2026-06-17,2026-06-18,1,4.56,188869.51,77753.89,416041.66,16.09,Kerala,0.848,1
19,BUYER,2026-04-12,22529.33,22707.27,2026-05-12,2026-05-13,1,1.22,377145.64,30785.51,29620.88,16.59,Andhra Pradesh,0.906,1
24,SUPPLIER,2026-06-07,67140.66,66525.42,2026-07-07,2026-07-09,2,8.95,203711.52,472051.78,282222.11,12.33,Maharashtra,0.837,2
11,SUPPLIER,2026-03-10,16111.98,15664.66,2026-03-25,2026-03-26,1,1.45,489477.67,33134.33,58217.16,2.19,Andhra Pradesh,0.439,1
13,BUYER,2026-01-10,34006.67,33425.24,2026-01-25,2026-01-26,1,12.01,131413.65,71091.14,166676.96,3.91,Maharashtra,0.571,1
4,BUYER,2026-04-01,49380.68,48533.97,2026-05-01,2026-04-29,-2,4.37,255621.94,216919.48,27769.13,16.15,Karnataka,0.711,-2
11,SUPPLIER,2026-01-22,36396.52,36545.81,2026-01-29,2026-01-29,0,2.74,373572.63,202008.25,110696.29,11.03,Andhra Pradesh,0.477,0
14,SUPPLIER,2026-03-03,18200.01,18670.52,2026-03-10,2026-03-17,7,10.58,334840.92,119124.0,20322.15,7.51,Karnataka,0.613,7
6,BUYER,2026-01-22,94938.72,93853.26,2026-01-29,,1,0.0,239055.68,101027.41,521692.6,2.6,Andhra Pradesh,0.518,1
4,BUYER,2026-03-05,46460.25,47666.02,2026-04-04,2026-04-05,1,0.87,294527.91,259276.75,26563.06,16.66,Karnataka,0.667,1
2,SUPPLIER,2026-05-20,28994.31,29416.24,2026-05-27,2026-05-28,1,8.88,368693.38,77863.09,43977.66,19.13,Kerala,0.993,1
36,SUPPLIER,2026-01-24,8234.12,8416.68,2026-02-08,,-1,6.02,95812.97,56051.95,14274.83,16.66,Maharashtra,0.528,-1
37,SUPPLIER,2026-03-03,52672.55,52735.54,2026-03-10,2026-03-12,2,8.13,420944.44,338086.17,160325.01,6.97,Kerala,0.604,2
13,BUYER,2026-05-21,38231.67,39201.99,2026-05-28,2026-06-01,4,12.15,116781.22,294123.51,125788.27,14.08,Maharashtra,0.818,4
6,BUYER,2026-02-04,8217.35,8156.57,2026-03-06,2026-03-05,-1,0.0,235725.31,28758.7,20066.44,2.79,Andhra Pradesh,0.376,-1
7,BUYER,2026-01-04,41701.9,42400.16,2026-01-11,2026-01-20,9,3.92,285111.29,215217.72,156752.73,2.52,Maharashtra,0.53,9
5,BUYER,2026-04-03,22702.0,22857.19,2026-05-03,,6,8.57,126377.73,35602.3,19800.48,14.66,Tamil Nadu,0.81,6
6,BUYER,2026-02-07,5773.95,5793.39,2026-02-14,2026-02-13,-1,2.41,247389.57,30083.45,24893.92,8.41,Andhra Pradesh,0.555,-1
10,BUYER,2026-06-27,39252.35,38885.05,2026-07-12,,-2,6.41,283097.93,25767.38,92441.59,5.15,Andhra Pradesh,0.814,-2
19,BUYER,2026-03-26,37254.07,37472.97,2026-04-02,,1,0.07,460371.38,136770.57,110833.43,2.95,Andhra Pradesh,0.671,1
21,BUYER,2026-03-02,55835.68,55233.38,2026-03-09,2026-03-11,2,8.95,389472.48,252994.66,249348.31,4.86,Tamil Nadu,0.3,2
4,BUYER,2026-01-28,43687.12,42792.38,2026-02-27,2026-02-27,0,0.92,297481.15,320990.27,247589.38,8.72,Karnataka,0.356,0
8,BUYER,2026-01-30,20209.14,19705.69,2026-02-14,2026-02-14,0,5.55,80622.06,13779.51,100508.87,19.25,Tamil Nadu,0.591,0
11,SUPPLIER,2026-01-20,41874.06,42871.46,2026-02-04,2026-02-02,-2,0.72,443145.66,332494.62,142656.84,9.59,Andhra Pradesh,0.613,-2
18,SUPPLIER,2026-04-26,27293.75,27647.79,2026-05-03,2026-05-02,-1,0.0,229064.75,29500.55,116961.05,8.97,Gujarat,0.758,-1
25,SUPPLIER,2026-02-16,14793.09,15097.34,2026-02-23,2026-02-23,0,9.7,219709.76,85763.28,76442.79,16.49,Andhra Pradesh,0.332,0
4,BUYER,2026-01-16,24644.28,24333.89,2026-02-15,,1,0.95,243319.17,60143.82,112013.19,14.86,Karnataka,0.371,1
23,SUPPLIER,2026-02-19,13389.0,13176.17,2026-03-21,2026-04-16,26,0.0,69001.03,36093.31,60438.62,4.19,Karnataka,0.338,26
28,SUPPLIER,2026-04-04,33460.92,34130.99,2026-04-19,2026-04-17,-2,4.15,263918.53,77926.58,142866.58,9.87,Delhi,0.714,-2
29,BUYER,2026-06-23,28217.26,28774.15,2026-06-30,2026-06-28,-2,0.6,314602.52,121285.74,20212.17,17.13,Andhra Pradesh,0.809,-2
16,BUYER,2026-05-05,70908.26,69200.25,2026-05-12,2026-05-13,1,3.92,137351.59,167985.75,331729.23,19.58,Maharashtra,0.941,1
19,BUYER,2026-06-08,56697.08,55827.59,2026-06-15,2026-06-14,-1,0.88,443798.33,203324.48,296118.06,12.16,Andhra Pradesh,0.919,-1
14,SUPPLIER,2026-03-12,55661.53,55502.21,2026-03-19,2026-03-17,-2,7.73,425405.22,206984.43,114533.76,19.97,Karnataka,0.382,-2
5,BUYER,2026-03-28,26978.81,27441.65,2026-04-12,,1,9.02,115957.54,80962.5,118493.74,8.91,Tamil Nadu,0.36,1
9,SUPPLIER,2026-05-01,26376.39,26917.44,2026-05-08,2026-05-07,-1,4.3,103137.04,139840.73,146592.98,15.2,Delhi,0.742,-1
25,SUPPLIER,2026-03-29,34525.46,35518.99,2026-04-05,2026-04-27,22,5.0,310319.11,100244.35,113758.47,6.79,Andhra Pradesh,0.675,22
19,BUYER,2026-02-06,19312.47,19356.85,2026-02-13,,-2,1.05,451399.19,83885.9,84787.19,14.48,Andhra Pradesh,0.556,-2
10,BUYER,2026-04-29,41529.1,40439.99,2026-05-14,2026-05-14,0,6.77,201543.87,119295.12,241463.47,10.23,Andhra Pradesh,0.732,0
15,BUYER,2026-02-13,11965.49,11989.72,2026-02-28,2026-02-26,-2,6.57,524090.53,64074.75,20530.15,13.48,Karnataka,0.464,-2
37,SUPPLIER,2026-01-03,28730.74,29308.61,2026-01-18,2026-01-16,-2,7.54,510993.41,176358.64,134725.56,4.88,Kerala,0.635,-2
10,BUYER,2026-03-26,11857.86,12164.88,2026-04-02,2026-04-12,10,8.28,277426.27,18008.42,22749.66,14.07,Andhra Pradesh,0.617,10
4,BUYER,2026-06-15,40308.18,40586.45,2026-07-15,2026-07-14,-1,2.38,269430.19,265466.44,236301.38,13.6,Karnataka,0.932,-1
6,BUYER,2026-05-05,27259.94,26825.98,2026-06-04,2026-06-04,0,0.0,224933.52,150243.51,107337.61,9.2,Andhra Pradesh,0.951,0
14,SUPPLIER,2026-04-12,36694.35,36833.77,2026-04-19,2026-04-22,3,9.52,417097.1,22553.08,96609.93,17.47,Karnataka,0.741,3
19,BUYER,2026-02-28,12486.53,12251.09,2026-03-07,2026-03-08,1,0.0,486857.58,33557.55,61630.76,15.43,Andhra Pradesh,0.489,1
17,SUPPLIER,2026-02-04,10138.42,10007.42,2026-02-11,2026-02-12,1,0.47,193965.72,63361.68,18729.85,16.25,Maharashtra,0.395,1
28,SUPPLIER,2026-06-12,15144.34,14955.4,2026-07-12,2026-07-30,18,3.64,235807.96,87033.68,60101.76,12.73,Delhi,0.907,18
15,BUYER,2026-06-29,16833.92,16702.2,2026-07-14,2026-07-18,4,7.04,382750.65,131052.61,59990.97,13.33,Karnataka,0.72,4
17,SUPPLIER,2026-06-28,54901.68,53463.54,2026-07-13,2026-07-22,9,1.42,194314.43,255720.51,305254.6,6.18,Maharashtra,0.954,9
10,BUYER,2026-02-15,24097.6,24196.27,2026-03-02,,-2,6.96,294110.25,63860.83,26302.32,9.32,Andhra Pradesh,0.415,-2
15,BUYER,2026-03-01,8232.65,8164.47,2026-03-31,2026-03-29,-2,8.82,441364.8,18608.18,38041.81,11.28,Karnataka,0.301,-2
31,SUPPLIER,2026-06-25,10691.82,10734.03,2026-07-10,,-1,0.31,74568.77,61204.91,23261.22,17.19,Delhi,0.88,-1
5,BUYER,2026-05-16,15462.09,15469.29,2026-06-15,2026-06-16,1,10.56,134681.5,67366.86,57212.73,4.75,Tamil Nadu,0.917,1
32,SUPPLIER,2026-05-31,11291.59,11081.66,2026-06-15,2026-07-03,18,6.05,98527.2,86551.13,11552.14,12.59,Kerala,0.77,18
33,BUYER,2026-04-19,65177.58,66349.83,2026-05-04,2026-05-03,-1,4.23,358247.11,192713.7,329886.29,7.1,Karnataka,0.703,-1
15,BUYER,2026-02-06,38954.38,39462.54,2026-02-21,2026-02-22,1,7.03,520945.84,107681.46,138718.1,7.24,Karnataka,0.45,1
19,BUYER,2026-04-19,21727.06,21503.88,2026-05-19,,-2,0.4,341673.11,97177.24,70789.5,19.03,Andhra Pradesh,0.877,-2
40,SUPPLIER,2026-04-10,29540.06,29742.64,2026-05-10,2026-05-09,-1,5.04,227571.1,168069.48,13228.51,8.46,Kerala,0.794,-1
37,SUPPLIER,2026-04-12,36366.49,36243.11,2026-04-27,2026-05-03,6,9.42,396910.24,263470.65,63571.08,5.69,Kerala,0.78,6
16,BUYER,2026-02-17,25420.08,26030.19,2026-02-24,,16,8.61,163686.65,48504.51,110236.7,16.66,Maharashtra,0.677,16
31,SUPPLIER,2026-02-16,19695.17,19533.78,2026-03-18,2026-03-27,9,3.67,75622.62,45686.49,75288.46,15.29,Delhi,0.4,9
40,SUPPLIER,2026-02-18,24794.09,24845.61,2026-03-05,2026-03-06,1,1.29,190104.7,193671.42,93124.19,7.64,Kerala,0.527,1
1,SUPPLIER,2026-06-25,26034.02,25313.56,2026-07-10,2026-07-11,1,2.33,118731.8,25108.8,81527.12,8.92,Andhra Pradesh,0.777,1
40,SUPPLIER,2026-06-12,15556.8,15138.3,2026-07-12,2026-07-10,-2,6.3,233817.6,77846.64,28482.92,11.77,Kerala,0.763,-2
8,BUYER,2026-03-31,12218.55,12240.09,2026-04-15,,-2,5.55,81588.96,23803.13,63630.65,2.47,Tamil Nadu,0.375,-2
19,BUYER,2026-03-30,22201.99,21692.13,2026-04-29,2026-04-27,-2,0.0,492008.34,134740.84,113224.52,11.96,Andhra Pradesh,0.607,-2
26,SUPPLIER,2026-05-24,14516.66,14879.52,2026-06-23,2026-06-30,7,5.29,418303.41,10588.79,65129.56,19.35,Delhi,0.964,7
6,BUYER,2026-01-10,27780.0,27578.37,2026-02-09,2026-02-08,-1,0.0,211079.53,33410.48,80541.29,14.84,Andhra Pradesh,0.311,-1
18,SUPPLIER,2026-02-13,48424.29,47634.7,2026-02-20,2026-02-21,1,0.41,202249.4,319283.06,44160.68,13.28,Gujarat,0.347,1
38,SUPPLIER,2026-01-26,17504.13,17710.3,2026-02-02,2026-01-31,-2,5.61,296194.08,139911.47,86162.53,12.14,Maharashtra,0.681,-2
37,SUPPLIER,2026-02-15,46374.74,46062.14,2026-03-17,2026-03-27,10,7.0,444812.33,319779.14,40145.21,15.21,Kerala,0.345,10
30,BUYER,2026-05-26,18301.21,18537.53,2026-06-02,2026-06-24,22,10.18,157907.95,145185.87,22396.43,16.95,Telangana,0.873,22
24,SUPPLIER,2026-02-17,17353.42,17537.31,2026-03-04,2026-03-02,-2,7.65,157611.23,22116.52,49495.45,4.28,Maharashtra,0.624,-2
38,SUPPLIER,2026-03-10,20925.11,20945.73,2026-04-09,2026-04-22,13,4.61,305919.09,30992.22,48259.05,3.31,Maharashtra,0.699,13
11,SUPPLIER,2026-05-31,14979.18,14599.78,2026-06-07,2026-06-08,1,4.43,446864.44,117190.98,41939.19,3.23,Andhra Pradesh,0.992,1
17,SUPPLIER,2026-04-23,33481.92,34352.47,2026-04-30,2026-05-01,1,2.28,178388.3,49348.92,134075.5,11.62,Maharashtra,0.767,1
35,BUYER,2026-04-14,29272.92,28896.26,2026-05-14,2026-05-18,4,9.23,482158.5,187261.11,16198.88,12.47,Maharashtra,0.904,4
4,BUYER,2026-03-05,17882.7,17348.5,2026-03-12,,0,3.56,229086.06,13781.54,30984.14,4.59,Karnataka,0.571,0
31,SUPPLIER,2026-03-12,13840.84,14193.58,2026-03-19,2026-03-25,6,1.72,71915.37,29668.28,20977.29,15.06,Delhi,0.486,6
22,SUPPLIER,2026-03-01,20278.86,19971.25,2026-03-08,2026-03-09,1,8.1,83472.51,69804.5,47094.87,2.24,Kerala,0.436,1
17,SUPPLIER,2026-05-22,43248.06,42014.06,2026-06-06,2026-06-04,-2,0.0,144651.35,24263.53,152303.92,3.44,Maharashtra,0.978,-2
21,BUYER,2026-01-24,25680.94,25825.35,2026-02-23,2026-02-26,3,10.53,370249.06,192872.02,117882.35,7.54,Tamil Nadu,0.567,3
39,SUPPLIER,2026-06-23,13276.96,13539.07,2026-07-08,2026-07-06,-2,3.55,217348.74,73893.54,28210.24,10.96,Maharashtra,0.854,-2
3,BUYER,2026-05-17,39768.2,40936.31,2026-06-01,2026-06-22,21,3.66,157408.29,130049.07,171432.81,5.52,Gujarat,0.725,21
38,SUPPLIER,2026-02-14,9744.01,9748.01,2026-03-16,2026-03-16,0,5.22,323907.45,26607.48,15640.66,13.43,Maharashtra,0.3,0
34,BUYER,2026-01-17,27585.52,27922.57,2026-02-16,2026-02-17,1,9.59,110340.49,196533.3,60791.32,17.74,Andhra Pradesh,0.355,1
36,SUPPLIER,2026-04-30,71539.91,69836.31,2026-05-07,2026-05-07,0,6.36,96738.14,10557.5,278082.95,18.83,Maharashtra,0.702,0
31,SUPPLIER,2026-05-31,65042.07,63570.51,2026-06-07,2026-06-05,-2,2.33,82759.22,20345.36,102909.18,15.27,Delhi,0.944,-2
33,BUYER,2026-01-23,23736.97,23987.53,2026-01-30,2026-01-31,1,5.95,395183.02,16754.88,22697.04,2.26,Karnataka,0.382,1
25,SUPPLIER,2026-05-04,65026.11,64497.24,2026-05-19,2026-05-20,1,7.09,246688.33,258645.32,13122.36,12.7,Andhra Pradesh,0.962,1
17,SUPPLIER,2026-03-06,14426.41,14615.76,2026-03-21,2026-03-19,-2,0.25,149787.27,32602.84,82266.42,16.77,Maharashtra,0.645,-2
26,SUPPLIER,2026-02-17,7397.6,7553.47,2026-02-24,2026-02-23,-1,9.64,408003.83,22051.82,15892.77,2.34,Delhi,0.691,-1
40,SUPPLIER,2026-01-15,86602.42,84635.9,2026-01-22,,-2,2.85,166258.29,463779.76,204349.41,9.58,Kerala,0.44,-2
29,BUYER,2026-04-08,31802.62,31037.05,2026-04-15,2026-04-20,5,0.86,262760.55,13128.75,170333.23,9.19,Andhra Pradesh,0.788,5
7,BUYER,2026-03-07,31355.03,30804.09,2026-03-22,2026-03-22,0,2.52,320633.72,44211.6,179719.91,17.25,Maharashtra,0.442,0
9,SUPPLIER,2026-03-19,14217.38,14302.01,2026-04-18,2026-04-16,-2,3.43,76888.02,29229.0,22810.84,11.61,Delhi,0.537,-2
37,SUPPLIER,2026-01-24,21944.99,22089.19,2026-01-31,,30,9.87,385776.72,69946.89,115297.75,7.1,Kerala,0.45,30
19,BUYER,2026-03-20,22408.47,22826.55,2026-03-27,2026-04-04,8,1.08,465646.66,164848.93,18225.46,4.3,Andhra Pradesh,0.331,8
28,SUPPLIER,2026-01-25,13199.79,12933.1,2026-02-01,2026-01-30,-2,4.71,262753.27,59120.5,37367.17,15.0,Delhi,0.453,-2
11,SUPPLIER,2026-05-11,40714.41,40410.91,2026-05-26,2026-05-27,1,2.2,398947.48,238732.23,68124.25,17.27,Andhra Pradesh,0.767,1
33,BUYER,2026-04-15,13134.37,13009.1,2026-04-22,,15,5.21,396805.46,19223.95,44467.15,17.98,Karnataka,0.72,15
28,SUPPLIER,2026-02-20,11497.38,11703.73,2026-03-07,2026-03-09,2,4.36,220423.44,72132.35,54399.34,15.98,Delhi,0.621,2
3,BUYER,2026-01-01,20121.75,19605.52,2026-01-08,2026-01-16,8,3.87,113518.52,87679.98,46905.32,14.72,Gujarat,0.542,8
1,SUPPLIER,2026-01-30,27859.35,27312.9,2026-02-14,2026-02-12,-2,0.0,96562.64,134053.2,66773.07,3.11,Andhra Pradesh,0.605,-2
22,SUPPLIER,2026-01-26,140315.59,137160.4,2026-02-25,2026-02-26,1,5.22,68392.98,457226.59,172210.97,17.02,Kerala,0.354,1
20,SUPPLIER,2026-05-15,16491.69,16425.13,2026-05-22,2026-05-30,8,4.6,533355.91,79377.9,52636.46,15.24,Tamil Nadu,0.802,8
17,SUPPLIER,2026-04-16,44382.83,43084.72,2026-05-01,2026-05-27,26,3.97,156837.44,279615.57,261515.38,2.74,Maharashtra,0.8,26
31,SUPPLIER,2026-06-17,26567.37,25940.72,2026-07-17,2026-07-31,14,2.86,81543.85,37301.28,142463.31,8.36,Delhi,0.854,14
24,SUPPLIER,2026-01-01,33375.38,32895.33,2026-01-31,2026-02-03,3,8.08,179456.49,90192.16,39385.1,5.49,Maharashtra,0.499,3
6,BUYER,2026-01-02,33452.62,34243.89,2026-01-09,2026-01-19,10,0.86,178934.45,234386.76,150270.06,6.28,Andhra Pradesh,0.454,10
29,BUYER,2026-04-24,17228.81,17724.28,2026-05-01,2026-04-30,-1,0.81,286402.49,84074.14,32652.88,13.31,Andhra Pradesh,0.878,-1
27,SUPPLIER,2026-04-20,43627.03,42969.38,2026-05-05,2026-05-06,1,6.96,248232.73,225854.72,71673.79,9.2,Telangana,0.749,1
19,BUYER,2026-06-25,33405.28,33269.12,2026-07-25,2026-08-17,23,3.0,427250.99,50647.62,123804.35,6.3,Andhra Pradesh,0.967,23
9,SUPPLIER,2026-02-27,16514.98,16359.26,2026-03-06,2026-03-14,8,3.17,92901.47,92852.42,22498.72,3.7,Delhi,0.391,8
31,SUPPLIER,2026-05-08,45611.34,44708.96,2026-05-15,2026-05-27,12,0.85,93335.35,123158.73,170430.2,11.64,Delhi,0.897,12
39,SUPPLIER,2026-02-27,30989.42,31308.35,2026-03-14,2026-03-12,-2,1.39,236609.55,88899.62,28065.68,2.47,Maharashtra,0.356,-2
5,BUYER,2026-03-19,18390.35,18202.48,2026-03-26,2026-03-27,1,8.13,105490.83,129628.56,49690.44,11.2,Tamil Nadu,0.483,1
2,SUPPLIER,2026-06-18,41968.97,41712.42,2026-06-25,2026-06-23,-2,3.2,461569.8,243865.77,232036.85,2.3,Kerala,0.911,-2
22,SUPPLIER,2026-04-30,12493.02,12399.12,2026-05-15,2026-06-02,18,4.67,70665.22,94756.02,61046.74,9.83,Kerala,0.837,18
23,SUPPLIER,2026-01-26,28676.03,29288.76,2026-02-10,,-2,1.56,86350.63,101254.67,49593.15,14.05,Karnataka,0.695,-2
14,SUPPLIER,2026-01-16,42283.21,42435.06,2026-02-15,,3,9.16,345103.12,158943.43,172543.67,7.93,Karnataka,0.581,3
38,SUPPLIER,2026-05-28,23368.03,23461.9,2026-06-04,2026-06-07,3,4.41,268370.43,12797.77,32158.81,5.93,Maharashtra,0.726,3
37,SUPPLIER,2026-05-09,25128.7,25036.98,2026-05-24,2026-05-26,2,8.15,416679.0,74888.31,40935.47,8.51,Kerala,0.935,2
5,BUYER,2026-03-21,36849.94,36191.19,2026-04-05,2026-04-14,9,10.28,97647.59,86799.11,62532.74,3.23,Tamil Nadu,0.685,9
39,SUPPLIER,2026-05-29,23781.15,23092.01,2026-06-05,2026-06-06,1,5.01,187101.6,130569.83,58638.69,15.66,Maharashtra,0.732,1
1,SUPPLIER,2026-02-14,99071.19,97285.01,2026-02-21,2026-02-19,-2,1.4,110687.21,505273.2,85853.12,17.33,Andhra Pradesh,0.415,-2
37,SUPPLIER,2026-02-28,52978.25,54035.76,2026-03-07,2026-03-09,2,8.08,354365.69,41865.54,40222.47,4.53,Kerala,0.472,2
15,BUYER,2026-02-12,26138.25,26856.27,2026-02-27,2026-02-26,-1,4.56,448342.12,112648.97,25649.22,4.0,Karnataka,0.581,-1
5,BUYER,2026-01-28,23196.71,22834.6,2026-02-27,2026-02-25,-2,7.67,107165.41,75893.18,28708.53,13.74,Tamil Nadu,0.487,-2
23,SUPPLIER,2026-06-18,30855.79,30676.23,2026-06-25,,14,2.45,90284.32,136879.39,36078.42,18.6,Karnataka,0.985,14
21,BUYER,2026-06-13,34094.7,33174.64,2026-06-20,2026-06-23,3,4.19,321201.37,138325.55,73961.35,12.92,Tamil Nadu,0.939,3
40,SUPPLIER,2026-05-01,29281.43,29749.25,2026-05-08,2026-05-07,-1,1.76,220249.78,46229.78,99779.2,16.73,Kerala,0.979,-1
38,SUPPLIER,2026-05-15,25419.98,25353.16,2026-05-22,2026-05-20,-2,3.61,237657.99,109196.88,44350.67,4.29,Maharashtra,0.923,-2
1,SUPPLIER,2026-06-17,25837.25,26113.96,2026-06-24,2026-06-23,-1,1.15,114473.35,22087.61,49648.72,17.94,Andhra Pradesh,0.767,-1
25,SUPPLIER,2026-02-24,52425.8,53706.56,2026-03-03,2026-03-03,0,7.76,236405.4,305539.37,227125.07,10.83,Andhra Pradesh,0.699,0
19,BUYER,2026-01-28,37207.75,36820.17,2026-02-27,2026-02-28,1,1.96,401536.48,284639.56,147902.38,19.45,Andhra Pradesh,0.444,1
31,SUPPLIER,2026-03-22,15030.42,14959.55,2026-03-29,2026-03-27,-2,0.0,84550.37,71104.8,27120.27,2.23,Delhi,0.379,-2
9,SUPPLIER,2026-06-22,18982.13,18488.57,2026-06-29,2026-07-02,3,2.8,103945.61,47180.28,70572.09,17.08,Delhi,0.898,3
